2026-08-27 11:18:01,264 [Worker-3: Loading available Gradle versions] INFO  o.e.b.c.i.u.g.PublishedGradleVersions - Gradle version information cache is out-of-date. Trying to update.
2026-08-27 11:27:34,063 [Worker-7: Loading available Gradle versions] INFO  o.e.b.c.i.u.g.PublishedGradleVersions - Gradle version information cache is up-to-date. Trying to read.
2026-08-27 11:29:51,361 [Worker-16: Updating Maven Dependencies] INFO  o.e.m.c.i.e.AbstractTransferListenerAdapter - Downloading https://repo.maven.apache.org/maven2/org/apache/maven/plugins/maven-clean-plugin/2.5/maven-clean-plugin-2.5.jar
2026-08-27 11:29:51,419 [Worker-16: Updating Maven Dependencies] INFO  o.e.m.c.i.e.AbstractTransferListenerAdapter - Downloaded https://repo.maven.apache.org/maven2/org/apache/maven/plugins/maven-clean-plugin/2.5/maven-clean-plugin-2.5.jar
2026-08-27 11:29:51,759 [Worker-16: Updating Maven Dependencies] INFO  o.e.m.c.i.e.AbstractTransferListenerAdapter - Downloading https://repo.maven.apache.org/maven2/org/apache/maven/plugins/maven-resources-plugin/2.6/maven-resources-plugin-2.6.jar
2026-08-27 11:29:51,781 [Worker-16: Updating Maven Dependencies] INFO  o.e.m.c.i.e.AbstractTransferListenerAdapter - Downloaded https://repo.maven.apache.org/maven2/org/apache/maven/plugins/maven-resources-plugin/2.6/maven-resources-plugin-2.6.jar
2026-08-27 11:29:51,936 [Worker-16: Updating Maven Dependencies] INFO  o.e.m.c.i.e.AbstractTransferListenerAdapter - Downloading https://repo.maven.apache.org/maven2/org/apache/maven/plugins/maven-compiler-plugin/2.5.1/maven-compiler-plugin-2.5.1.jar
2026-08-27 11:29:51,955 [Worker-16: Updating Maven Dependencies] INFO  o.e.m.c.i.e.AbstractTransferListenerAdapter - Downloaded https://repo.maven.apache.org/maven2/org/apache/maven/plugins/maven-compiler-plugin/2.5.1/maven-compiler-plugin-2.5.1.jar
2026-08-27 11:29:52,107 [Worker-16: Updating Maven Dependencies] INFO  o.e.m.c.i.e.AbstractTransferListenerAdapter - Downloading https://repo.maven.apache.org/maven2/org/apache/maven/plugins/maven-surefire-plugin/2.12.4/maven-surefire-plugin-2.12.4.jar
2026-08-27 11:29:52,132 [Worker-16: Updating Maven Dependencies] INFO  o.e.m.c.i.e.AbstractTransferListenerAdapter - Downloaded https://repo.maven.apache.org/maven2/org/apache/maven/plugins/maven-surefire-plugin/2.12.4/maven-surefire-plugin-2.12.4.jar
2026-08-27 11:29:52,287 [Worker-16: Updating Maven Dependencies] INFO  o.e.m.c.i.e.AbstractTransferListenerAdapter - Downloading https://repo.maven.apache.org/maven2/org/apache/maven/plugins/maven-war-plugin/2.2/maven-war-plugin-2.2.jar
2026-08-27 11:29:52,310 [Worker-16: Updating Maven Dependencies] INFO  o.e.m.c.i.e.AbstractTransferListenerAdapter - Downloaded https://repo.maven.apache.org/maven2/org/apache/maven/plugins/maven-war-plugin/2.2/maven-war-plugin-2.2.jar
2026-08-27 11:29:52,431 [Worker-16: Updating Maven Dependencies] INFO  o.e.m.c.i.e.AbstractTransferListenerAdapter - Downloading https://repo.maven.apache.org/maven2/org/apache/maven/plugins/maven-install-plugin/2.4/maven-install-plugin-2.4.jar
2026-08-27 11:29:52,452 [Worker-16: Updating Maven Dependencies] INFO  o.e.m.c.i.e.AbstractTransferListenerAdapter - Downloaded https://repo.maven.apache.org/maven2/org/apache/maven/plugins/maven-install-plugin/2.4/maven-install-plugin-2.4.jar
2026-08-27 11:29:52,576 [Worker-16: Updating Maven Dependencies] INFO  o.e.m.c.i.e.AbstractTransferListenerAdapter - Downloading https://repo.maven.apache.org/maven2/org/apache/maven/plugins/maven-deploy-plugin/2.7/maven-deploy-plugin-2.7.jar
2026-08-27 11:29:52,597 [Worker-16: Updating Maven Dependencies] INFO  o.e.m.c.i.e.AbstractTransferListenerAdapter - Downloaded https://repo.maven.apache.org/maven2/org/apache/maven/plugins/maven-deploy-plugin/2.7/maven-deploy-plugin-2.7.jar
2026-08-27 11:29:52,739 [Worker-16: Updating Maven Dependencies] INFO  o.e.m.c.i.e.AbstractTransferListenerAdapter - Downloading https://repo.maven.apache.org/maven2/org/apache/maven/plugins/maven-site-plugin/3.3/maven-site-plugin-3.3.jar
2026-08-27 11:29:52,775 [Worker-16: Updating Maven Dependencies] INFO  o.e.m.c.i.e.AbstractTransferListenerAdapter - Downloaded https://repo.maven.apache.org/maven2/org/apache/maven/plugins/maven-site-plugin/3.3/maven-site-plugin-3.3.jar
2026-08-27 11:29:53,037 [Worker-16: Updating Maven Dependencies] WARN  o.e.a.i.i.DefaultRepositoryEventDispatcher - Failed to dispatch repository event to org.eclipse.m2e.core.internal.embedder.EclipseRepositoryListener: null
2026-08-27 11:29:53,092 [Worker-16: Updating Maven Dependencies] INFO  o.e.m.c.i.e.AbstractTransferListenerAdapter - Downloaded https://repo.maven.apache.org/maven2/org/apache/maven/plugins/maven-compiler-plugin/2.5.1/maven-compiler-plugin-2.5.1.pom
2026-08-27 11:29:53,141 [Worker-16: Updating Maven Dependencies] INFO  o.e.m.c.i.e.AbstractTransferListenerAdapter - Downloaded https://repo.maven.apache.org/maven2/org/apache/maven/plugins/maven-plugins/22/maven-plugins-22.pom
2026-08-27 11:29:53,188 [Worker-16: Updating Maven Dependencies] INFO  o.e.m.c.i.e.AbstractTransferListenerAdapter - Downloaded https://repo.maven.apache.org/maven2/org/apache/maven/maven-parent/21/maven-parent-21.pom
2026-08-27 11:29:53,235 [Worker-16: Updating Maven Dependencies] INFO  o.e.m.c.i.e.AbstractTransferListenerAdapter - Downloaded https://repo.maven.apache.org/maven2/org/apache/apache/10/apache-10.pom
2026-08-27 11:29:53,364 [Worker-15: Building workspace] INFO  o.e.m.c.i.e.AbstractTransferListenerAdapter - Downloaded https://repo.maven.apache.org/maven2/org/apache/maven/maven-plugin-api/2.0.9/maven-plugin-api-2.0.9.pom
2026-08-27 11:29:53,427 [Worker-15: Building workspace] INFO  o.e.m.c.i.e.AbstractTransferListenerAdapter - Downloaded https://repo.maven.apache.org/maven2/org/apache/maven/maven/2.0.9/maven-2.0.9.pom
2026-08-27 11:29:53,473 [Worker-15: Building workspace] INFO  o.e.m.c.i.e.AbstractTransferListenerAdapter - Downloaded https://repo.maven.apache.org/maven2/org/apache/maven/maven-parent/8/maven-parent-8.pom
2026-08-27 11:29:53,516 [Worker-15: Building workspace] INFO  o.e.m.c.i.e.AbstractTransferListenerAdapter - Downloaded https://repo.maven.apache.org/maven2/org/apache/apache/4/apache-4.pom
2026-08-27 11:29:53,569 [Worker-15: Building workspace] INFO  o.e.m.c.i.e.AbstractTransferListenerAdapter - Downloaded https://repo.maven.apache.org/maven2/org/apache/maven/maven-artifact/2.0.9/maven-artifact-2.0.9.pom
2026-08-27 11:29:53,614 [Worker-15: Building workspace] INFO  o.e.m.c.i.e.AbstractTransferListenerAdapter - Downloaded https://repo.maven.apache.org/maven2/org/codehaus/plexus/plexus-utils/1.5.1/plexus-utils-1.5.1.pom
2026-08-27 11:29:53,657 [Worker-15: Building workspace] INFO  o.e.m.c.i.e.AbstractTransferListenerAdapter - Downloaded https://repo.maven.apache.org/maven2/org/codehaus/plexus/plexus/1.0.11/plexus-1.0.11.pom
2026-08-27 11:29:53,708 [Worker-15: Building workspace] INFO  o.e.m.c.i.e.AbstractTransferListenerAdapter - Downloaded https://repo.maven.apache.org/maven2/org/apache/maven/maven-core/2.0.9/maven-core-2.0.9.pom
2026-08-27 11:29:53,770 [Worker-15: Building workspace] INFO  o.e.m.c.i.e.AbstractTransferListenerAdapter - Downloaded https://repo.maven.apache.org/maven2/org/apache/maven/maven-settings/2.0.9/maven-settings-2.0.9.pom
2026-08-27 11:29:53,828 [Worker-15: Building workspace] INFO  o.e.m.c.i.e.AbstractTransferListenerAdapter - Downloaded https://repo.maven.apache.org/maven2/org/apache/maven/maven-model/2.0.9/maven-model-2.0.9.pom
2026-08-27 11:29:53,882 [Worker-15: Building workspace] INFO  o.e.m.c.i.e.AbstractTransferListenerAdapter - Downloaded https://repo.maven.apache.org/maven2/org/apache/maven/maven-plugin-parameter-documenter/2.0.9/maven-plugin-parameter-documenter-2.0.9.pom
2026-08-27 11:29:53,927 [Worker-15: Building workspace] INFO  o.e.m.c.i.e.AbstractTransferListenerAdapter - Downloaded https://repo.maven.apache.org/maven2/org/apache/maven/maven-profile/2.0.9/maven-profile-2.0.9.pom
2026-08-27 11:29:53,970 [Worker-15: Building workspace] INFO  o.e.m.c.i.e.AbstractTransferListenerAdapter - Downloaded https://repo.maven.apache.org/maven2/org/apache/maven/maven-repository-metadata/2.0.9/maven-repository-metadata-2.0.9.pom
2026-08-27 11:29:54,017 [Worker-15: Building workspace] INFO  o.e.m.c.i.e.AbstractTransferListenerAdapter - Downloaded https://repo.maven.apache.org/maven2/org/apache/maven/maven-error-diagnostics/2.0.9/maven-error-diagnostics-2.0.9.pom
2026-08-27 11:29:54,081 [Worker-15: Building workspace] INFO  o.e.m.c.i.e.AbstractTransferListenerAdapter - Downloaded https://repo.maven.apache.org/maven2/org/apache/maven/maven-project/2.0.9/maven-project-2.0.9.pom
2026-08-27 11:29:54,123 [Worker-15: Building workspace] INFO  o.e.m.c.i.e.AbstractTransferListenerAdapter - Downloaded https://repo.maven.apache.org/maven2/org/apache/maven/maven-artifact-manager/2.0.9/maven-artifact-manager-2.0.9.pom
2026-08-27 11:29:54,163 [Worker-15: Building workspace] INFO  o.e.m.c.i.e.AbstractTransferListenerAdapter - Downloaded https://repo.maven.apache.org/maven2/org/apache/maven/maven-plugin-registry/2.0.9/maven-plugin-registry-2.0.9.pom
2026-08-27 11:29:54,215 [Worker-15: Building workspace] INFO  o.e.m.c.i.e.AbstractTransferListenerAdapter - Downloaded https://repo.maven.apache.org/maven2/org/apache/maven/maven-plugin-descriptor/2.0.9/maven-plugin-descriptor-2.0.9.pom
2026-08-27 11:29:54,260 [Worker-15: Building workspace] INFO  o.e.m.c.i.e.AbstractTransferListenerAdapter - Downloaded https://repo.maven.apache.org/maven2/org/apache/maven/maven-monitor/2.0.9/maven-monitor-2.0.9.pom
2026-08-27 11:29:54,330 [Worker-15: Building workspace] INFO  o.e.m.c.i.e.AbstractTransferListenerAdapter - Downloaded https://repo.maven.apache.org/maven2/org/apache/maven/maven-toolchain/1.0/maven-toolchain-1.0.pom
2026-08-27 11:29:54,408 [Worker-15: Building workspace] INFO  o.e.m.c.i.e.AbstractTransferListenerAdapter - Downloaded https://repo.maven.apache.org/maven2/org/apache/maven/maven/2.0.6/maven-2.0.6.pom
2026-08-27 11:29:54,447 [Worker-15: Building workspace] INFO  o.e.m.c.i.e.AbstractTransferListenerAdapter - Downloaded https://repo.maven.apache.org/maven2/org/apache/maven/maven-parent/5/maven-parent-5.pom
2026-08-27 11:29:54,505 [Worker-15: Building workspace] INFO  o.e.m.c.i.e.AbstractTransferListenerAdapter - Downloaded https://repo.maven.apache.org/maven2/org/apache/apache/3/apache-3.pom
2026-08-27 11:29:54,550 [Worker-15: Building workspace] INFO  o.e.m.c.i.e.AbstractTransferListenerAdapter - Downloaded https://repo.maven.apache.org/maven2/org/apache/maven/maven-core/2.0.6/maven-core-2.0.6.pom
2026-08-27 11:29:54,622 [Worker-15: Building workspace] INFO  o.e.m.c.i.e.AbstractTransferListenerAdapter - Downloaded https://repo.maven.apache.org/maven2/org/apache/maven/maven-settings/2.0.6/maven-settings-2.0.6.pom
2026-08-27 11:29:54,664 [Worker-15: Building workspace] INFO  o.e.m.c.i.e.AbstractTransferListenerAdapter - Downloaded https://repo.maven.apache.org/maven2/org/apache/maven/maven-model/2.0.6/maven-model-2.0.6.pom
2026-08-27 11:29:54,733 [Worker-15: Building workspace] INFO  o.e.m.c.i.e.AbstractTransferListenerAdapter - Downloaded https://repo.maven.apache.org/maven2/org/codehaus/plexus/plexus-utils/1.4.1/plexus-utils-1.4.1.pom
2026-08-27 11:29:54,776 [Worker-15: Building workspace] INFO  o.e.m.c.i.e.AbstractTransferListenerAdapter - Downloaded https://repo.maven.apache.org/maven2/org/codehaus/plexus/plexus-container-default/1.0-alpha-9-stable-1/plexus-container-default-1.0-alpha-9-stable-1.pom
2026-08-27 11:29:54,818 [Worker-15: Building workspace] INFO  o.e.m.c.i.e.AbstractTransferListenerAdapter - Downloaded https://repo.maven.apache.org/maven2/org/codehaus/plexus/plexus-containers/1.0.3/plexus-containers-1.0.3.pom
2026-08-27 11:29:54,856 [Worker-15: Building workspace] INFO  o.e.m.c.i.e.AbstractTransferListenerAdapter - Downloaded https://repo.maven.apache.org/maven2/org/codehaus/plexus/plexus/1.0.4/plexus-1.0.4.pom
2026-08-27 11:29:54,917 [Worker-15: Building workspace] INFO  o.e.m.c.i.e.AbstractTransferListenerAdapter - Downloaded https://repo.maven.apache.org/maven2/junit/junit/3.8.1/junit-3.8.1.pom
2026-08-27 11:29:54,953 [Worker-15: Building workspace] INFO  o.e.m.c.i.e.AbstractTransferListenerAdapter - Downloaded https://repo.maven.apache.org/maven2/org/codehaus/plexus/plexus-utils/1.0.4/plexus-utils-1.0.4.pom
2026-08-27 11:29:55,016 [Worker-15: Building workspace] INFO  o.e.m.c.i.e.AbstractTransferListenerAdapter - Downloaded https://repo.maven.apache.org/maven2/classworlds/classworlds/1.1-alpha-2/classworlds-1.1-alpha-2.pom
2026-08-27 11:29:55,059 [Worker-15: Building workspace] INFO  o.e.m.c.i.e.AbstractTransferListenerAdapter - Downloaded https://repo.maven.apache.org/maven2/org/apache/maven/maven-plugin-parameter-documenter/2.0.6/maven-plugin-parameter-documenter-2.0.6.pom
2026-08-27 11:29:55,097 [Worker-15: Building workspace] INFO  o.e.m.c.i.e.AbstractTransferListenerAdapter - Downloaded https://repo.maven.apache.org/maven2/org/apache/maven/reporting/maven-reporting-api/2.0.6/maven-reporting-api-2.0.6.pom
2026-08-27 11:29:55,159 [Worker-15: Building workspace] INFO  o.e.m.c.i.e.AbstractTransferListenerAdapter - Downloaded https://repo.maven.apache.org/maven2/org/apache/maven/reporting/maven-reporting/2.0.6/maven-reporting-2.0.6.pom
2026-08-27 11:29:55,203 [Worker-15: Building workspace] INFO  o.e.m.c.i.e.AbstractTransferListenerAdapter - Downloaded https://repo.maven.apache.org/maven2/org/apache/maven/doxia/doxia-sink-api/1.0-alpha-7/doxia-sink-api-1.0-alpha-7.pom
2026-08-27 11:29:55,238 [Worker-15: Building workspace] INFO  o.e.m.c.i.e.AbstractTransferListenerAdapter - Downloaded https://repo.maven.apache.org/maven2/org/apache/maven/doxia/doxia/1.0-alpha-7/doxia-1.0-alpha-7.pom
2026-08-27 11:29:55,289 [Worker-15: Building workspace] INFO  o.e.m.c.i.e.AbstractTransferListenerAdapter - Downloaded https://repo.maven.apache.org/maven2/org/apache/maven/maven-profile/2.0.6/maven-profile-2.0.6.pom
2026-08-27 11:29:55,339 [Worker-15: Building workspace] INFO  o.e.m.c.i.e.AbstractTransferListenerAdapter - Downloaded https://repo.maven.apache.org/maven2/org/apache/maven/maven-artifact/2.0.6/maven-artifact-2.0.6.pom
2026-08-27 11:29:55,377 [Worker-15: Building workspace] INFO  o.e.m.c.i.e.AbstractTransferListenerAdapter - Downloaded https://repo.maven.apache.org/maven2/org/apache/maven/maven-repository-metadata/2.0.6/maven-repository-metadata-2.0.6.pom
2026-08-27 11:29:55,415 [Worker-15: Building workspace] INFO  o.e.m.c.i.e.AbstractTransferListenerAdapter - Downloaded https://repo.maven.apache.org/maven2/org/apache/maven/maven-error-diagnostics/2.0.6/maven-error-diagnostics-2.0.6.pom
2026-08-27 11:29:55,463 [Worker-15: Building workspace] INFO  o.e.m.c.i.e.AbstractTransferListenerAdapter - Downloaded https://repo.maven.apache.org/maven2/org/apache/maven/maven-project/2.0.6/maven-project-2.0.6.pom
2026-08-27 11:29:55,509 [Worker-15: Building workspace] INFO  o.e.m.c.i.e.AbstractTransferListenerAdapter - Downloaded https://repo.maven.apache.org/maven2/org/apache/maven/maven-artifact-manager/2.0.6/maven-artifact-manager-2.0.6.pom
2026-08-27 11:29:55,547 [Worker-15: Building workspace] INFO  o.e.m.c.i.e.AbstractTransferListenerAdapter - Downloaded https://repo.maven.apache.org/maven2/org/apache/maven/maven-plugin-registry/2.0.6/maven-plugin-registry-2.0.6.pom
2026-08-27 11:29:55,593 [Worker-15: Building workspace] INFO  o.e.m.c.i.e.AbstractTransferListenerAdapter - Downloaded https://repo.maven.apache.org/maven2/commons-cli/commons-cli/1.0/commons-cli-1.0.pom
2026-08-27 11:29:55,620 [Worker-15: Building workspace] INFO  o.e.m.c.i.e.AbstractTransferListenerAdapter - Downloaded https://repo.maven.apache.org/maven2/org/apache/maven/maven-plugin-api/2.0.6/maven-plugin-api-2.0.6.pom
2026-08-27 11:29:55,667 [Worker-15: Building workspace] INFO  o.e.m.c.i.e.AbstractTransferListenerAdapter - Downloaded https://repo.maven.apache.org/maven2/org/apache/maven/maven-plugin-descriptor/2.0.6/maven-plugin-descriptor-2.0.6.pom
2026-08-27 11:29:55,699 [Worker-15: Building workspace] INFO  o.e.m.c.i.e.AbstractTransferListenerAdapter - Downloaded https://repo.maven.apache.org/maven2/org/codehaus/plexus/plexus-interactivity-api/1.0-alpha-4/plexus-interactivity-api-1.0-alpha-4.pom
2026-08-27 11:29:55,754 [Worker-15: Building workspace] INFO  o.e.m.c.i.e.AbstractTransferListenerAdapter - Downloaded https://repo.maven.apache.org/maven2/org/apache/maven/maven-monitor/2.0.6/maven-monitor-2.0.6.pom
2026-08-27 11:29:55,794 [Worker-15: Building workspace] INFO  o.e.m.c.i.e.AbstractTransferListenerAdapter - Downloaded https://repo.maven.apache.org/maven2/classworlds/classworlds/1.1/classworlds-1.1.pom
2026-08-27 11:29:55,826 [Worker-15: Building workspace] INFO  o.e.m.c.i.e.AbstractTransferListenerAdapter - Downloaded https://repo.maven.apache.org/maven2/org/codehaus/plexus/plexus-utils/3.0/plexus-utils-3.0.pom
2026-08-27 11:29:55,876 [Worker-15: Building workspace] INFO  o.e.m.c.i.e.AbstractTransferListenerAdapter - Downloaded https://repo.maven.apache.org/maven2/org/sonatype/spice/spice-parent/16/spice-parent-16.pom
2026-08-27 11:29:55,905 [Worker-15: Building workspace] INFO  o.e.m.c.i.e.AbstractTransferListenerAdapter - Downloaded https://repo.maven.apache.org/maven2/org/sonatype/forge/forge-parent/5/forge-parent-5.pom
2026-08-27 11:29:55,960 [Worker-15: Building workspace] INFO  o.e.m.c.i.e.AbstractTransferListenerAdapter - Downloaded https://repo.maven.apache.org/maven2/org/codehaus/plexus/plexus-compiler-api/1.9.1/plexus-compiler-api-1.9.1.pom
2026-08-27 11:29:56,000 [Worker-15: Building workspace] INFO  o.e.m.c.i.e.AbstractTransferListenerAdapter - Downloaded https://repo.maven.apache.org/maven2/org/codehaus/plexus/plexus-compiler/1.9.1/plexus-compiler-1.9.1.pom
2026-08-27 11:29:56,032 [Worker-15: Building workspace] INFO  o.e.m.c.i.e.AbstractTransferListenerAdapter - Downloaded https://repo.maven.apache.org/maven2/org/codehaus/plexus/plexus-components/1.1.20/plexus-components-1.1.20.pom
2026-08-27 11:29:56,082 [Worker-15: Building workspace] INFO  o.e.m.c.i.e.AbstractTransferListenerAdapter - Downloaded https://repo.maven.apache.org/maven2/org/codehaus/plexus/plexus/3.1/plexus-3.1.pom
2026-08-27 11:29:56,127 [Worker-15: Building workspace] INFO  o.e.m.c.i.e.AbstractTransferListenerAdapter - Downloaded https://repo.maven.apache.org/maven2/org/sonatype/spice/spice-parent/17/spice-parent-17.pom
2026-08-27 11:29:56,160 [Worker-15: Building workspace] INFO  o.e.m.c.i.e.AbstractTransferListenerAdapter - Downloaded https://repo.maven.apache.org/maven2/org/sonatype/forge/forge-parent/10/forge-parent-10.pom
2026-08-27 11:29:56,223 [Worker-15: Building workspace] INFO  o.e.m.c.i.e.AbstractTransferListenerAdapter - Downloaded https://repo.maven.apache.org/maven2/org/codehaus/plexus/plexus-compiler-manager/1.9.1/plexus-compiler-manager-1.9.1.pom
2026-08-27 11:29:56,270 [Worker-15: Building workspace] INFO  o.e.m.c.i.e.AbstractTransferListenerAdapter - Downloaded https://repo.maven.apache.org/maven2/org/codehaus/plexus/plexus-compiler-javac/1.9.1/plexus-compiler-javac-1.9.1.pom
2026-08-27 11:29:56,320 [Worker-15: Building workspace] INFO  o.e.m.c.i.e.AbstractTransferListenerAdapter - Downloaded https://repo.maven.apache.org/maven2/org/codehaus/plexus/plexus-compilers/1.9.1/plexus-compilers-1.9.1.pom
2026-08-27 11:29:56,366 [Worker-15: Building workspace] INFO  o.e.m.c.i.e.AbstractTransferListenerAdapter - Downloading https://repo.maven.apache.org/maven2/org/apache/maven/maven-plugin-api/2.0.9/maven-plugin-api-2.0.9.jar
2026-08-27 11:29:56,398 [Worker-15: Building workspace] INFO  o.e.m.c.i.e.AbstractTransferListenerAdapter - Downloaded https://repo.maven.apache.org/maven2/org/apache/maven/maven-plugin-api/2.0.9/maven-plugin-api-2.0.9.jar
2026-08-27 11:29:56,414 [Worker-15: Building workspace] INFO  o.e.m.c.i.e.AbstractTransferListenerAdapter - Downloading https://repo.maven.apache.org/maven2/org/apache/maven/maven-artifact/2.0.9/maven-artifact-2.0.9.jar
2026-08-27 11:29:56,430 [Worker-15: Building workspace] INFO  o.e.m.c.i.e.AbstractTransferListenerAdapter - Downloaded https://repo.maven.apache.org/maven2/org/apache/maven/maven-artifact/2.0.9/maven-artifact-2.0.9.jar
2026-08-27 11:29:56,449 [Worker-15: Building workspace] INFO  o.e.m.c.i.e.AbstractTransferListenerAdapter - Downloading https://repo.maven.apache.org/maven2/org/apache/maven/maven-core/2.0.9/maven-core-2.0.9.jar
2026-08-27 11:29:56,487 [Worker-15: Building workspace] INFO  o.e.m.c.i.e.AbstractTransferListenerAdapter - Downloaded https://repo.maven.apache.org/maven2/org/apache/maven/maven-core/2.0.9/maven-core-2.0.9.jar
2026-08-27 11:29:56,493 [Worker-15: Building workspace] INFO  o.e.m.c.i.e.AbstractTransferListenerAdapter - Downloading https://repo.maven.apache.org/maven2/org/apache/maven/maven-settings/2.0.9/maven-settings-2.0.9.jar
2026-08-27 11:29:56,525 [Worker-15: Building workspace] INFO  o.e.m.c.i.e.AbstractTransferListenerAdapter - Downloaded https://repo.maven.apache.org/maven2/org/apache/maven/maven-settings/2.0.9/maven-settings-2.0.9.jar
2026-08-27 11:29:56,545 [Worker-15: Building workspace] INFO  o.e.m.c.i.e.AbstractTransferListenerAdapter - Downloading https://repo.maven.apache.org/maven2/org/apache/maven/maven-plugin-parameter-documenter/2.0.9/maven-plugin-parameter-documenter-2.0.9.jar
2026-08-27 11:29:56,575 [Worker-15: Building workspace] INFO  o.e.m.c.i.e.AbstractTransferListenerAdapter - Downloaded https://repo.maven.apache.org/maven2/org/apache/maven/maven-plugin-parameter-documenter/2.0.9/maven-plugin-parameter-documenter-2.0.9.jar
2026-08-27 11:29:56,589 [Worker-15: Building workspace] INFO  o.e.m.c.i.e.AbstractTransferListenerAdapter - Downloading https://repo.maven.apache.org/maven2/org/apache/maven/maven-profile/2.0.9/maven-profile-2.0.9.jar
2026-08-27 11:29:56,604 [Worker-15: Building workspace] INFO  o.e.m.c.i.e.AbstractTransferListenerAdapter - Downloaded https://repo.maven.apache.org/maven2/org/apache/maven/maven-profile/2.0.9/maven-profile-2.0.9.jar
2026-08-27 11:29:56,620 [Worker-15: Building workspace] INFO  o.e.m.c.i.e.AbstractTransferListenerAdapter - Downloading https://repo.maven.apache.org/maven2/org/apache/maven/maven-model/2.0.9/maven-model-2.0.9.jar
2026-08-27 11:29:56,636 [Worker-15: Building workspace] INFO  o.e.m.c.i.e.AbstractTransferListenerAdapter - Downloaded https://repo.maven.apache.org/maven2/org/apache/maven/maven-model/2.0.9/maven-model-2.0.9.jar
2026-08-27 11:29:56,670 [Worker-15: Building workspace] INFO  o.e.m.c.i.e.AbstractTransferListenerAdapter - Downloading https://repo.maven.apache.org/maven2/org/apache/maven/maven-repository-metadata/2.0.9/maven-repository-metadata-2.0.9.jar
2026-08-27 11:29:56,684 [Worker-15: Building workspace] INFO  o.e.m.c.i.e.AbstractTransferListenerAdapter - Downloaded https://repo.maven.apache.org/maven2/org/apache/maven/maven-repository-metadata/2.0.9/maven-repository-metadata-2.0.9.jar
2026-08-27 11:29:56,701 [Worker-15: Building workspace] INFO  o.e.m.c.i.e.AbstractTransferListenerAdapter - Downloading https://repo.maven.apache.org/maven2/org/apache/maven/maven-error-diagnostics/2.0.9/maven-error-diagnostics-2.0.9.jar
2026-08-27 11:29:56,717 [Worker-15: Building workspace] INFO  o.e.m.c.i.e.AbstractTransferListenerAdapter - Downloaded https://repo.maven.apache.org/maven2/org/apache/maven/maven-error-diagnostics/2.0.9/maven-error-diagnostics-2.0.9.jar
2026-08-27 11:29:56,733 [Worker-15: Building workspace] INFO  o.e.m.c.i.e.AbstractTransferListenerAdapter - Downloading https://repo.maven.apache.org/maven2/org/apache/maven/maven-project/2.0.9/maven-project-2.0.9.jar
2026-08-27 11:29:56,765 [Worker-15: Building workspace] INFO  o.e.m.c.i.e.AbstractTransferListenerAdapter - Downloaded https://repo.maven.apache.org/maven2/org/apache/maven/maven-project/2.0.9/maven-project-2.0.9.jar
2026-08-27 11:29:56,784 [Worker-15: Building workspace] INFO  o.e.m.c.i.e.AbstractTransferListenerAdapter - Downloading https://repo.maven.apache.org/maven2/org/apache/maven/maven-plugin-registry/2.0.9/maven-plugin-registry-2.0.9.jar
2026-08-27 11:29:56,812 [Worker-15: Building workspace] INFO  o.e.m.c.i.e.AbstractTransferListenerAdapter - Downloaded https://repo.maven.apache.org/maven2/org/apache/maven/maven-plugin-registry/2.0.9/maven-plugin-registry-2.0.9.jar
2026-08-27 11:29:56,828 [Worker-15: Building workspace] INFO  o.e.m.c.i.e.AbstractTransferListenerAdapter - Downloading https://repo.maven.apache.org/maven2/org/apache/maven/maven-plugin-descriptor/2.0.9/maven-plugin-descriptor-2.0.9.jar
2026-08-27 11:29:56,846 [Worker-15: Building workspace] INFO  o.e.m.c.i.e.AbstractTransferListenerAdapter - Downloaded https://repo.maven.apache.org/maven2/org/apache/maven/maven-plugin-descriptor/2.0.9/maven-plugin-descriptor-2.0.9.jar
2026-08-27 11:29:56,862 [Worker-15: Building workspace] INFO  o.e.m.c.i.e.AbstractTransferListenerAdapter - Downloading https://repo.maven.apache.org/maven2/org/apache/maven/maven-artifact-manager/2.0.9/maven-artifact-manager-2.0.9.jar
2026-08-27 11:29:56,876 [Worker-15: Building workspace] INFO  o.e.m.c.i.e.AbstractTransferListenerAdapter - Downloaded https://repo.maven.apache.org/maven2/org/apache/maven/maven-artifact-manager/2.0.9/maven-artifact-manager-2.0.9.jar
2026-08-27 11:29:56,905 [Worker-15: Building workspace] INFO  o.e.m.c.i.e.AbstractTransferListenerAdapter - Downloading https://repo.maven.apache.org/maven2/org/apache/maven/maven-monitor/2.0.9/maven-monitor-2.0.9.jar
2026-08-27 11:29:56,927 [Worker-15: Building workspace] INFO  o.e.m.c.i.e.AbstractTransferListenerAdapter - Downloaded https://repo.maven.apache.org/maven2/org/apache/maven/maven-monitor/2.0.9/maven-monitor-2.0.9.jar
2026-08-27 11:29:56,941 [Worker-15: Building workspace] INFO  o.e.m.c.i.e.AbstractTransferListenerAdapter - Downloading https://repo.maven.apache.org/maven2/org/apache/maven/maven-toolchain/1.0/maven-toolchain-1.0.jar
2026-08-27 11:29:56,962 [Worker-15: Building workspace] INFO  o.e.m.c.i.e.AbstractTransferListenerAdapter - Downloaded https://repo.maven.apache.org/maven2/org/apache/maven/maven-toolchain/1.0/maven-toolchain-1.0.jar
2026-08-27 11:29:56,972 [Worker-15: Building workspace] INFO  o.e.m.c.i.e.AbstractTransferListenerAdapter - Downloading https://repo.maven.apache.org/maven2/org/codehaus/plexus/plexus-utils/3.0/plexus-utils-3.0.jar
2026-08-27 11:29:57,003 [Worker-15: Building workspace] INFO  o.e.m.c.i.e.AbstractTransferListenerAdapter - Downloaded https://repo.maven.apache.org/maven2/org/codehaus/plexus/plexus-utils/3.0/plexus-utils-3.0.jar
2026-08-27 11:29:57,019 [Worker-15: Building workspace] INFO  o.e.m.c.i.e.AbstractTransferListenerAdapter - Downloading https://repo.maven.apache.org/maven2/org/codehaus/plexus/plexus-compiler-api/1.9.1/plexus-compiler-api-1.9.1.jar
2026-08-27 11:29:57,051 [Worker-15: Building workspace] INFO  o.e.m.c.i.e.AbstractTransferListenerAdapter - Downloaded https://repo.maven.apache.org/maven2/org/codehaus/plexus/plexus-compiler-api/1.9.1/plexus-compiler-api-1.9.1.jar
2026-08-27 11:29:57,072 [Worker-15: Building workspace] INFO  o.e.m.c.i.e.AbstractTransferListenerAdapter - Downloading https://repo.maven.apache.org/maven2/org/codehaus/plexus/plexus-compiler-manager/1.9.1/plexus-compiler-manager-1.9.1.jar
2026-08-27 11:29:57,083 [Worker-15: Building workspace] INFO  o.e.m.c.i.e.AbstractTransferListenerAdapter - Downloaded https://repo.maven.apache.org/maven2/org/codehaus/plexus/plexus-compiler-manager/1.9.1/plexus-compiler-manager-1.9.1.jar
2026-08-27 11:29:57,098 [Worker-15: Building workspace] INFO  o.e.m.c.i.e.AbstractTransferListenerAdapter - Downloading https://repo.maven.apache.org/maven2/org/codehaus/plexus/plexus-compiler-javac/1.9.1/plexus-compiler-javac-1.9.1.jar
2026-08-27 11:29:57,130 [Worker-15: Building workspace] INFO  o.e.m.c.i.e.AbstractTransferListenerAdapter - Downloaded https://repo.maven.apache.org/maven2/org/codehaus/plexus/plexus-compiler-javac/1.9.1/plexus-compiler-javac-1.9.1.jar
2026-08-27 11:29:57,130 [Worker-15: Building workspace] INFO  o.e.m.c.i.e.AbstractTransferListenerAdapter - Downloading https://repo.maven.apache.org/maven2/org/codehaus/plexus/plexus-container-default/1.0-alpha-9-stable-1/plexus-container-default-1.0-alpha-9-stable-1.jar
2026-08-27 11:29:57,184 [Worker-15: Building workspace] INFO  o.e.m.c.i.e.AbstractTransferListenerAdapter - Downloaded https://repo.maven.apache.org/maven2/org/codehaus/plexus/plexus-container-default/1.0-alpha-9-stable-1/plexus-container-default-1.0-alpha-9-stable-1.jar
2026-08-27 11:29:57,194 [Worker-15: Building workspace] INFO  o.e.m.c.i.e.AbstractTransferListenerAdapter - Downloading https://repo.maven.apache.org/maven2/junit/junit/3.8.1/junit-3.8.1.jar
2026-08-27 11:29:57,225 [Worker-15: Building workspace] INFO  o.e.m.c.i.e.AbstractTransferListenerAdapter - Downloaded https://repo.maven.apache.org/maven2/junit/junit/3.8.1/junit-3.8.1.jar
2026-08-27 11:29:57,241 [Worker-15: Building workspace] INFO  o.e.m.c.i.e.AbstractTransferListenerAdapter - Downloading https://repo.maven.apache.org/maven2/classworlds/classworlds/1.1-alpha-2/classworlds-1.1-alpha-2.jar
2026-08-27 11:29:57,261 [Worker-15: Building workspace] INFO  o.e.m.c.i.e.AbstractTransferListenerAdapter - Downloaded https://repo.maven.apache.org/maven2/classworlds/classworlds/1.1-alpha-2/classworlds-1.1-alpha-2.jar
2026-08-27 11:29:59,651 [Worker-16: Updating Maven Dependencies] INFO  o.e.m.c.i.l.LifecycleMappingFactory - Using org.maven.ide.eclipse.wtp.WarLifecycleMapping lifecycle mapping for MavenProject: org.joonzis:controller:1.0.0-BUILD-SNAPSHOT @ C:\dev\workspace\workspace-spring\aaa\pom.xml.
2026-08-27 11:29:59,651 [Worker-15: Building workspace] INFO  o.e.m.c.i.l.LifecycleMappingFactory - Using org.maven.ide.eclipse.wtp.WarLifecycleMapping lifecycle mapping for MavenProject: org.joonzis:controller:1.0.0-BUILD-SNAPSHOT @ C:\dev\workspace\workspace-spring\aaa\pom.xml.
2026-08-27 11:29:59,705 [Worker-15: Building workspace] INFO  o.e.m.c.i.e.AbstractTransferListenerAdapter - Downloaded https://repo.maven.apache.org/maven2/org/springframework/spring-context/3.1.1.RELEASE/spring-context-3.1.1.RELEASE.pom
2026-08-27 11:29:59,717 [Worker-16: Updating Maven Dependencies] INFO  o.e.m.c.i.e.AbstractTransferListenerAdapter - Downloaded https://repo.maven.apache.org/maven2/org/springframework/spring-context/3.1.1.RELEASE/spring-context-3.1.1.RELEASE.pom
2026-08-27 11:29:59,749 [Worker-15: Building workspace] INFO  o.e.m.c.i.e.AbstractTransferListenerAdapter - Downloaded https://repo.maven.apache.org/maven2/org/springframework/spring-parent/3.1.1.RELEASE/spring-parent-3.1.1.RELEASE.pom
2026-08-27 11:29:59,753 [Worker-16: Updating Maven Dependencies] INFO  o.e.m.c.i.e.AbstractTransferListenerAdapter - Downloaded https://repo.maven.apache.org/maven2/org/springframework/spring-parent/3.1.1.RELEASE/spring-parent-3.1.1.RELEASE.pom
2026-08-27 11:29:59,790 [Worker-16: Updating Maven Dependencies] INFO  o.e.m.c.i.e.AbstractTransferListenerAdapter - Downloaded https://repo.maven.apache.org/maven2/org/springframework/spring-aop/3.1.1.RELEASE/spring-aop-3.1.1.RELEASE.pom
2026-08-27 11:29:59,792 [Worker-15: Building workspace] INFO  o.e.m.c.i.e.AbstractTransferListenerAdapter - Downloaded https://repo.maven.apache.org/maven2/org/springframework/spring-aop/3.1.1.RELEASE/spring-aop-3.1.1.RELEASE.pom
2026-08-27 11:29:59,826 [Worker-16: Updating Maven Dependencies] INFO  o.e.m.c.i.e.AbstractTransferListenerAdapter - Downloaded https://repo.maven.apache.org/maven2/aopalliance/aopalliance/1.0/aopalliance-1.0.pom
2026-08-27 11:29:59,832 [Worker-15: Building workspace] INFO  o.e.m.c.i.e.AbstractTransferListenerAdapter - Downloaded https://repo.maven.apache.org/maven2/aopalliance/aopalliance/1.0/aopalliance-1.0.pom
2026-08-27 11:29:59,855 [Worker-16: Updating Maven Dependencies] INFO  o.e.m.c.i.e.AbstractTransferListenerAdapter - Downloaded https://repo.maven.apache.org/maven2/org/springframework/spring-asm/3.1.1.RELEASE/spring-asm-3.1.1.RELEASE.pom
2026-08-27 11:29:59,869 [Worker-15: Building workspace] INFO  o.e.m.c.i.e.AbstractTransferListenerAdapter - Downloaded https://repo.maven.apache.org/maven2/org/springframework/spring-asm/3.1.1.RELEASE/spring-asm-3.1.1.RELEASE.pom
2026-08-27 11:29:59,896 [Worker-16: Updating Maven Dependencies] INFO  o.e.m.c.i.e.AbstractTransferListenerAdapter - Downloaded https://repo.maven.apache.org/maven2/org/springframework/spring-beans/3.1.1.RELEASE/spring-beans-3.1.1.RELEASE.pom
2026-08-27 11:29:59,911 [Worker-15: Building workspace] INFO  o.e.m.c.i.e.AbstractTransferListenerAdapter - Downloaded https://repo.maven.apache.org/maven2/org/springframework/spring-beans/3.1.1.RELEASE/spring-beans-3.1.1.RELEASE.pom
2026-08-27 11:29:59,953 [Worker-16: Updating Maven Dependencies] INFO  o.e.m.c.i.e.AbstractTransferListenerAdapter - Downloaded https://repo.maven.apache.org/maven2/org/springframework/spring-core/3.1.1.RELEASE/spring-core-3.1.1.RELEASE.pom
2026-08-27 11:29:59,955 [Worker-15: Building workspace] INFO  o.e.m.c.i.e.AbstractTransferListenerAdapter - Downloaded https://repo.maven.apache.org/maven2/org/springframework/spring-core/3.1.1.RELEASE/spring-core-3.1.1.RELEASE.pom
2026-08-27 11:29:59,991 [Worker-16: Updating Maven Dependencies] INFO  o.e.m.c.i.e.AbstractTransferListenerAdapter - Downloaded https://repo.maven.apache.org/maven2/org/springframework/spring-expression/3.1.1.RELEASE/spring-expression-3.1.1.RELEASE.pom
2026-08-27 11:30:00,006 [Worker-15: Building workspace] INFO  o.e.m.c.i.e.AbstractTransferListenerAdapter - Downloaded https://repo.maven.apache.org/maven2/org/springframework/spring-expression/3.1.1.RELEASE/spring-expression-3.1.1.RELEASE.pom
2026-08-27 11:30:00,038 [Worker-16: Updating Maven Dependencies] INFO  o.e.m.c.i.e.AbstractTransferListenerAdapter - Downloaded https://repo.maven.apache.org/maven2/org/springframework/spring-webmvc/3.1.1.RELEASE/spring-webmvc-3.1.1.RELEASE.pom
2026-08-27 11:30:00,054 [Worker-15: Building workspace] INFO  o.e.m.c.i.e.AbstractTransferListenerAdapter - Downloaded https://repo.maven.apache.org/maven2/org/springframework/spring-webmvc/3.1.1.RELEASE/spring-webmvc-3.1.1.RELEASE.pom
2026-08-27 11:30:00,093 [Worker-16: Updating Maven Dependencies] INFO  o.e.m.c.i.e.AbstractTransferListenerAdapter - Downloaded https://repo.maven.apache.org/maven2/commons-logging/commons-logging/1.1.1/commons-logging-1.1.1.pom
2026-08-27 11:30:00,095 [Worker-15: Building workspace] INFO  o.e.m.c.i.e.AbstractTransferListenerAdapter - Downloaded https://repo.maven.apache.org/maven2/commons-logging/commons-logging/1.1.1/commons-logging-1.1.1.pom
2026-08-27 11:30:00,134 [Worker-16: Updating Maven Dependencies] INFO  o.e.m.c.i.e.AbstractTransferListenerAdapter - Downloaded https://repo.maven.apache.org/maven2/org/apache/commons/commons-parent/5/commons-parent-5.pom
2026-08-27 11:30:00,159 [Worker-15: Building workspace] INFO  o.e.m.c.i.e.AbstractTransferListenerAdapter - Downloaded https://repo.maven.apache.org/maven2/org/apache/commons/commons-parent/5/commons-parent-5.pom
2026-08-27 11:30:00,199 [Worker-16: Updating Maven Dependencies] INFO  o.e.m.c.i.e.AbstractTransferListenerAdapter - Downloaded https://repo.maven.apache.org/maven2/org/springframework/spring-context-support/3.1.1.RELEASE/spring-context-support-3.1.1.RELEASE.pom
2026-08-27 11:30:00,204 [Worker-15: Building workspace] INFO  o.e.m.c.i.e.AbstractTransferListenerAdapter - Downloaded https://repo.maven.apache.org/maven2/org/springframework/spring-context-support/3.1.1.RELEASE/spring-context-support-3.1.1.RELEASE.pom
2026-08-27 11:30:00,229 [Worker-16: Updating Maven Dependencies] INFO  o.e.m.c.i.e.AbstractTransferListenerAdapter - Downloaded https://repo.maven.apache.org/maven2/org/springframework/spring-web/3.1.1.RELEASE/spring-web-3.1.1.RELEASE.pom
2026-08-27 11:30:00,244 [Worker-15: Building workspace] INFO  o.e.m.c.i.e.AbstractTransferListenerAdapter - Downloaded https://repo.maven.apache.org/maven2/org/springframework/spring-web/3.1.1.RELEASE/spring-web-3.1.1.RELEASE.pom
2026-08-27 11:30:00,277 [Worker-15: Building workspace] INFO  o.e.m.c.i.e.AbstractTransferListenerAdapter - Downloaded https://repo.maven.apache.org/maven2/org/aspectj/aspectjrt/1.6.10/aspectjrt-1.6.10.pom
2026-08-27 11:30:00,277 [Worker-16: Updating Maven Dependencies] INFO  o.e.m.c.i.e.AbstractTransferListenerAdapter - Downloaded https://repo.maven.apache.org/maven2/org/aspectj/aspectjrt/1.6.10/aspectjrt-1.6.10.pom
2026-08-27 11:30:00,320 [Worker-15: Building workspace] INFO  o.e.m.c.i.e.AbstractTransferListenerAdapter - Downloaded https://repo.maven.apache.org/maven2/org/slf4j/slf4j-api/1.6.6/slf4j-api-1.6.6.pom
2026-08-27 11:30:00,324 [Worker-16: Updating Maven Dependencies] INFO  o.e.m.c.i.e.AbstractTransferListenerAdapter - Downloaded https://repo.maven.apache.org/maven2/org/slf4j/slf4j-api/1.6.6/slf4j-api-1.6.6.pom
2026-08-27 11:30:00,356 [Worker-15: Building workspace] INFO  o.e.m.c.i.e.AbstractTransferListenerAdapter - Downloaded https://repo.maven.apache.org/maven2/org/slf4j/slf4j-parent/1.6.6/slf4j-parent-1.6.6.pom
2026-08-27 11:30:00,362 [Worker-16: Updating Maven Dependencies] INFO  o.e.m.c.i.e.AbstractTransferListenerAdapter - Downloaded https://repo.maven.apache.org/maven2/org/slf4j/slf4j-parent/1.6.6/slf4j-parent-1.6.6.pom
2026-08-27 11:30:00,391 [Worker-15: Building workspace] INFO  o.e.m.c.i.e.AbstractTransferListenerAdapter - Downloaded https://repo.maven.apache.org/maven2/org/slf4j/jcl-over-slf4j/1.6.6/jcl-over-slf4j-1.6.6.pom
2026-08-27 11:30:00,402 [Worker-16: Updating Maven Dependencies] INFO  o.e.m.c.i.e.AbstractTransferListenerAdapter - Downloaded https://repo.maven.apache.org/maven2/org/slf4j/jcl-over-slf4j/1.6.6/jcl-over-slf4j-1.6.6.pom
2026-08-27 11:30:00,422 [Worker-15: Building workspace] INFO  o.e.m.c.i.e.AbstractTransferListenerAdapter - Downloaded https://repo.maven.apache.org/maven2/org/slf4j/slf4j-log4j12/1.6.6/slf4j-log4j12-1.6.6.pom
2026-08-27 11:30:00,437 [Worker-16: Updating Maven Dependencies] INFO  o.e.m.c.i.e.AbstractTransferListenerAdapter - Downloaded https://repo.maven.apache.org/maven2/org/slf4j/slf4j-log4j12/1.6.6/slf4j-log4j12-1.6.6.pom
2026-08-27 11:30:00,473 [Worker-15: Building workspace] INFO  o.e.m.c.i.e.AbstractTransferListenerAdapter - Downloaded https://repo.maven.apache.org/maven2/log4j/log4j/1.2.17/log4j-1.2.17.pom
2026-08-27 11:30:00,481 [Worker-16: Updating Maven Dependencies] INFO  o.e.m.c.i.e.AbstractTransferListenerAdapter - Downloaded https://repo.maven.apache.org/maven2/log4j/log4j/1.2.17/log4j-1.2.17.pom
2026-08-27 11:30:00,519 [Worker-15: Building workspace] INFO  o.e.m.c.i.e.AbstractTransferListenerAdapter - Downloaded https://repo.maven.apache.org/maven2/log4j/log4j/1.2.15/log4j-1.2.15.pom
2026-08-27 11:30:00,535 [Worker-16: Updating Maven Dependencies] INFO  o.e.m.c.i.e.AbstractTransferListenerAdapter - Downloaded https://repo.maven.apache.org/maven2/log4j/log4j/1.2.15/log4j-1.2.15.pom
2026-08-27 11:30:00,560 [Worker-15: Building workspace] INFO  o.e.m.c.i.e.AbstractTransferListenerAdapter - Downloaded https://repo.maven.apache.org/maven2/javax/inject/javax.inject/1/javax.inject-1.pom
2026-08-27 11:30:00,576 [Worker-16: Updating Maven Dependencies] INFO  o.e.m.c.i.e.AbstractTransferListenerAdapter - Downloaded https://repo.maven.apache.org/maven2/javax/inject/javax.inject/1/javax.inject-1.pom
2026-08-27 11:30:00,599 [Worker-15: Building workspace] INFO  o.e.m.c.i.e.AbstractTransferListenerAdapter - Downloaded https://repo.maven.apache.org/maven2/javax/servlet/servlet-api/2.5/servlet-api-2.5.pom
2026-08-27 11:30:00,619 [Worker-16: Updating Maven Dependencies] INFO  o.e.m.c.i.e.AbstractTransferListenerAdapter - Downloaded https://repo.maven.apache.org/maven2/javax/servlet/servlet-api/2.5/servlet-api-2.5.pom
2026-08-27 11:30:00,643 [Worker-15: Building workspace] INFO  o.e.m.c.i.e.AbstractTransferListenerAdapter - Downloaded https://repo.maven.apache.org/maven2/javax/servlet/jsp/jsp-api/2.1/jsp-api-2.1.pom
2026-08-27 11:30:00,665 [Worker-16: Updating Maven Dependencies] INFO  o.e.m.c.i.e.AbstractTransferListenerAdapter - Downloaded https://repo.maven.apache.org/maven2/javax/servlet/jsp/jsp-api/2.1/jsp-api-2.1.pom
2026-08-27 11:30:00,682 [Worker-15: Building workspace] INFO  o.e.m.c.i.e.AbstractTransferListenerAdapter - Downloaded https://repo.maven.apache.org/maven2/javax/servlet/jstl/1.2/jstl-1.2.pom
2026-08-27 11:30:00,688 [Worker-16: Updating Maven Dependencies] INFO  o.e.m.c.i.e.AbstractTransferListenerAdapter - Downloaded https://repo.maven.apache.org/maven2/javax/servlet/jstl/1.2/jstl-1.2.pom
2026-08-27 11:30:00,704 [Worker-15: Building workspace] INFO  o.e.m.c.i.e.AbstractTransferListenerAdapter - Downloaded https://repo.maven.apache.org/maven2/junit/junit/4.7/junit-4.7.pom
2026-08-27 11:30:00,736 [Worker-16: Updating Maven Dependencies] INFO  o.e.m.c.i.e.AbstractTransferListenerAdapter - Downloaded https://repo.maven.apache.org/maven2/junit/junit/4.7/junit-4.7.pom
2026-08-27 11:30:00,736 [Worker-15: Building workspace] INFO  o.e.m.c.i.e.AbstractTransferListenerAdapter - Downloading https://repo.maven.apache.org/maven2/org/springframework/spring-context/3.1.1.RELEASE/spring-context-3.1.1.RELEASE.jar
2026-08-27 11:30:00,790 [Worker-16: Updating Maven Dependencies] INFO  o.e.m.c.i.e.AbstractTransferListenerAdapter - Downloading https://repo.maven.apache.org/maven2/org/springframework/spring-context/3.1.1.RELEASE/spring-context-3.1.1.RELEASE.jar
2026-08-27 11:30:00,845 [Worker-15: Building workspace] INFO  o.e.m.c.i.e.AbstractTransferListenerAdapter - Downloaded https://repo.maven.apache.org/maven2/org/springframework/spring-context/3.1.1.RELEASE/spring-context-3.1.1.RELEASE.jar
2026-08-27 11:30:00,877 [Worker-15: Building workspace] INFO  o.e.m.c.i.e.AbstractTransferListenerAdapter - Downloading https://repo.maven.apache.org/maven2/org/springframework/spring-aop/3.1.1.RELEASE/spring-aop-3.1.1.RELEASE.jar
2026-08-27 11:30:00,908 [Worker-16: Updating Maven Dependencies] INFO  o.e.m.c.i.e.AbstractTransferListenerAdapter - Downloaded https://repo.maven.apache.org/maven2/org/springframework/spring-context/3.1.1.RELEASE/spring-context-3.1.1.RELEASE.jar
2026-08-27 11:30:00,924 [Worker-15: Building workspace] INFO  o.e.m.c.i.e.AbstractTransferListenerAdapter - Downloaded https://repo.maven.apache.org/maven2/org/springframework/spring-aop/3.1.1.RELEASE/spring-aop-3.1.1.RELEASE.jar
2026-08-27 11:30:00,924 [Worker-16: Updating Maven Dependencies] INFO  o.e.m.c.i.e.AbstractTransferListenerAdapter - Downloading https://repo.maven.apache.org/maven2/org/springframework/spring-aop/3.1.1.RELEASE/spring-aop-3.1.1.RELEASE.jar
2026-08-27 11:30:00,958 [Worker-15: Building workspace] INFO  o.e.m.c.i.e.AbstractTransferListenerAdapter - Downloading https://repo.maven.apache.org/maven2/aopalliance/aopalliance/1.0/aopalliance-1.0.jar
2026-08-27 11:30:00,976 [Worker-15: Building workspace] INFO  o.e.m.c.i.e.AbstractTransferListenerAdapter - Downloaded https://repo.maven.apache.org/maven2/aopalliance/aopalliance/1.0/aopalliance-1.0.jar
2026-08-27 11:30:00,981 [Worker-16: Updating Maven Dependencies] INFO  o.e.m.c.i.e.AbstractTransferListenerAdapter - Downloaded https://repo.maven.apache.org/maven2/org/springframework/spring-aop/3.1.1.RELEASE/spring-aop-3.1.1.RELEASE.jar
2026-08-27 11:30:00,988 [Worker-15: Building workspace] INFO  o.e.m.c.i.e.AbstractTransferListenerAdapter - Downloading https://repo.maven.apache.org/maven2/org/springframework/spring-beans/3.1.1.RELEASE/spring-beans-3.1.1.RELEASE.jar
2026-08-27 11:30:01,003 [Worker-16: Updating Maven Dependencies] INFO  o.e.m.c.i.e.AbstractTransferListenerAdapter - Downloading https://repo.maven.apache.org/maven2/aopalliance/aopalliance/1.0/aopalliance-1.0.jar
2026-08-27 11:30:01,035 [Worker-16: Updating Maven Dependencies] INFO  o.e.m.c.i.e.AbstractTransferListenerAdapter - Downloaded https://repo.maven.apache.org/maven2/aopalliance/aopalliance/1.0/aopalliance-1.0.jar
2026-08-27 11:30:01,055 [Worker-16: Updating Maven Dependencies] INFO  o.e.m.c.i.e.AbstractTransferListenerAdapter - Downloading https://repo.maven.apache.org/maven2/org/springframework/spring-beans/3.1.1.RELEASE/spring-beans-3.1.1.RELEASE.jar
2026-08-27 11:30:01,109 [Worker-15: Building workspace] INFO  o.e.m.c.i.e.AbstractTransferListenerAdapter - Downloaded https://repo.maven.apache.org/maven2/org/springframework/spring-beans/3.1.1.RELEASE/spring-beans-3.1.1.RELEASE.jar
2026-08-27 11:30:01,118 [Worker-15: Building workspace] INFO  o.e.m.c.i.e.AbstractTransferListenerAdapter - Downloading https://repo.maven.apache.org/maven2/org/springframework/spring-core/3.1.1.RELEASE/spring-core-3.1.1.RELEASE.jar
2026-08-27 11:30:01,181 [Worker-15: Building workspace] INFO  o.e.m.c.i.e.AbstractTransferListenerAdapter - Downloaded https://repo.maven.apache.org/maven2/org/springframework/spring-core/3.1.1.RELEASE/spring-core-3.1.1.RELEASE.jar
2026-08-27 11:30:01,197 [Worker-15: Building workspace] INFO  o.e.m.c.i.e.AbstractTransferListenerAdapter - Downloading https://repo.maven.apache.org/maven2/org/springframework/spring-expression/3.1.1.RELEASE/spring-expression-3.1.1.RELEASE.jar
2026-08-27 11:30:01,242 [Worker-15: Building workspace] INFO  o.e.m.c.i.e.AbstractTransferListenerAdapter - Downloaded https://repo.maven.apache.org/maven2/org/springframework/spring-expression/3.1.1.RELEASE/spring-expression-3.1.1.RELEASE.jar
2026-08-27 11:30:01,256 [Worker-15: Building workspace] INFO  o.e.m.c.i.e.AbstractTransferListenerAdapter - Downloading https://repo.maven.apache.org/maven2/org/springframework/spring-asm/3.1.1.RELEASE/spring-asm-3.1.1.RELEASE.jar
2026-08-27 11:30:01,256 [Worker-16: Updating Maven Dependencies] INFO  o.e.m.c.i.e.AbstractTransferListenerAdapter - Downloaded https://repo.maven.apache.org/maven2/org/springframework/spring-beans/3.1.1.RELEASE/spring-beans-3.1.1.RELEASE.jar
2026-08-27 11:30:01,272 [Worker-15: Building workspace] INFO  o.e.m.c.i.e.AbstractTransferListenerAdapter - Downloaded https://repo.maven.apache.org/maven2/org/springframework/spring-asm/3.1.1.RELEASE/spring-asm-3.1.1.RELEASE.jar
2026-08-27 11:30:01,272 [Worker-16: Updating Maven Dependencies] INFO  o.e.m.c.i.e.AbstractTransferListenerAdapter - Downloading https://repo.maven.apache.org/maven2/org/springframework/spring-core/3.1.1.RELEASE/spring-core-3.1.1.RELEASE.jar
2026-08-27 11:30:01,303 [Worker-15: Building workspace] INFO  o.e.m.c.i.e.AbstractTransferListenerAdapter - Downloading https://repo.maven.apache.org/maven2/org/springframework/spring-webmvc/3.1.1.RELEASE/spring-webmvc-3.1.1.RELEASE.jar
2026-08-27 11:30:01,369 [Worker-16: Updating Maven Dependencies] INFO  o.e.m.c.i.e.AbstractTransferListenerAdapter - Downloaded https://repo.maven.apache.org/maven2/org/springframework/spring-core/3.1.1.RELEASE/spring-core-3.1.1.RELEASE.jar
2026-08-27 11:30:01,382 [Worker-16: Updating Maven Dependencies] INFO  o.e.m.c.i.e.AbstractTransferListenerAdapter - Downloading https://repo.maven.apache.org/maven2/org/springframework/spring-expression/3.1.1.RELEASE/spring-expression-3.1.1.RELEASE.jar
2026-08-27 11:30:01,387 [Worker-15: Building workspace] INFO  o.e.m.c.i.e.AbstractTransferListenerAdapter - Downloaded https://repo.maven.apache.org/maven2/org/springframework/spring-webmvc/3.1.1.RELEASE/spring-webmvc-3.1.1.RELEASE.jar
2026-08-27 11:30:01,398 [Worker-15: Building workspace] INFO  o.e.m.c.i.e.AbstractTransferListenerAdapter - Downloading https://repo.maven.apache.org/maven2/org/springframework/spring-context-support/3.1.1.RELEASE/spring-context-support-3.1.1.RELEASE.jar
2026-08-27 11:30:01,419 [Worker-16: Updating Maven Dependencies] INFO  o.e.m.c.i.e.AbstractTransferListenerAdapter - Downloaded https://repo.maven.apache.org/maven2/org/springframework/spring-expression/3.1.1.RELEASE/spring-expression-3.1.1.RELEASE.jar
2026-08-27 11:30:01,429 [Worker-15: Building workspace] INFO  o.e.m.c.i.e.AbstractTransferListenerAdapter - Downloaded https://repo.maven.apache.org/maven2/org/springframework/spring-context-support/3.1.1.RELEASE/spring-context-support-3.1.1.RELEASE.jar
2026-08-27 11:30:01,432 [Worker-16: Updating Maven Dependencies] INFO  o.e.m.c.i.e.AbstractTransferListenerAdapter - Downloading https://repo.maven.apache.org/maven2/org/springframework/spring-asm/3.1.1.RELEASE/spring-asm-3.1.1.RELEASE.jar
2026-08-27 11:30:01,434 [Worker-15: Building workspace] INFO  o.e.m.c.i.e.AbstractTransferListenerAdapter - Downloading https://repo.maven.apache.org/maven2/org/springframework/spring-web/3.1.1.RELEASE/spring-web-3.1.1.RELEASE.jar
2026-08-27 11:30:01,477 [Worker-16: Updating Maven Dependencies] INFO  o.e.m.c.i.e.AbstractTransferListenerAdapter - Downloaded https://repo.maven.apache.org/maven2/org/springframework/spring-asm/3.1.1.RELEASE/spring-asm-3.1.1.RELEASE.jar
2026-08-27 11:30:01,477 [Worker-16: Updating Maven Dependencies] INFO  o.e.m.c.i.e.AbstractTransferListenerAdapter - Downloading https://repo.maven.apache.org/maven2/org/springframework/spring-webmvc/3.1.1.RELEASE/spring-webmvc-3.1.1.RELEASE.jar
2026-08-27 11:30:01,526 [Worker-15: Building workspace] INFO  o.e.m.c.i.e.AbstractTransferListenerAdapter - Downloaded https://repo.maven.apache.org/maven2/org/springframework/spring-web/3.1.1.RELEASE/spring-web-3.1.1.RELEASE.jar
2026-08-27 11:30:01,539 [Worker-15: Building workspace] INFO  o.e.m.c.i.e.AbstractTransferListenerAdapter - Downloading https://repo.maven.apache.org/maven2/org/aspectj/aspectjrt/1.6.10/aspectjrt-1.6.10.jar
2026-08-27 11:30:01,555 [Worker-16: Updating Maven Dependencies] INFO  o.e.m.c.i.e.AbstractTransferListenerAdapter - Downloaded https://repo.maven.apache.org/maven2/org/springframework/spring-webmvc/3.1.1.RELEASE/spring-webmvc-3.1.1.RELEASE.jar
2026-08-27 11:30:01,571 [Worker-15: Building workspace] INFO  o.e.m.c.i.e.AbstractTransferListenerAdapter - Downloaded https://repo.maven.apache.org/maven2/org/aspectj/aspectjrt/1.6.10/aspectjrt-1.6.10.jar
2026-08-27 11:30:01,571 [Worker-16: Updating Maven Dependencies] INFO  o.e.m.c.i.e.AbstractTransferListenerAdapter - Downloading https://repo.maven.apache.org/maven2/org/springframework/spring-context-support/3.1.1.RELEASE/spring-context-support-3.1.1.RELEASE.jar
2026-08-27 11:30:01,571 [Worker-15: Building workspace] INFO  o.e.m.c.i.e.AbstractTransferListenerAdapter - Downloading https://repo.maven.apache.org/maven2/org/slf4j/slf4j-api/1.6.6/slf4j-api-1.6.6.jar
2026-08-27 11:30:01,603 [Worker-15: Building workspace] INFO  o.e.m.c.i.e.AbstractTransferListenerAdapter - Downloaded https://repo.maven.apache.org/maven2/org/slf4j/slf4j-api/1.6.6/slf4j-api-1.6.6.jar
2026-08-27 11:30:01,607 [Worker-16: Updating Maven Dependencies] INFO  o.e.m.c.i.e.AbstractTransferListenerAdapter - Downloaded https://repo.maven.apache.org/maven2/org/springframework/spring-context-support/3.1.1.RELEASE/spring-context-support-3.1.1.RELEASE.jar
2026-08-27 11:30:01,618 [Worker-15: Building workspace] INFO  o.e.m.c.i.e.AbstractTransferListenerAdapter - Downloading https://repo.maven.apache.org/maven2/org/slf4j/jcl-over-slf4j/1.6.6/jcl-over-slf4j-1.6.6.jar
2026-08-27 11:30:01,618 [Worker-16: Updating Maven Dependencies] INFO  o.e.m.c.i.e.AbstractTransferListenerAdapter - Downloading https://repo.maven.apache.org/maven2/org/springframework/spring-web/3.1.1.RELEASE/spring-web-3.1.1.RELEASE.jar
2026-08-27 11:30:01,651 [Worker-15: Building workspace] INFO  o.e.m.c.i.e.AbstractTransferListenerAdapter - Downloaded https://repo.maven.apache.org/maven2/org/slf4j/jcl-over-slf4j/1.6.6/jcl-over-slf4j-1.6.6.jar
2026-08-27 11:30:01,670 [Worker-15: Building workspace] INFO  o.e.m.c.i.e.AbstractTransferListenerAdapter - Downloading https://repo.maven.apache.org/maven2/org/slf4j/slf4j-log4j12/1.6.6/slf4j-log4j12-1.6.6.jar
2026-08-27 11:30:01,681 [Worker-16: Updating Maven Dependencies] INFO  o.e.m.c.i.e.AbstractTransferListenerAdapter - Downloaded https://repo.maven.apache.org/maven2/org/springframework/spring-web/3.1.1.RELEASE/spring-web-3.1.1.RELEASE.jar
2026-08-27 11:30:01,681 [Worker-15: Building workspace] INFO  o.e.m.c.i.e.AbstractTransferListenerAdapter - Downloaded https://repo.maven.apache.org/maven2/org/slf4j/slf4j-log4j12/1.6.6/slf4j-log4j12-1.6.6.jar
2026-08-27 11:30:01,697 [Worker-15: Building workspace] INFO  o.e.m.c.i.e.AbstractTransferListenerAdapter - Downloading https://repo.maven.apache.org/maven2/log4j/log4j/1.2.15/log4j-1.2.15.jar
2026-08-27 11:30:01,697 [Worker-16: Updating Maven Dependencies] INFO  o.e.m.c.i.e.AbstractTransferListenerAdapter - Downloading https://repo.maven.apache.org/maven2/org/aspectj/aspectjrt/1.6.10/aspectjrt-1.6.10.jar
2026-08-27 11:30:01,728 [Worker-16: Updating Maven Dependencies] INFO  o.e.m.c.i.e.AbstractTransferListenerAdapter - Downloaded https://repo.maven.apache.org/maven2/org/aspectj/aspectjrt/1.6.10/aspectjrt-1.6.10.jar
2026-08-27 11:30:01,752 [Worker-16: Updating Maven Dependencies] INFO  o.e.m.c.i.e.AbstractTransferListenerAdapter - Downloading https://repo.maven.apache.org/maven2/org/slf4j/slf4j-api/1.6.6/slf4j-api-1.6.6.jar
2026-08-27 11:30:01,760 [Worker-15: Building workspace] INFO  o.e.m.c.i.e.AbstractTransferListenerAdapter - Downloaded https://repo.maven.apache.org/maven2/log4j/log4j/1.2.15/log4j-1.2.15.jar
2026-08-27 11:30:01,776 [Worker-15: Building workspace] INFO  o.e.m.c.i.e.AbstractTransferListenerAdapter - Downloading https://repo.maven.apache.org/maven2/javax/inject/javax.inject/1/javax.inject-1.jar
2026-08-27 11:30:01,776 [Worker-16: Updating Maven Dependencies] INFO  o.e.m.c.i.e.AbstractTransferListenerAdapter - Downloaded https://repo.maven.apache.org/maven2/org/slf4j/slf4j-api/1.6.6/slf4j-api-1.6.6.jar
2026-08-27 11:30:01,795 [Worker-16: Updating Maven Dependencies] INFO  o.e.m.c.i.e.AbstractTransferListenerAdapter - Downloading https://repo.maven.apache.org/maven2/org/slf4j/jcl-over-slf4j/1.6.6/jcl-over-slf4j-1.6.6.jar
2026-08-27 11:30:01,798 [Worker-15: Building workspace] INFO  o.e.m.c.i.e.AbstractTransferListenerAdapter - Downloaded https://repo.maven.apache.org/maven2/javax/inject/javax.inject/1/javax.inject-1.jar
2026-08-27 11:30:01,808 [Worker-15: Building workspace] INFO  o.e.m.c.i.e.AbstractTransferListenerAdapter - Downloading https://repo.maven.apache.org/maven2/javax/servlet/servlet-api/2.5/servlet-api-2.5.jar
2026-08-27 11:30:01,824 [Worker-16: Updating Maven Dependencies] INFO  o.e.m.c.i.e.AbstractTransferListenerAdapter - Downloaded https://repo.maven.apache.org/maven2/org/slf4j/jcl-over-slf4j/1.6.6/jcl-over-slf4j-1.6.6.jar
2026-08-27 11:30:01,838 [Worker-16: Updating Maven Dependencies] INFO  o.e.m.c.i.e.AbstractTransferListenerAdapter - Downloading https://repo.maven.apache.org/maven2/org/slf4j/slf4j-log4j12/1.6.6/slf4j-log4j12-1.6.6.jar
2026-08-27 11:30:01,839 [Worker-15: Building workspace] INFO  o.e.m.c.i.e.AbstractTransferListenerAdapter - Downloaded https://repo.maven.apache.org/maven2/javax/servlet/servlet-api/2.5/servlet-api-2.5.jar
2026-08-27 11:30:01,855 [Worker-15: Building workspace] INFO  o.e.m.c.i.e.AbstractTransferListenerAdapter - Downloading https://repo.maven.apache.org/maven2/javax/servlet/jsp/jsp-api/2.1/jsp-api-2.1.jar
2026-08-27 11:30:01,860 [Worker-16: Updating Maven Dependencies] INFO  o.e.m.c.i.e.AbstractTransferListenerAdapter - Downloaded https://repo.maven.apache.org/maven2/org/slf4j/slf4j-log4j12/1.6.6/slf4j-log4j12-1.6.6.jar
2026-08-27 11:30:01,877 [Worker-16: Updating Maven Dependencies] INFO  o.e.m.c.i.e.AbstractTransferListenerAdapter - Downloading https://repo.maven.apache.org/maven2/log4j/log4j/1.2.15/log4j-1.2.15.jar
2026-08-27 11:30:01,902 [Worker-15: Building workspace] INFO  o.e.m.c.i.e.AbstractTransferListenerAdapter - Downloaded https://repo.maven.apache.org/maven2/javax/servlet/jsp/jsp-api/2.1/jsp-api-2.1.jar
2026-08-27 11:30:01,918 [Worker-15: Building workspace] INFO  o.e.m.c.i.e.AbstractTransferListenerAdapter - Downloading https://repo.maven.apache.org/maven2/javax/servlet/jstl/1.2/jstl-1.2.jar
2026-08-27 11:30:01,918 [Worker-16: Updating Maven Dependencies] INFO  o.e.m.c.i.e.AbstractTransferListenerAdapter - Downloaded https://repo.maven.apache.org/maven2/log4j/log4j/1.2.15/log4j-1.2.15.jar
2026-08-27 11:30:01,971 [Worker-15: Building workspace] INFO  o.e.m.c.i.e.AbstractTransferListenerAdapter - Downloaded https://repo.maven.apache.org/maven2/javax/servlet/jstl/1.2/jstl-1.2.jar
2026-08-27 11:30:01,981 [Worker-15: Building workspace] INFO  o.e.m.c.i.e.AbstractTransferListenerAdapter - Downloading https://repo.maven.apache.org/maven2/junit/junit/4.7/junit-4.7.jar
2026-08-27 11:30:02,021 [Worker-15: Building workspace] INFO  o.e.m.c.i.e.AbstractTransferListenerAdapter - Downloaded https://repo.maven.apache.org/maven2/junit/junit/4.7/junit-4.7.jar
2026-08-27 11:30:02,045 [Worker-16: Updating Maven Dependencies] INFO  o.e.m.c.i.e.AbstractTransferListenerAdapter - Downloading https://repo.maven.apache.org/maven2/javax/inject/javax.inject/1/javax.inject-1.jar
2026-08-27 11:30:02,071 [Worker-16: Updating Maven Dependencies] INFO  o.e.m.c.i.e.AbstractTransferListenerAdapter - Downloaded https://repo.maven.apache.org/maven2/javax/inject/javax.inject/1/javax.inject-1.jar
2026-08-27 11:30:02,077 [Worker-16: Updating Maven Dependencies] INFO  o.e.m.c.i.e.AbstractTransferListenerAdapter - Downloading https://repo.maven.apache.org/maven2/javax/servlet/servlet-api/2.5/servlet-api-2.5.jar
2026-08-27 11:30:02,108 [Worker-16: Updating Maven Dependencies] INFO  o.e.m.c.i.e.AbstractTransferListenerAdapter - Downloaded https://repo.maven.apache.org/maven2/javax/servlet/servlet-api/2.5/servlet-api-2.5.jar
2026-08-27 11:30:02,125 [Worker-16: Updating Maven Dependencies] INFO  o.e.m.c.i.e.AbstractTransferListenerAdapter - Downloading https://repo.maven.apache.org/maven2/javax/servlet/jsp/jsp-api/2.1/jsp-api-2.1.jar
2026-08-27 11:30:02,158 [Worker-16: Updating Maven Dependencies] INFO  o.e.m.c.i.e.AbstractTransferListenerAdapter - Downloaded https://repo.maven.apache.org/maven2/javax/servlet/jsp/jsp-api/2.1/jsp-api-2.1.jar
2026-08-27 11:30:02,172 [Worker-16: Updating Maven Dependencies] INFO  o.e.m.c.i.e.AbstractTransferListenerAdapter - Downloading https://repo.maven.apache.org/maven2/javax/servlet/jstl/1.2/jstl-1.2.jar
2026-08-27 11:30:02,224 [Worker-16: Updating Maven Dependencies] INFO  o.e.m.c.i.e.AbstractTransferListenerAdapter - Downloaded https://repo.maven.apache.org/maven2/javax/servlet/jstl/1.2/jstl-1.2.jar
2026-08-27 11:30:02,236 [Worker-16: Updating Maven Dependencies] INFO  o.e.m.c.i.e.AbstractTransferListenerAdapter - Downloading https://repo.maven.apache.org/maven2/junit/junit/4.7/junit-4.7.jar
2026-08-27 11:30:02,299 [Worker-16: Updating Maven Dependencies] INFO  o.e.m.c.i.e.AbstractTransferListenerAdapter - Downloaded https://repo.maven.apache.org/maven2/junit/junit/4.7/junit-4.7.jar
2026-08-27 11:30:04,064 [Worker-16: Updating Maven Dependencies] WARN  o.e.a.i.i.DefaultRepositoryEventDispatcher - Failed to dispatch repository event to org.eclipse.m2e.core.internal.embedder.EclipseRepositoryListener: null
2026-08-27 11:30:04,140 [Worker-15: Building workspace] INFO  o.e.m.c.i.e.AbstractTransferListenerAdapter - Downloaded https://repo.maven.apache.org/maven2/org/apache/maven/plugins/maven-eclipse-plugin/2.9/maven-eclipse-plugin-2.9.pom
2026-08-27 11:30:04,163 [Worker-15: Building workspace] INFO  o.e.m.c.i.e.AbstractTransferListenerAdapter - Downloading https://repo.maven.apache.org/maven2/org/apache/maven/plugins/maven-eclipse-plugin/2.9/maven-eclipse-plugin-2.9.jar
2026-08-27 11:30:04,189 [Worker-15: Building workspace] INFO  o.e.m.c.i.e.AbstractTransferListenerAdapter - Downloaded https://repo.maven.apache.org/maven2/org/apache/maven/plugins/maven-eclipse-plugin/2.9/maven-eclipse-plugin-2.9.jar
2026-08-27 11:30:04,309 [Worker-15: Building workspace] INFO  o.e.m.c.i.e.AbstractTransferListenerAdapter - Downloaded https://repo.maven.apache.org/maven2/org/codehaus/mojo/exec-maven-plugin/1.2.1/exec-maven-plugin-1.2.1.pom
2026-08-27 11:30:04,348 [Worker-15: Building workspace] INFO  o.e.m.c.i.e.AbstractTransferListenerAdapter - Downloaded https://repo.maven.apache.org/maven2/org/codehaus/mojo/mojo-parent/28/mojo-parent-28.pom
2026-08-27 11:30:04,396 [Worker-15: Building workspace] INFO  o.e.m.c.i.e.AbstractTransferListenerAdapter - Downloaded https://repo.maven.apache.org/maven2/org/codehaus/codehaus-parent/3/codehaus-parent-3.pom
2026-08-27 11:30:04,433 [Worker-15: Building workspace] INFO  o.e.m.c.i.e.AbstractTransferListenerAdapter - Downloading https://repo.maven.apache.org/maven2/org/codehaus/mojo/exec-maven-plugin/1.2.1/exec-maven-plugin-1.2.1.jar
2026-08-27 11:30:04,444 [Worker-15: Building workspace] INFO  o.e.m.c.i.e.AbstractTransferListenerAdapter - Downloaded https://repo.maven.apache.org/maven2/org/codehaus/mojo/exec-maven-plugin/1.2.1/exec-maven-plugin-1.2.1.jar
2026-08-27 11:30:04,619 [Worker-15: Building workspace] INFO  o.e.m.c.i.e.AbstractTransferListenerAdapter - Downloaded https://repo.maven.apache.org/maven2/org/apache/maven/plugins/maven-clean-plugin/2.5/maven-clean-plugin-2.5.pom
2026-08-27 11:30:04,673 [Worker-15: Building workspace] INFO  o.e.m.c.i.e.AbstractTransferListenerAdapter - Downloaded https://repo.maven.apache.org/maven2/org/apache/maven/plugins/maven-resources-plugin/2.6/maven-resources-plugin-2.6.pom
2026-08-27 11:30:04,714 [Worker-15: Building workspace] INFO  o.e.m.c.i.e.AbstractTransferListenerAdapter - Downloaded https://repo.maven.apache.org/maven2/org/apache/maven/plugins/maven-plugins/23/maven-plugins-23.pom
2026-08-27 11:30:04,774 [Worker-15: Building workspace] INFO  o.e.m.c.i.e.AbstractTransferListenerAdapter - Downloaded https://repo.maven.apache.org/maven2/org/apache/maven/maven-parent/22/maven-parent-22.pom
2026-08-27 11:30:04,810 [Worker-15: Building workspace] INFO  o.e.m.c.i.e.AbstractTransferListenerAdapter - Downloaded https://repo.maven.apache.org/maven2/org/apache/apache/11/apache-11.pom
2026-08-27 11:30:04,874 [Worker-15: Building workspace] INFO  o.e.m.c.i.e.AbstractTransferListenerAdapter - Downloaded https://repo.maven.apache.org/maven2/org/apache/maven/plugins/maven-war-plugin/2.2/maven-war-plugin-2.2.pom
2026-08-27 11:30:05,033 [Worker-15: Building workspace] INFO  o.e.m.c.i.e.AbstractTransferListenerAdapter - Downloaded https://repo.maven.apache.org/maven2/org/apache/maven/plugins/maven-surefire-plugin/2.12.4/maven-surefire-plugin-2.12.4.pom
2026-08-27 11:30:05,099 [Worker-15: Building workspace] INFO  o.e.m.c.i.e.AbstractTransferListenerAdapter - Downloaded https://repo.maven.apache.org/maven2/org/apache/maven/surefire/surefire/2.12.4/surefire-2.12.4.pom
2026-08-27 11:30:05,208 [Worker-15: Building workspace] INFO  o.e.m.c.i.e.AbstractTransferListenerAdapter - Downloaded https://repo.maven.apache.org/maven2/org/apache/maven/maven-archiver/2.5/maven-archiver-2.5.pom
2026-08-27 11:30:05,255 [Worker-15: Building workspace] INFO  o.e.m.c.i.e.AbstractTransferListenerAdapter - Downloaded https://repo.maven.apache.org/maven2/org/apache/maven/shared/maven-shared-components/17/maven-shared-components-17.pom
2026-08-27 11:30:05,303 [Worker-15: Building workspace] INFO  o.e.m.c.i.e.AbstractTransferListenerAdapter - Downloaded https://repo.maven.apache.org/maven2/org/codehaus/plexus/plexus-archiver/2.1/plexus-archiver-2.1.pom
2026-08-27 11:30:05,366 [Worker-15: Building workspace] INFO  o.e.m.c.i.e.AbstractTransferListenerAdapter - Downloaded https://repo.maven.apache.org/maven2/org/codehaus/plexus/plexus-io/2.0.2/plexus-io-2.0.2.pom
2026-08-27 11:30:05,400 [Worker-15: Building workspace] INFO  o.e.m.c.i.e.AbstractTransferListenerAdapter - Downloaded https://repo.maven.apache.org/maven2/org/codehaus/plexus/plexus-components/1.1.19/plexus-components-1.1.19.pom
2026-08-27 11:30:05,450 [Worker-15: Building workspace] INFO  o.e.m.c.i.e.AbstractTransferListenerAdapter - Downloaded https://repo.maven.apache.org/maven2/org/codehaus/plexus/plexus/3.0.1/plexus-3.0.1.pom
2026-08-27 11:30:05,494 [Worker-15: Building workspace] INFO  o.e.m.c.i.e.AbstractTransferListenerAdapter - Downloaded https://repo.maven.apache.org/maven2/org/codehaus/plexus/plexus-interpolation/1.15/plexus-interpolation-1.15.pom
2026-08-27 11:30:05,542 [Worker-15: Building workspace] INFO  o.e.m.c.i.e.AbstractTransferListenerAdapter - Downloaded https://repo.maven.apache.org/maven2/com/thoughtworks/xstream/xstream/1.3.1/xstream-1.3.1.pom
2026-08-27 11:30:05,590 [Worker-15: Building workspace] INFO  o.e.m.c.i.e.AbstractTransferListenerAdapter - Downloaded https://repo.maven.apache.org/maven2/com/thoughtworks/xstream/xstream-parent/1.3.1/xstream-parent-1.3.1.pom
2026-08-27 11:30:05,633 [Worker-15: Building workspace] INFO  o.e.m.c.i.e.AbstractTransferListenerAdapter - Downloaded https://repo.maven.apache.org/maven2/xpp3/xpp3_min/1.1.4c/xpp3_min-1.1.4c.pom
2026-08-27 11:30:05,678 [Worker-15: Building workspace] INFO  o.e.m.c.i.e.AbstractTransferListenerAdapter - Downloaded https://repo.maven.apache.org/maven2/org/apache/maven/shared/maven-filtering/1.0-beta-2/maven-filtering-1.0-beta-2.pom
2026-08-27 11:30:05,718 [Worker-15: Building workspace] INFO  o.e.m.c.i.e.AbstractTransferListenerAdapter - Downloaded https://repo.maven.apache.org/maven2/org/apache/maven/shared/maven-shared-components/10/maven-shared-components-10.pom
2026-08-27 11:30:05,769 [Worker-15: Building workspace] INFO  o.e.m.c.i.e.AbstractTransferListenerAdapter - Downloaded https://repo.maven.apache.org/maven2/org/apache/maven/maven-parent/9/maven-parent-9.pom
2026-08-27 11:30:05,829 [Worker-15: Building workspace] INFO  o.e.m.c.i.e.AbstractTransferListenerAdapter - Downloaded https://repo.maven.apache.org/maven2/org/codehaus/plexus/plexus-utils/1.5.6/plexus-utils-1.5.6.pom
2026-08-27 11:30:05,892 [Worker-15: Building workspace] INFO  o.e.m.c.i.e.AbstractTransferListenerAdapter - Downloaded https://repo.maven.apache.org/maven2/org/codehaus/plexus/plexus/1.0.12/plexus-1.0.12.pom
2026-08-27 11:30:05,939 [Worker-15: Building workspace] INFO  o.e.m.c.i.e.AbstractTransferListenerAdapter - Downloaded https://repo.maven.apache.org/maven2/org/codehaus/plexus/plexus-interpolation/1.6/plexus-interpolation-1.6.pom
2026-08-27 11:30:05,976 [Worker-15: Building workspace] INFO  o.e.m.c.i.e.AbstractTransferListenerAdapter - Downloading https://repo.maven.apache.org/maven2/org/apache/maven/maven-plugin-api/2.0.6/maven-plugin-api-2.0.6.jar
2026-08-27 11:30:05,987 [Worker-15: Building workspace] INFO  o.e.m.c.i.e.AbstractTransferListenerAdapter - Downloaded https://repo.maven.apache.org/maven2/org/apache/maven/maven-plugin-api/2.0.6/maven-plugin-api-2.0.6.jar
2026-08-27 11:30:06,019 [Worker-15: Building workspace] INFO  o.e.m.c.i.e.AbstractTransferListenerAdapter - Downloading https://repo.maven.apache.org/maven2/org/apache/maven/maven-artifact/2.0.6/maven-artifact-2.0.6.jar
2026-08-27 11:30:06,047 [Worker-15: Building workspace] INFO  o.e.m.c.i.e.AbstractTransferListenerAdapter - Downloaded https://repo.maven.apache.org/maven2/org/apache/maven/maven-artifact/2.0.6/maven-artifact-2.0.6.jar
2026-08-27 11:30:06,065 [Worker-15: Building workspace] INFO  o.e.m.c.i.e.AbstractTransferListenerAdapter - Downloading https://repo.maven.apache.org/maven2/org/apache/maven/maven-model/2.0.6/maven-model-2.0.6.jar
2026-08-27 11:30:06,087 [Worker-15: Building workspace] INFO  o.e.m.c.i.e.AbstractTransferListenerAdapter - Downloaded https://repo.maven.apache.org/maven2/org/apache/maven/maven-model/2.0.6/maven-model-2.0.6.jar
2026-08-27 11:30:06,100 [Worker-15: Building workspace] INFO  o.e.m.c.i.e.AbstractTransferListenerAdapter - Downloading https://repo.maven.apache.org/maven2/org/apache/maven/maven-project/2.0.6/maven-project-2.0.6.jar
2026-08-27 11:30:06,128 [Worker-15: Building workspace] INFO  o.e.m.c.i.e.AbstractTransferListenerAdapter - Downloaded https://repo.maven.apache.org/maven2/org/apache/maven/maven-project/2.0.6/maven-project-2.0.6.jar
2026-08-27 11:30:06,132 [Worker-15: Building workspace] INFO  o.e.m.c.i.e.AbstractTransferListenerAdapter - Downloading https://repo.maven.apache.org/maven2/org/apache/maven/maven-profile/2.0.6/maven-profile-2.0.6.jar
2026-08-27 11:30:06,146 [Worker-15: Building workspace] INFO  o.e.m.c.i.e.AbstractTransferListenerAdapter - Downloaded https://repo.maven.apache.org/maven2/org/apache/maven/maven-profile/2.0.6/maven-profile-2.0.6.jar
2026-08-27 11:30:06,162 [Worker-15: Building workspace] INFO  o.e.m.c.i.e.AbstractTransferListenerAdapter - Downloading https://repo.maven.apache.org/maven2/org/apache/maven/maven-artifact-manager/2.0.6/maven-artifact-manager-2.0.6.jar
2026-08-27 11:30:06,197 [Worker-15: Building workspace] INFO  o.e.m.c.i.e.AbstractTransferListenerAdapter - Downloaded https://repo.maven.apache.org/maven2/org/apache/maven/maven-artifact-manager/2.0.6/maven-artifact-manager-2.0.6.jar
2026-08-27 11:30:06,211 [Worker-15: Building workspace] INFO  o.e.m.c.i.e.AbstractTransferListenerAdapter - Downloading https://repo.maven.apache.org/maven2/org/apache/maven/maven-plugin-registry/2.0.6/maven-plugin-registry-2.0.6.jar
2026-08-27 11:30:06,231 [Worker-15: Building workspace] INFO  o.e.m.c.i.e.AbstractTransferListenerAdapter - Downloaded https://repo.maven.apache.org/maven2/org/apache/maven/maven-plugin-registry/2.0.6/maven-plugin-registry-2.0.6.jar
2026-08-27 11:30:06,246 [Worker-15: Building workspace] INFO  o.e.m.c.i.e.AbstractTransferListenerAdapter - Downloading https://repo.maven.apache.org/maven2/org/apache/maven/maven-core/2.0.6/maven-core-2.0.6.jar
2026-08-27 11:30:06,277 [Worker-15: Building workspace] INFO  o.e.m.c.i.e.AbstractTransferListenerAdapter - Downloaded https://repo.maven.apache.org/maven2/org/apache/maven/maven-core/2.0.6/maven-core-2.0.6.jar
2026-08-27 11:30:06,289 [Worker-15: Building workspace] INFO  o.e.m.c.i.e.AbstractTransferListenerAdapter - Downloading https://repo.maven.apache.org/maven2/org/apache/maven/maven-plugin-parameter-documenter/2.0.6/maven-plugin-parameter-documenter-2.0.6.jar
2026-08-27 11:30:06,304 [Worker-15: Building workspace] INFO  o.e.m.c.i.e.AbstractTransferListenerAdapter - Downloaded https://repo.maven.apache.org/maven2/org/apache/maven/maven-plugin-parameter-documenter/2.0.6/maven-plugin-parameter-documenter-2.0.6.jar
2026-08-27 11:30:06,324 [Worker-15: Building workspace] INFO  o.e.m.c.i.e.AbstractTransferListenerAdapter - Downloading https://repo.maven.apache.org/maven2/org/apache/maven/reporting/maven-reporting-api/2.0.6/maven-reporting-api-2.0.6.jar
2026-08-27 11:30:06,342 [Worker-15: Building workspace] INFO  o.e.m.c.i.e.AbstractTransferListenerAdapter - Downloaded https://repo.maven.apache.org/maven2/org/apache/maven/reporting/maven-reporting-api/2.0.6/maven-reporting-api-2.0.6.jar
2026-08-27 11:30:06,360 [Worker-15: Building workspace] INFO  o.e.m.c.i.e.AbstractTransferListenerAdapter - Downloading https://repo.maven.apache.org/maven2/org/apache/maven/doxia/doxia-sink-api/1.0-alpha-7/doxia-sink-api-1.0-alpha-7.jar
2026-08-27 11:30:06,379 [Worker-15: Building workspace] INFO  o.e.m.c.i.e.AbstractTransferListenerAdapter - Downloaded https://repo.maven.apache.org/maven2/org/apache/maven/doxia/doxia-sink-api/1.0-alpha-7/doxia-sink-api-1.0-alpha-7.jar
2026-08-27 11:30:06,396 [Worker-15: Building workspace] INFO  o.e.m.c.i.e.AbstractTransferListenerAdapter - Downloading https://repo.maven.apache.org/maven2/org/apache/maven/maven-repository-metadata/2.0.6/maven-repository-metadata-2.0.6.jar
2026-08-27 11:30:06,412 [Worker-15: Building workspace] INFO  o.e.m.c.i.e.AbstractTransferListenerAdapter - Downloaded https://repo.maven.apache.org/maven2/org/apache/maven/maven-repository-metadata/2.0.6/maven-repository-metadata-2.0.6.jar
2026-08-27 11:30:06,427 [Worker-15: Building workspace] INFO  o.e.m.c.i.e.AbstractTransferListenerAdapter - Downloading https://repo.maven.apache.org/maven2/org/apache/maven/maven-error-diagnostics/2.0.6/maven-error-diagnostics-2.0.6.jar
2026-08-27 11:30:06,437 [Worker-15: Building workspace] INFO  o.e.m.c.i.e.AbstractTransferListenerAdapter - Downloaded https://repo.maven.apache.org/maven2/org/apache/maven/maven-error-diagnostics/2.0.6/maven-error-diagnostics-2.0.6.jar
2026-08-27 11:30:06,447 [Worker-15: Building workspace] INFO  o.e.m.c.i.e.AbstractTransferListenerAdapter - Downloading https://repo.maven.apache.org/maven2/commons-cli/commons-cli/1.0/commons-cli-1.0.jar
2026-08-27 11:30:06,479 [Worker-15: Building workspace] INFO  o.e.m.c.i.e.AbstractTransferListenerAdapter - Downloaded https://repo.maven.apache.org/maven2/commons-cli/commons-cli/1.0/commons-cli-1.0.jar
2026-08-27 11:30:06,495 [Worker-15: Building workspace] INFO  o.e.m.c.i.e.AbstractTransferListenerAdapter - Downloading https://repo.maven.apache.org/maven2/org/apache/maven/maven-plugin-descriptor/2.0.6/maven-plugin-descriptor-2.0.6.jar
2026-08-27 11:30:06,511 [Worker-15: Building workspace] INFO  o.e.m.c.i.e.AbstractTransferListenerAdapter - Downloaded https://repo.maven.apache.org/maven2/org/apache/maven/maven-plugin-descriptor/2.0.6/maven-plugin-descriptor-2.0.6.jar
2026-08-27 11:30:06,533 [Worker-15: Building workspace] INFO  o.e.m.c.i.e.AbstractTransferListenerAdapter - Downloading https://repo.maven.apache.org/maven2/org/codehaus/plexus/plexus-interactivity-api/1.0-alpha-4/plexus-interactivity-api-1.0-alpha-4.jar
2026-08-27 11:30:06,558 [Worker-15: Building workspace] INFO  o.e.m.c.i.e.AbstractTransferListenerAdapter - Downloaded https://repo.maven.apache.org/maven2/org/codehaus/plexus/plexus-interactivity-api/1.0-alpha-4/plexus-interactivity-api-1.0-alpha-4.jar
2026-08-27 11:30:06,577 [Worker-15: Building workspace] INFO  o.e.m.c.i.e.AbstractTransferListenerAdapter - Downloading https://repo.maven.apache.org/maven2/classworlds/classworlds/1.1/classworlds-1.1.jar
2026-08-27 11:30:06,606 [Worker-15: Building workspace] INFO  o.e.m.c.i.e.AbstractTransferListenerAdapter - Downloaded https://repo.maven.apache.org/maven2/classworlds/classworlds/1.1/classworlds-1.1.jar
2026-08-27 11:30:06,622 [Worker-15: Building workspace] INFO  o.e.m.c.i.e.AbstractTransferListenerAdapter - Downloading https://repo.maven.apache.org/maven2/org/apache/maven/maven-settings/2.0.6/maven-settings-2.0.6.jar
2026-08-27 11:30:06,656 [Worker-15: Building workspace] INFO  o.e.m.c.i.e.AbstractTransferListenerAdapter - Downloaded https://repo.maven.apache.org/maven2/org/apache/maven/maven-settings/2.0.6/maven-settings-2.0.6.jar
2026-08-27 11:30:06,669 [Worker-15: Building workspace] INFO  o.e.m.c.i.e.AbstractTransferListenerAdapter - Downloading https://repo.maven.apache.org/maven2/org/apache/maven/maven-monitor/2.0.6/maven-monitor-2.0.6.jar
2026-08-27 11:30:06,686 [Worker-15: Building workspace] INFO  o.e.m.c.i.e.AbstractTransferListenerAdapter - Downloaded https://repo.maven.apache.org/maven2/org/apache/maven/maven-monitor/2.0.6/maven-monitor-2.0.6.jar
2026-08-27 11:30:06,701 [Worker-15: Building workspace] INFO  o.e.m.c.i.e.AbstractTransferListenerAdapter - Downloading https://repo.maven.apache.org/maven2/org/apache/maven/maven-archiver/2.5/maven-archiver-2.5.jar
2026-08-27 11:30:06,717 [Worker-15: Building workspace] INFO  o.e.m.c.i.e.AbstractTransferListenerAdapter - Downloaded https://repo.maven.apache.org/maven2/org/apache/maven/maven-archiver/2.5/maven-archiver-2.5.jar
2026-08-27 11:30:06,741 [Worker-15: Building workspace] INFO  o.e.m.c.i.e.AbstractTransferListenerAdapter - Downloading https://repo.maven.apache.org/maven2/org/codehaus/plexus/plexus-io/2.0.2/plexus-io-2.0.2.jar
2026-08-27 11:30:06,763 [Worker-15: Building workspace] INFO  o.e.m.c.i.e.AbstractTransferListenerAdapter - Downloaded https://repo.maven.apache.org/maven2/org/codehaus/plexus/plexus-io/2.0.2/plexus-io-2.0.2.jar
2026-08-27 11:30:06,765 [Worker-15: Building workspace] INFO  o.e.m.c.i.e.AbstractTransferListenerAdapter - Downloading https://repo.maven.apache.org/maven2/org/codehaus/plexus/plexus-archiver/2.1/plexus-archiver-2.1.jar
2026-08-27 11:30:06,809 [Worker-15: Building workspace] INFO  o.e.m.c.i.e.AbstractTransferListenerAdapter - Downloaded https://repo.maven.apache.org/maven2/org/codehaus/plexus/plexus-archiver/2.1/plexus-archiver-2.1.jar
2026-08-27 11:30:06,812 [Worker-15: Building workspace] INFO  o.e.m.c.i.e.AbstractTransferListenerAdapter - Downloading https://repo.maven.apache.org/maven2/org/codehaus/plexus/plexus-interpolation/1.15/plexus-interpolation-1.15.jar
2026-08-27 11:30:06,844 [Worker-15: Building workspace] INFO  o.e.m.c.i.e.AbstractTransferListenerAdapter - Downloaded https://repo.maven.apache.org/maven2/org/codehaus/plexus/plexus-interpolation/1.15/plexus-interpolation-1.15.jar
2026-08-27 11:30:06,844 [Worker-15: Building workspace] INFO  o.e.m.c.i.e.AbstractTransferListenerAdapter - Downloading https://repo.maven.apache.org/maven2/com/thoughtworks/xstream/xstream/1.3.1/xstream-1.3.1.jar
2026-08-27 11:30:06,910 [Worker-15: Building workspace] INFO  o.e.m.c.i.e.AbstractTransferListenerAdapter - Downloaded https://repo.maven.apache.org/maven2/com/thoughtworks/xstream/xstream/1.3.1/xstream-1.3.1.jar
2026-08-27 11:30:06,923 [Worker-15: Building workspace] INFO  o.e.m.c.i.e.AbstractTransferListenerAdapter - Downloading https://repo.maven.apache.org/maven2/xpp3/xpp3_min/1.1.4c/xpp3_min-1.1.4c.jar
2026-08-27 11:30:06,942 [Worker-15: Building workspace] INFO  o.e.m.c.i.e.AbstractTransferListenerAdapter - Downloaded https://repo.maven.apache.org/maven2/xpp3/xpp3_min/1.1.4c/xpp3_min-1.1.4c.jar
2026-08-27 11:30:06,954 [Worker-15: Building workspace] INFO  o.e.m.c.i.e.AbstractTransferListenerAdapter - Downloading https://repo.maven.apache.org/maven2/org/apache/maven/shared/maven-filtering/1.0-beta-2/maven-filtering-1.0-beta-2.jar
2026-08-27 11:30:06,986 [Worker-15: Building workspace] INFO  o.e.m.c.i.e.AbstractTransferListenerAdapter - Downloaded https://repo.maven.apache.org/maven2/org/apache/maven/shared/maven-filtering/1.0-beta-2/maven-filtering-1.0-beta-2.jar
2026-08-27 11:30:10,099 [Worker-15: Building workspace] INFO  o.e.m.c.i.e.AbstractTransferListenerAdapter - Downloaded https://repo.maven.apache.org/maven2/org/codehaus/plexus/plexus-utils/2.0.5/plexus-utils-2.0.5.pom
2026-08-27 11:30:10,145 [Worker-15: Building workspace] INFO  o.e.m.c.i.e.AbstractTransferListenerAdapter - Downloaded https://repo.maven.apache.org/maven2/org/codehaus/plexus/plexus/2.0.6/plexus-2.0.6.pom
2026-08-27 11:30:10,194 [Worker-15: Building workspace] INFO  o.e.m.c.i.e.AbstractTransferListenerAdapter - Downloaded https://repo.maven.apache.org/maven2/org/apache/maven/shared/maven-filtering/1.1/maven-filtering-1.1.pom
2026-08-27 11:30:10,232 [Worker-15: Building workspace] INFO  o.e.m.c.i.e.AbstractTransferListenerAdapter - Downloaded https://repo.maven.apache.org/maven2/org/codehaus/plexus/plexus-utils/1.5.15/plexus-utils-1.5.15.pom
2026-08-27 11:30:10,274 [Worker-15: Building workspace] INFO  o.e.m.c.i.e.AbstractTransferListenerAdapter - Downloaded https://repo.maven.apache.org/maven2/org/codehaus/plexus/plexus/2.0.2/plexus-2.0.2.pom
2026-08-27 11:30:10,314 [Worker-15: Building workspace] INFO  o.e.m.c.i.e.AbstractTransferListenerAdapter - Downloaded https://repo.maven.apache.org/maven2/org/codehaus/plexus/plexus-interpolation/1.12/plexus-interpolation-1.12.pom
2026-08-27 11:30:10,353 [Worker-15: Building workspace] INFO  o.e.m.c.i.e.AbstractTransferListenerAdapter - Downloaded https://repo.maven.apache.org/maven2/org/codehaus/plexus/plexus-components/1.1.14/plexus-components-1.1.14.pom
2026-08-27 11:30:10,384 [Worker-15: Building workspace] INFO  o.e.m.c.i.e.AbstractTransferListenerAdapter - Downloaded https://repo.maven.apache.org/maven2/org/sonatype/plexus/plexus-build-api/0.0.4/plexus-build-api-0.0.4.pom
2026-08-27 11:30:10,432 [Worker-15: Building workspace] INFO  o.e.m.c.i.e.AbstractTransferListenerAdapter - Downloaded https://repo.maven.apache.org/maven2/org/sonatype/spice/spice-parent/10/spice-parent-10.pom
2026-08-27 11:30:10,484 [Worker-15: Building workspace] INFO  o.e.m.c.i.e.AbstractTransferListenerAdapter - Downloaded https://repo.maven.apache.org/maven2/org/sonatype/forge/forge-parent/3/forge-parent-3.pom
2026-08-27 11:30:10,527 [Worker-15: Building workspace] INFO  o.e.m.c.i.e.AbstractTransferListenerAdapter - Downloaded https://repo.maven.apache.org/maven2/org/codehaus/plexus/plexus-utils/1.5.8/plexus-utils-1.5.8.pom
2026-08-27 11:30:10,585 [Worker-15: Building workspace] INFO  o.e.m.c.i.e.AbstractTransferListenerAdapter - Downloaded https://repo.maven.apache.org/maven2/org/codehaus/plexus/plexus-interpolation/1.13/plexus-interpolation-1.13.pom
2026-08-27 11:30:10,635 [Worker-15: Building workspace] INFO  o.e.m.c.i.e.AbstractTransferListenerAdapter - Downloaded https://repo.maven.apache.org/maven2/org/codehaus/plexus/plexus-components/1.1.15/plexus-components-1.1.15.pom
2026-08-27 11:30:10,671 [Worker-15: Building workspace] INFO  o.e.m.c.i.e.AbstractTransferListenerAdapter - Downloaded https://repo.maven.apache.org/maven2/org/codehaus/plexus/plexus/2.0.3/plexus-2.0.3.pom
2026-08-27 11:30:10,704 [Worker-15: Building workspace] INFO  o.e.m.c.i.e.AbstractTransferListenerAdapter - Downloading https://repo.maven.apache.org/maven2/org/codehaus/plexus/plexus-utils/2.0.5/plexus-utils-2.0.5.jar
2026-08-27 11:30:10,754 [Worker-15: Building workspace] INFO  o.e.m.c.i.e.AbstractTransferListenerAdapter - Downloaded https://repo.maven.apache.org/maven2/org/codehaus/plexus/plexus-utils/2.0.5/plexus-utils-2.0.5.jar
2026-08-27 11:30:10,767 [Worker-15: Building workspace] INFO  o.e.m.c.i.e.AbstractTransferListenerAdapter - Downloading https://repo.maven.apache.org/maven2/org/apache/maven/shared/maven-filtering/1.1/maven-filtering-1.1.jar
2026-08-27 11:30:10,785 [Worker-15: Building workspace] INFO  o.e.m.c.i.e.AbstractTransferListenerAdapter - Downloaded https://repo.maven.apache.org/maven2/org/apache/maven/shared/maven-filtering/1.1/maven-filtering-1.1.jar
2026-08-27 11:30:10,799 [Worker-15: Building workspace] INFO  o.e.m.c.i.e.AbstractTransferListenerAdapter - Downloading https://repo.maven.apache.org/maven2/org/sonatype/plexus/plexus-build-api/0.0.4/plexus-build-api-0.0.4.jar
2026-08-27 11:30:10,831 [Worker-15: Building workspace] INFO  o.e.m.c.i.e.AbstractTransferListenerAdapter - Downloaded https://repo.maven.apache.org/maven2/org/sonatype/plexus/plexus-build-api/0.0.4/plexus-build-api-0.0.4.jar
2026-08-27 11:30:10,847 [Worker-15: Building workspace] INFO  o.e.m.c.i.e.AbstractTransferListenerAdapter - Downloading https://repo.maven.apache.org/maven2/org/codehaus/plexus/plexus-interpolation/1.13/plexus-interpolation-1.13.jar
2026-08-27 11:30:10,873 [Worker-15: Building workspace] INFO  o.e.m.c.i.e.AbstractTransferListenerAdapter - Downloaded https://repo.maven.apache.org/maven2/org/codehaus/plexus/plexus-interpolation/1.13/plexus-interpolation-1.13.jar
2026-08-27 11:30:11,101 [Worker-19: Download sources and javadoc] INFO  o.e.m.c.i.e.AbstractTransferListenerAdapter - Downloading https://repo.maven.apache.org/maven2/org/springframework/spring-context/3.1.1.RELEASE/spring-context-3.1.1.RELEASE-sources.jar
2026-08-27 11:30:11,197 [Worker-19: Download sources and javadoc] INFO  o.e.m.c.i.e.AbstractTransferListenerAdapter - Downloaded https://repo.maven.apache.org/maven2/org/springframework/spring-context/3.1.1.RELEASE/spring-context-3.1.1.RELEASE-sources.jar
2026-08-27 11:30:11,281 [Worker-19: Download sources and javadoc] INFO  o.e.m.j.internal.DownloadSourcesJob - Downloaded sources for org.springframework:spring-context:3.1.1.RELEASE
2026-08-27 11:30:11,307 [Worker-19: Download sources and javadoc] INFO  o.e.m.c.i.e.AbstractTransferListenerAdapter - Downloading https://repo.maven.apache.org/maven2/org/springframework/spring-aop/3.1.1.RELEASE/spring-aop-3.1.1.RELEASE-sources.jar
2026-08-27 11:30:11,355 [Worker-19: Download sources and javadoc] INFO  o.e.m.c.i.e.AbstractTransferListenerAdapter - Downloaded https://repo.maven.apache.org/maven2/org/springframework/spring-aop/3.1.1.RELEASE/spring-aop-3.1.1.RELEASE-sources.jar
2026-08-27 11:30:11,371 [Worker-15: Building workspace] WARN  o.e.m.c.i.embedder.EclipseLogger - Using platform encoding (MS949 actually) to copy filtered resources, i.e. build is platform dependent!
2026-08-27 11:30:11,371 [Worker-15: Building workspace] INFO  o.e.m.c.i.embedder.EclipseLogger - Copying 1 resource
2026-08-27 11:30:11,418 [Worker-19: Download sources and javadoc] INFO  o.e.m.j.internal.DownloadSourcesJob - Downloaded sources for org.springframework:spring-aop:3.1.1.RELEASE
2026-08-27 11:30:11,470 [Worker-19: Download sources and javadoc] INFO  o.e.m.c.i.e.AbstractTransferListenerAdapter - Downloading https://repo.maven.apache.org/maven2/aopalliance/aopalliance/1.0/aopalliance-1.0-sources.jar
2026-08-27 11:30:11,529 [Worker-19: Download sources and javadoc] INFO  o.e.m.c.i.e.AbstractTransferListenerAdapter - Downloaded https://repo.maven.apache.org/maven2/aopalliance/aopalliance/1.0/aopalliance-1.0-sources.jar
2026-08-27 11:30:11,545 [Worker-15: Building workspace] WARN  o.e.m.c.i.embedder.EclipseLogger - Using platform encoding (MS949 actually) to copy filtered resources, i.e. build is platform dependent!
2026-08-27 11:30:11,547 [Worker-16: Updating Maven Dependencies] INFO  o.e.m.c.i.l.LifecycleMappingFactory - Using org.maven.ide.eclipse.wtp.WarLifecycleMapping lifecycle mapping for MavenProject: org.joonzis:controller:1.0.0-BUILD-SNAPSHOT @ C:\dev\workspace\workspace-spring\aaa\pom.xml.
2026-08-27 11:30:11,547 [Worker-15: Building workspace] INFO  o.e.m.c.i.embedder.EclipseLogger - Copying 1 resource
2026-08-27 11:30:11,592 [Worker-19: Download sources and javadoc] INFO  o.e.m.j.internal.DownloadSourcesJob - Downloaded sources for aopalliance:aopalliance:1.0
2026-08-27 11:30:11,624 [Worker-19: Download sources and javadoc] INFO  o.e.m.c.i.e.AbstractTransferListenerAdapter - Downloading https://repo.maven.apache.org/maven2/org/springframework/spring-beans/3.1.1.RELEASE/spring-beans-3.1.1.RELEASE-sources.jar
2026-08-27 11:30:11,695 [Worker-19: Download sources and javadoc] INFO  o.e.m.c.i.e.AbstractTransferListenerAdapter - Downloaded https://repo.maven.apache.org/maven2/org/springframework/spring-beans/3.1.1.RELEASE/spring-beans-3.1.1.RELEASE-sources.jar
2026-08-27 11:30:11,767 [Worker-19: Download sources and javadoc] INFO  o.e.m.j.internal.DownloadSourcesJob - Downloaded sources for org.springframework:spring-beans:3.1.1.RELEASE
2026-08-27 11:30:11,798 [Worker-19: Download sources and javadoc] INFO  o.e.m.c.i.e.AbstractTransferListenerAdapter - Downloading https://repo.maven.apache.org/maven2/org/springframework/spring-core/3.1.1.RELEASE/spring-core-3.1.1.RELEASE-sources.jar
2026-08-27 11:30:11,866 [Worker-19: Download sources and javadoc] INFO  o.e.m.c.i.e.AbstractTransferListenerAdapter - Downloaded https://repo.maven.apache.org/maven2/org/springframework/spring-core/3.1.1.RELEASE/spring-core-3.1.1.RELEASE-sources.jar
2026-08-27 11:30:11,941 [Worker-19: Download sources and javadoc] INFO  o.e.m.j.internal.DownloadSourcesJob - Downloaded sources for org.springframework:spring-core:3.1.1.RELEASE
2026-08-27 11:30:12,036 [Worker-19: Download sources and javadoc] INFO  o.e.m.c.i.e.AbstractTransferListenerAdapter - Downloading https://repo.maven.apache.org/maven2/org/springframework/spring-expression/3.1.1.RELEASE/spring-expression-3.1.1.RELEASE-sources.jar
2026-08-27 11:30:12,073 [Worker-19: Download sources and javadoc] INFO  o.e.m.c.i.e.AbstractTransferListenerAdapter - Downloaded https://repo.maven.apache.org/maven2/org/springframework/spring-expression/3.1.1.RELEASE/spring-expression-3.1.1.RELEASE-sources.jar
2026-08-27 11:30:12,179 [Worker-19: Download sources and javadoc] INFO  o.e.m.j.internal.DownloadSourcesJob - Downloaded sources for org.springframework:spring-expression:3.1.1.RELEASE
2026-08-27 11:30:12,227 [Worker-19: Download sources and javadoc] INFO  o.e.m.c.i.e.AbstractTransferListenerAdapter - Downloading https://repo.maven.apache.org/maven2/org/springframework/spring-asm/3.1.1.RELEASE/spring-asm-3.1.1.RELEASE-sources.jar
2026-08-27 11:30:12,259 [Worker-19: Download sources and javadoc] INFO  o.e.m.c.i.e.AbstractTransferListenerAdapter - Downloaded https://repo.maven.apache.org/maven2/org/springframework/spring-asm/3.1.1.RELEASE/spring-asm-3.1.1.RELEASE-sources.jar
2026-08-27 11:30:12,337 [Worker-19: Download sources and javadoc] INFO  o.e.m.j.internal.DownloadSourcesJob - Downloaded sources for org.springframework:spring-asm:3.1.1.RELEASE
2026-08-27 11:30:12,368 [Worker-19: Download sources and javadoc] INFO  o.e.m.c.i.e.AbstractTransferListenerAdapter - Downloading https://repo.maven.apache.org/maven2/org/springframework/spring-webmvc/3.1.1.RELEASE/spring-webmvc-3.1.1.RELEASE-sources.jar
2026-08-27 11:30:12,431 [Worker-19: Download sources and javadoc] INFO  o.e.m.c.i.e.AbstractTransferListenerAdapter - Downloaded https://repo.maven.apache.org/maven2/org/springframework/spring-webmvc/3.1.1.RELEASE/spring-webmvc-3.1.1.RELEASE-sources.jar
2026-08-27 11:30:12,621 [Worker-19: Download sources and javadoc] INFO  o.e.m.j.internal.DownloadSourcesJob - Downloaded sources for org.springframework:spring-webmvc:3.1.1.RELEASE
2026-08-27 11:30:12,669 [Worker-19: Download sources and javadoc] INFO  o.e.m.c.i.e.AbstractTransferListenerAdapter - Downloading https://repo.maven.apache.org/maven2/org/springframework/spring-context-support/3.1.1.RELEASE/spring-context-support-3.1.1.RELEASE-sources.jar
2026-08-27 11:30:12,701 [Worker-19: Download sources and javadoc] INFO  o.e.m.c.i.e.AbstractTransferListenerAdapter - Downloaded https://repo.maven.apache.org/maven2/org/springframework/spring-context-support/3.1.1.RELEASE/spring-context-support-3.1.1.RELEASE-sources.jar
2026-08-27 11:30:12,785 [Worker-19: Download sources and javadoc] INFO  o.e.m.j.internal.DownloadSourcesJob - Downloaded sources for org.springframework:spring-context-support:3.1.1.RELEASE
2026-08-27 11:30:12,811 [Worker-19: Download sources and javadoc] INFO  o.e.m.c.i.e.AbstractTransferListenerAdapter - Downloading https://repo.maven.apache.org/maven2/org/springframework/spring-web/3.1.1.RELEASE/spring-web-3.1.1.RELEASE-sources.jar
2026-08-27 11:30:12,885 [Worker-19: Download sources and javadoc] INFO  o.e.m.c.i.e.AbstractTransferListenerAdapter - Downloaded https://repo.maven.apache.org/maven2/org/springframework/spring-web/3.1.1.RELEASE/spring-web-3.1.1.RELEASE-sources.jar
2026-08-27 11:30:12,959 [Worker-19: Download sources and javadoc] INFO  o.e.m.j.internal.DownloadSourcesJob - Downloaded sources for org.springframework:spring-web:3.1.1.RELEASE
2026-08-27 11:30:13,014 [Worker-19: Download sources and javadoc] INFO  o.e.m.c.i.e.AbstractTransferListenerAdapter - Downloading https://repo.maven.apache.org/maven2/org/aspectj/aspectjrt/1.6.10/aspectjrt-1.6.10-sources.jar
2026-08-27 11:30:13,041 [Worker-19: Download sources and javadoc] INFO  o.e.m.c.i.e.AbstractTransferListenerAdapter - Downloaded https://repo.maven.apache.org/maven2/org/aspectj/aspectjrt/1.6.10/aspectjrt-1.6.10-sources.jar
2026-08-27 11:30:13,142 [Worker-19: Download sources and javadoc] INFO  o.e.m.j.internal.DownloadSourcesJob - Downloaded sources for org.aspectj:aspectjrt:1.6.10
2026-08-27 11:30:13,186 [Worker-19: Download sources and javadoc] INFO  o.e.m.c.i.e.AbstractTransferListenerAdapter - Downloading https://repo.maven.apache.org/maven2/org/slf4j/slf4j-api/1.6.6/slf4j-api-1.6.6-sources.jar
2026-08-27 11:30:13,209 [Worker-19: Download sources and javadoc] INFO  o.e.m.c.i.e.AbstractTransferListenerAdapter - Downloaded https://repo.maven.apache.org/maven2/org/slf4j/slf4j-api/1.6.6/slf4j-api-1.6.6-sources.jar
2026-08-27 11:30:13,310 [Worker-19: Download sources and javadoc] INFO  o.e.m.j.internal.DownloadSourcesJob - Downloaded sources for org.slf4j:slf4j-api:1.6.6
2026-08-27 11:30:13,351 [Worker-19: Download sources and javadoc] INFO  o.e.m.c.i.e.AbstractTransferListenerAdapter - Downloading https://repo.maven.apache.org/maven2/org/slf4j/jcl-over-slf4j/1.6.6/jcl-over-slf4j-1.6.6-sources.jar
2026-08-27 11:30:13,377 [Worker-19: Download sources and javadoc] INFO  o.e.m.c.i.e.AbstractTransferListenerAdapter - Downloaded https://repo.maven.apache.org/maven2/org/slf4j/jcl-over-slf4j/1.6.6/jcl-over-slf4j-1.6.6-sources.jar
2026-08-27 11:30:13,458 [Worker-19: Download sources and javadoc] INFO  o.e.m.j.internal.DownloadSourcesJob - Downloaded sources for org.slf4j:jcl-over-slf4j:1.6.6
2026-08-27 11:30:13,502 [Worker-19: Download sources and javadoc] INFO  o.e.m.c.i.e.AbstractTransferListenerAdapter - Downloading https://repo.maven.apache.org/maven2/org/slf4j/slf4j-log4j12/1.6.6/slf4j-log4j12-1.6.6-sources.jar
2026-08-27 11:30:13,552 [Worker-19: Download sources and javadoc] INFO  o.e.m.c.i.e.AbstractTransferListenerAdapter - Downloaded https://repo.maven.apache.org/maven2/org/slf4j/slf4j-log4j12/1.6.6/slf4j-log4j12-1.6.6-sources.jar
2026-08-27 11:30:13,640 [Worker-19: Download sources and javadoc] INFO  o.e.m.j.internal.DownloadSourcesJob - Downloaded sources for org.slf4j:slf4j-log4j12:1.6.6
2026-08-27 11:30:13,687 [Worker-19: Download sources and javadoc] INFO  o.e.m.c.i.e.AbstractTransferListenerAdapter - Downloading https://repo.maven.apache.org/maven2/log4j/log4j/1.2.15/log4j-1.2.15-sources.jar
2026-08-27 11:30:13,734 [Worker-19: Download sources and javadoc] INFO  o.e.m.c.i.e.AbstractTransferListenerAdapter - Downloaded https://repo.maven.apache.org/maven2/log4j/log4j/1.2.15/log4j-1.2.15-sources.jar
2026-08-27 11:30:13,813 [Worker-19: Download sources and javadoc] INFO  o.e.m.j.internal.DownloadSourcesJob - Downloaded sources for log4j:log4j:1.2.15
2026-08-27 11:30:13,860 [Worker-19: Download sources and javadoc] INFO  o.e.m.c.i.e.AbstractTransferListenerAdapter - Downloading https://repo.maven.apache.org/maven2/javax/inject/javax.inject/1/javax.inject-1-sources.jar
2026-08-27 11:30:13,892 [Worker-19: Download sources and javadoc] INFO  o.e.m.c.i.e.AbstractTransferListenerAdapter - Downloaded https://repo.maven.apache.org/maven2/javax/inject/javax.inject/1/javax.inject-1-sources.jar
2026-08-27 11:30:13,971 [Worker-19: Download sources and javadoc] INFO  o.e.m.j.internal.DownloadSourcesJob - Downloaded sources for javax.inject:javax.inject:1
2026-08-27 11:30:14,002 [Worker-19: Download sources and javadoc] INFO  o.e.m.c.i.e.AbstractTransferListenerAdapter - Downloading https://repo.maven.apache.org/maven2/javax/servlet/servlet-api/2.5/servlet-api-2.5-sources.jar
2026-08-27 11:30:14,041 [Worker-19: Download sources and javadoc] INFO  o.e.m.c.i.e.AbstractTransferListenerAdapter - Downloaded https://repo.maven.apache.org/maven2/javax/servlet/servlet-api/2.5/servlet-api-2.5-sources.jar
2026-08-27 11:30:14,192 [Worker-19: Download sources and javadoc] INFO  o.e.m.j.internal.DownloadSourcesJob - Downloaded sources for javax.servlet:servlet-api:2.5
2026-08-27 11:30:14,224 [Worker-19: Download sources and javadoc] INFO  o.e.m.c.i.e.AbstractTransferListenerAdapter - Downloading https://repo.maven.apache.org/maven2/javax/servlet/jsp/jsp-api/2.1/jsp-api-2.1-sources.jar
2026-08-27 11:30:14,263 [Worker-19: Download sources and javadoc] INFO  o.e.m.c.i.e.AbstractTransferListenerAdapter - Downloaded https://repo.maven.apache.org/maven2/javax/servlet/jsp/jsp-api/2.1/jsp-api-2.1-sources.jar
2026-08-27 11:30:14,350 [Worker-19: Download sources and javadoc] INFO  o.e.m.j.internal.DownloadSourcesJob - Downloaded sources for javax.servlet.jsp:jsp-api:2.1
2026-08-27 11:30:14,387 [Worker-19: Download sources and javadoc] INFO  o.e.m.c.i.e.AbstractTransferListenerAdapter - Downloading https://repo.maven.apache.org/maven2/javax/servlet/jstl/1.2/jstl-1.2-sources.jar
2026-08-27 11:30:14,444 [Worker-19: Download sources and javadoc] INFO  o.e.m.c.i.e.AbstractTransferListenerAdapter - Downloaded https://repo.maven.apache.org/maven2/javax/servlet/jstl/1.2/jstl-1.2-sources.jar
2026-08-27 11:30:14,523 [Worker-19: Download sources and javadoc] INFO  o.e.m.j.internal.DownloadSourcesJob - Downloaded sources for javax.servlet:jstl:1.2
2026-08-27 11:30:14,555 [Worker-19: Download sources and javadoc] INFO  o.e.m.c.i.e.AbstractTransferListenerAdapter - Downloading https://repo.maven.apache.org/maven2/junit/junit/4.7/junit-4.7-sources.jar
2026-08-27 11:30:14,591 [Worker-19: Download sources and javadoc] INFO  o.e.m.c.i.e.AbstractTransferListenerAdapter - Downloaded https://repo.maven.apache.org/maven2/junit/junit/4.7/junit-4.7-sources.jar
2026-08-27 11:30:14,682 [Worker-19: Download sources and javadoc] INFO  o.e.m.j.internal.DownloadSourcesJob - Downloaded sources for junit:junit:4.7
2026-08-27 11:30:14,687 [Worker-19: Download sources and javadoc] INFO  o.e.m.j.internal.DownloadSourcesJob - Downloaded sources for org.springframework:spring-expression:3.1.1.RELEASE
2026-08-27 11:30:14,687 [Worker-19: Download sources and javadoc] INFO  o.e.m.j.internal.DownloadSourcesJob - Downloaded sources for org.springframework:spring-asm:3.1.1.RELEASE
2026-08-27 11:30:14,692 [Worker-19: Download sources and javadoc] INFO  o.e.m.j.internal.DownloadSourcesJob - Downloaded sources for org.springframework:spring-webmvc:3.1.1.RELEASE
2026-08-27 11:30:14,692 [Worker-19: Download sources and javadoc] INFO  o.e.m.j.internal.DownloadSourcesJob - Downloaded sources for org.springframework:spring-context-support:3.1.1.RELEASE
2026-08-27 11:30:14,698 [Worker-19: Download sources and javadoc] INFO  o.e.m.j.internal.DownloadSourcesJob - Downloaded sources for org.springframework:spring-web:3.1.1.RELEASE
2026-08-27 11:30:14,702 [Worker-19: Download sources and javadoc] INFO  o.e.m.j.internal.DownloadSourcesJob - Downloaded sources for org.aspectj:aspectjrt:1.6.10
2026-08-27 11:30:14,704 [Worker-19: Download sources and javadoc] INFO  o.e.m.j.internal.DownloadSourcesJob - Downloaded sources for org.slf4j:slf4j-api:1.6.6
2026-08-27 11:30:14,706 [Worker-19: Download sources and javadoc] INFO  o.e.m.j.internal.DownloadSourcesJob - Downloaded sources for org.slf4j:jcl-over-slf4j:1.6.6
2026-08-27 11:30:14,710 [Worker-19: Download sources and javadoc] INFO  o.e.m.j.internal.DownloadSourcesJob - Downloaded sources for org.slf4j:slf4j-log4j12:1.6.6
2026-08-27 11:30:14,712 [Worker-19: Download sources and javadoc] INFO  o.e.m.j.internal.DownloadSourcesJob - Downloaded sources for log4j:log4j:1.2.15
2026-08-27 11:30:14,714 [Worker-19: Download sources and javadoc] INFO  o.e.m.j.internal.DownloadSourcesJob - Downloaded sources for javax.inject:javax.inject:1
2026-08-27 11:30:14,718 [Worker-19: Download sources and javadoc] INFO  o.e.m.j.internal.DownloadSourcesJob - Downloaded sources for javax.servlet:servlet-api:2.5
2026-08-27 11:30:14,720 [Worker-19: Download sources and javadoc] INFO  o.e.m.j.internal.DownloadSourcesJob - Downloaded sources for javax.servlet.jsp:jsp-api:2.1
2026-08-27 11:30:14,724 [Worker-19: Download sources and javadoc] INFO  o.e.m.j.internal.DownloadSourcesJob - Downloaded sources for javax.servlet:jstl:1.2
2026-08-27 11:30:14,726 [Worker-19: Download sources and javadoc] INFO  o.e.m.j.internal.DownloadSourcesJob - Downloaded sources for junit:junit:4.7
2026-08-27 11:30:15,212 [Worker-20: Building workspace] WARN  o.e.m.c.i.embedder.EclipseLogger - Using platform encoding (MS949 actually) to copy filtered resources, i.e. build is platform dependent!
2026-08-27 11:30:15,221 [Worker-20: Building workspace] INFO  o.e.m.c.i.embedder.EclipseLogger - Copying 1 resource
2026-08-27 11:30:15,223 [Worker-20: Building workspace] WARN  o.e.m.c.i.embedder.EclipseLogger - Using platform encoding (MS949 actually) to copy filtered resources, i.e. build is platform dependent!
2026-08-27 11:30:15,225 [Worker-20: Building workspace] INFO  o.e.m.c.i.embedder.EclipseLogger - Copying 1 resource
2026-08-27 12:09:33,680 [Worker-42: Building workspace] WARN  o.e.m.c.i.embedder.EclipseLogger - Using platform encoding (MS949 actually) to copy filtered resources, i.e. build is platform dependent!
2026-08-27 12:09:33,680 [Worker-42: Building workspace] INFO  o.e.m.c.i.embedder.EclipseLogger - Copying 1 resource
2026-08-27 12:09:33,685 [Worker-42: Building workspace] WARN  o.e.m.c.i.embedder.EclipseLogger - Using platform encoding (MS949 actually) to copy filtered resources, i.e. build is platform dependent!
2026-08-27 12:09:33,685 [Worker-42: Building workspace] INFO  o.e.m.c.i.embedder.EclipseLogger - Copying 1 resource
2026-08-27 12:09:33,688 [Worker-42: Building workspace] INFO  o.e.m.w.i.f.ResourceFilteringBuildParticipant - Changed resources require a complete clean of filtered resources of aaa
2026-08-27 12:09:33,688 [Worker-42: Building workspace] INFO  o.e.m.w.i.f.ResourceFilteringBuildParticipant - Executing resource filtering for aaa
2026-08-27 12:09:33,698 [Worker-42: Building workspace] WARN  o.e.m.c.i.embedder.EclipseLogger - Using platform encoding (MS949 actually) to copy filtered resources, i.e. build is platform dependent!
2026-08-27 12:16:32,698 [Worker-42: Building workspace] WARN  o.e.m.c.i.embedder.EclipseLogger - Using platform encoding (MS949 actually) to copy filtered resources, i.e. build is platform dependent!
2026-08-27 12:16:32,698 [Worker-42: Building workspace] INFO  o.e.m.c.i.embedder.EclipseLogger - Copying 0 resource
2026-08-27 12:16:32,698 [Worker-42: Building workspace] WARN  o.e.m.c.i.embedder.EclipseLogger - Using platform encoding (MS949 actually) to copy filtered resources, i.e. build is platform dependent!
2026-08-27 12:16:32,698 [Worker-42: Building workspace] INFO  o.e.m.c.i.embedder.EclipseLogger - Copying 0 resource
2026-08-27 12:25:26,817 [Worker-55: Building workspace] INFO  o.e.m.c.i.l.LifecycleMappingFactory - Using org.maven.ide.eclipse.wtp.WarLifecycleMapping lifecycle mapping for MavenProject: org.joonzis:controller:1.0.0-BUILD-SNAPSHOT @ C:\dev\workspace\workspace-spring\chapter01_overview\pom.xml.
2026-08-27 12:25:27,328 [Worker-55: Building workspace] WARN  o.e.m.c.i.embedder.EclipseLogger - Using platform encoding (MS949 actually) to copy filtered resources, i.e. build is platform dependent!
2026-08-27 12:25:27,328 [Worker-55: Building workspace] INFO  o.e.m.c.i.embedder.EclipseLogger - Copying 1 resource
2026-08-27 12:25:27,336 [Worker-55: Building workspace] WARN  o.e.m.c.i.embedder.EclipseLogger - Using platform encoding (MS949 actually) to copy filtered resources, i.e. build is platform dependent!
2026-08-27 12:25:27,336 [Worker-55: Building workspace] INFO  o.e.m.c.i.embedder.EclipseLogger - Copying 1 resource
2026-08-27 12:25:29,323 [Worker-55: Building workspace] WARN  o.e.m.c.i.embedder.EclipseLogger - Using platform encoding (MS949 actually) to copy filtered resources, i.e. build is platform dependent!
2026-08-27 12:25:29,327 [Worker-55: Building workspace] INFO  o.e.m.c.i.embedder.EclipseLogger - Copying 1 resource
2026-08-27 12:25:29,327 [Worker-55: Building workspace] WARN  o.e.m.c.i.embedder.EclipseLogger - Using platform encoding (MS949 actually) to copy filtered resources, i.e. build is platform dependent!
2026-08-27 12:25:29,330 [Worker-55: Building workspace] INFO  o.e.m.c.i.embedder.EclipseLogger - Copying 1 resource
2026-08-27 12:27:30,341 [Worker-45: Building workspace] INFO  o.e.m.c.i.l.LifecycleMappingFactory - Using org.maven.ide.eclipse.wtp.WarLifecycleMapping lifecycle mapping for MavenProject: org.joonzis:controller:1.0.0-BUILD-SNAPSHOT @ C:\dev\workspace\workspace-spring\chapter02_DI\pom.xml.
2026-08-27 12:27:30,531 [Worker-45: Building workspace] WARN  o.e.m.c.i.embedder.EclipseLogger - Using platform encoding (MS949 actually) to copy filtered resources, i.e. build is platform dependent!
2026-08-27 12:27:30,531 [Worker-45: Building workspace] INFO  o.e.m.c.i.embedder.EclipseLogger - Copying 1 resource
2026-08-27 12:27:30,531 [Worker-45: Building workspace] WARN  o.e.m.c.i.embedder.EclipseLogger - Using platform encoding (MS949 actually) to copy filtered resources, i.e. build is platform dependent!
2026-08-27 12:27:30,531 [Worker-45: Building workspace] INFO  o.e.m.c.i.embedder.EclipseLogger - Copying 1 resource
2026-08-27 12:27:31,651 [Worker-58: Building workspace] WARN  o.e.m.c.i.embedder.EclipseLogger - Using platform encoding (MS949 actually) to copy filtered resources, i.e. build is platform dependent!
2026-08-27 12:27:31,651 [Worker-58: Building workspace] INFO  o.e.m.c.i.embedder.EclipseLogger - Copying 1 resource
2026-08-27 12:27:31,659 [Worker-58: Building workspace] WARN  o.e.m.c.i.embedder.EclipseLogger - Using platform encoding (MS949 actually) to copy filtered resources, i.e. build is platform dependent!
2026-08-27 12:27:31,659 [Worker-58: Building workspace] INFO  o.e.m.c.i.embedder.EclipseLogger - Copying 1 resource
2026-08-27 12:27:58,985 [Worker-57: Building workspace] WARN  o.e.m.c.i.embedder.EclipseLogger - Using platform encoding (MS949 actually) to copy filtered resources, i.e. build is platform dependent!
2026-08-27 12:27:58,985 [Worker-57: Building workspace] INFO  o.e.m.c.i.embedder.EclipseLogger - Copying 1 resource
2026-08-27 12:27:58,996 [Worker-57: Building workspace] WARN  o.e.m.c.i.embedder.EclipseLogger - Using platform encoding (MS949 actually) to copy filtered resources, i.e. build is platform dependent!
2026-08-27 12:27:58,996 [Worker-57: Building workspace] INFO  o.e.m.c.i.embedder.EclipseLogger - Copying 0 resource
2026-08-27 12:30:45,424 [Worker-57: Building workspace] WARN  o.e.m.c.i.embedder.EclipseLogger - Using platform encoding (MS949 actually) to copy filtered resources, i.e. build is platform dependent!
2026-08-27 12:30:45,424 [Worker-57: Building workspace] INFO  o.e.m.c.i.embedder.EclipseLogger - Copying 1 resource
2026-08-27 12:30:45,424 [Worker-57: Building workspace] WARN  o.e.m.c.i.embedder.EclipseLogger - Using platform encoding (MS949 actually) to copy filtered resources, i.e. build is platform dependent!
2026-08-27 12:30:45,424 [Worker-57: Building workspace] INFO  o.e.m.c.i.embedder.EclipseLogger - Copying 0 resource
2026-08-27 12:38:02,412 [Worker-56: Building workspace] WARN  o.e.m.c.i.embedder.EclipseLogger - Using platform encoding (MS949 actually) to copy filtered resources, i.e. build is platform dependent!
2026-08-27 12:38:02,416 [Worker-56: Building workspace] INFO  o.e.m.c.i.embedder.EclipseLogger - Copying 1 resource
2026-08-27 12:38:02,416 [Worker-56: Building workspace] WARN  o.e.m.c.i.embedder.EclipseLogger - Using platform encoding (MS949 actually) to copy filtered resources, i.e. build is platform dependent!
2026-08-27 12:38:02,416 [Worker-56: Building workspace] INFO  o.e.m.c.i.embedder.EclipseLogger - Copying 0 resource
2026-08-27 12:38:17,475 [Worker-59: Building workspace] WARN  o.e.m.c.i.embedder.EclipseLogger - Using platform encoding (MS949 actually) to copy filtered resources, i.e. build is platform dependent!
2026-08-27 12:38:17,475 [Worker-59: Building workspace] INFO  o.e.m.c.i.embedder.EclipseLogger - Copying 1 resource
2026-08-27 12:38:17,475 [Worker-59: Building workspace] WARN  o.e.m.c.i.embedder.EclipseLogger - Using platform encoding (MS949 actually) to copy filtered resources, i.e. build is platform dependent!
2026-08-27 12:38:17,475 [Worker-59: Building workspace] INFO  o.e.m.c.i.embedder.EclipseLogger - Copying 0 resource
2026-08-27 12:38:29,294 [Worker-60: Building workspace] WARN  o.e.m.c.i.embedder.EclipseLogger - Using platform encoding (MS949 actually) to copy filtered resources, i.e. build is platform dependent!
2026-08-27 12:38:29,294 [Worker-60: Building workspace] INFO  o.e.m.c.i.embedder.EclipseLogger - Copying 1 resource
2026-08-27 12:38:29,296 [Worker-60: Building workspace] WARN  o.e.m.c.i.embedder.EclipseLogger - Using platform encoding (MS949 actually) to copy filtered resources, i.e. build is platform dependent!
2026-08-27 12:38:29,296 [Worker-60: Building workspace] INFO  o.e.m.c.i.embedder.EclipseLogger - Copying 0 resource
2026-08-27 12:38:41,106 [Worker-45: Building workspace] WARN  o.e.m.c.i.embedder.EclipseLogger - Using platform encoding (MS949 actually) to copy filtered resources, i.e. build is platform dependent!
2026-08-27 12:38:41,106 [Worker-45: Building workspace] INFO  o.e.m.c.i.embedder.EclipseLogger - Copying 1 resource
2026-08-27 12:38:41,122 [Worker-45: Building workspace] WARN  o.e.m.c.i.embedder.EclipseLogger - Using platform encoding (MS949 actually) to copy filtered resources, i.e. build is platform dependent!
2026-08-27 12:38:41,122 [Worker-45: Building workspace] INFO  o.e.m.c.i.embedder.EclipseLogger - Copying 0 resource
2026-08-27 12:41:39,000 [Worker-56: Building workspace] WARN  o.e.m.c.i.embedder.EclipseLogger - Using platform encoding (MS949 actually) to copy filtered resources, i.e. build is platform dependent!
2026-08-27 12:41:39,000 [Worker-56: Building workspace] INFO  o.e.m.c.i.embedder.EclipseLogger - Copying 1 resource
2026-08-27 12:41:39,000 [Worker-56: Building workspace] WARN  o.e.m.c.i.embedder.EclipseLogger - Using platform encoding (MS949 actually) to copy filtered resources, i.e. build is platform dependent!
2026-08-27 12:41:39,000 [Worker-56: Building workspace] INFO  o.e.m.c.i.embedder.EclipseLogger - Copying 0 resource
2026-08-27 12:43:33,247 [Worker-56: Building workspace] WARN  o.e.m.c.i.embedder.EclipseLogger - Using platform encoding (MS949 actually) to copy filtered resources, i.e. build is platform dependent!
2026-08-27 12:43:33,249 [Worker-56: Building workspace] INFO  o.e.m.c.i.embedder.EclipseLogger - Copying 1 resource
2026-08-27 12:43:33,251 [Worker-56: Building workspace] WARN  o.e.m.c.i.embedder.EclipseLogger - Using platform encoding (MS949 actually) to copy filtered resources, i.e. build is platform dependent!
2026-08-27 12:43:33,251 [Worker-56: Building workspace] INFO  o.e.m.c.i.embedder.EclipseLogger - Copying 0 resource
2026-08-27 12:43:38,056 [Worker-45: Building workspace] WARN  o.e.m.c.i.embedder.EclipseLogger - Using platform encoding (MS949 actually) to copy filtered resources, i.e. build is platform dependent!
2026-08-27 12:43:38,056 [Worker-45: Building workspace] INFO  o.e.m.c.i.embedder.EclipseLogger - Copying 1 resource
2026-08-27 12:43:38,056 [Worker-45: Building workspace] WARN  o.e.m.c.i.embedder.EclipseLogger - Using platform encoding (MS949 actually) to copy filtered resources, i.e. build is platform dependent!
2026-08-27 12:43:38,056 [Worker-45: Building workspace] INFO  o.e.m.c.i.embedder.EclipseLogger - Copying 0 resource
2026-08-27 12:45:59,230 [Worker-61: Building workspace] WARN  o.e.m.c.i.embedder.EclipseLogger - Using platform encoding (MS949 actually) to copy filtered resources, i.e. build is platform dependent!
2026-08-27 12:45:59,230 [Worker-61: Building workspace] INFO  o.e.m.c.i.embedder.EclipseLogger - Copying 1 resource
2026-08-27 12:45:59,230 [Worker-61: Building workspace] WARN  o.e.m.c.i.embedder.EclipseLogger - Using platform encoding (MS949 actually) to copy filtered resources, i.e. build is platform dependent!
2026-08-27 12:45:59,230 [Worker-61: Building workspace] INFO  o.e.m.c.i.embedder.EclipseLogger - Copying 0 resource
2026-08-27 12:46:07,171 [Worker-56: Building workspace] WARN  o.e.m.c.i.embedder.EclipseLogger - Using platform encoding (MS949 actually) to copy filtered resources, i.e. build is platform dependent!
2026-08-27 12:46:07,171 [Worker-56: Building workspace] INFO  o.e.m.c.i.embedder.EclipseLogger - Copying 1 resource
2026-08-27 12:46:07,171 [Worker-56: Building workspace] WARN  o.e.m.c.i.embedder.EclipseLogger - Using platform encoding (MS949 actually) to copy filtered resources, i.e. build is platform dependent!
2026-08-27 12:46:07,177 [Worker-56: Building workspace] INFO  o.e.m.c.i.embedder.EclipseLogger - Copying 0 resource
2026-08-27 12:46:14,724 [Worker-61: Building workspace] WARN  o.e.m.c.i.embedder.EclipseLogger - Using platform encoding (MS949 actually) to copy filtered resources, i.e. build is platform dependent!
2026-08-27 12:46:14,724 [Worker-61: Building workspace] INFO  o.e.m.c.i.embedder.EclipseLogger - Copying 1 resource
2026-08-27 12:46:14,724 [Worker-61: Building workspace] WARN  o.e.m.c.i.embedder.EclipseLogger - Using platform encoding (MS949 actually) to copy filtered resources, i.e. build is platform dependent!
2026-08-27 12:46:14,724 [Worker-61: Building workspace] INFO  o.e.m.c.i.embedder.EclipseLogger - Copying 0 resource
2026-08-27 12:46:34,865 [Worker-53: Building workspace] WARN  o.e.m.c.i.embedder.EclipseLogger - Using platform encoding (MS949 actually) to copy filtered resources, i.e. build is platform dependent!
2026-08-27 12:46:34,865 [Worker-53: Building workspace] INFO  o.e.m.c.i.embedder.EclipseLogger - Copying 1 resource
2026-08-27 12:46:34,865 [Worker-53: Building workspace] WARN  o.e.m.c.i.embedder.EclipseLogger - Using platform encoding (MS949 actually) to copy filtered resources, i.e. build is platform dependent!
2026-08-27 12:46:34,871 [Worker-53: Building workspace] INFO  o.e.m.c.i.embedder.EclipseLogger - Copying 0 resource
2026-08-27 12:46:39,551 [Worker-61: Building workspace] WARN  o.e.m.c.i.embedder.EclipseLogger - Using platform encoding (MS949 actually) to copy filtered resources, i.e. build is platform dependent!
2026-08-27 12:46:39,551 [Worker-61: Building workspace] INFO  o.e.m.c.i.embedder.EclipseLogger - Copying 1 resource
2026-08-27 12:46:39,551 [Worker-61: Building workspace] WARN  o.e.m.c.i.embedder.EclipseLogger - Using platform encoding (MS949 actually) to copy filtered resources, i.e. build is platform dependent!
2026-08-27 12:46:39,566 [Worker-61: Building workspace] INFO  o.e.m.c.i.embedder.EclipseLogger - Copying 0 resource
2026-08-27 12:47:08,377 [Worker-56: Building workspace] WARN  o.e.m.c.i.embedder.EclipseLogger - Using platform encoding (MS949 actually) to copy filtered resources, i.e. build is platform dependent!
2026-08-27 12:47:08,379 [Worker-56: Building workspace] INFO  o.e.m.c.i.embedder.EclipseLogger - Copying 1 resource
2026-08-27 12:47:08,380 [Worker-56: Building workspace] WARN  o.e.m.c.i.embedder.EclipseLogger - Using platform encoding (MS949 actually) to copy filtered resources, i.e. build is platform dependent!
2026-08-27 12:47:08,380 [Worker-56: Building workspace] INFO  o.e.m.c.i.embedder.EclipseLogger - Copying 0 resource
2026-08-27 12:47:17,858 [Worker-61: Building workspace] WARN  o.e.m.c.i.embedder.EclipseLogger - Using platform encoding (MS949 actually) to copy filtered resources, i.e. build is platform dependent!
2026-08-27 12:47:17,858 [Worker-61: Building workspace] INFO  o.e.m.c.i.embedder.EclipseLogger - Copying 1 resource
2026-08-27 12:47:17,858 [Worker-61: Building workspace] WARN  o.e.m.c.i.embedder.EclipseLogger - Using platform encoding (MS949 actually) to copy filtered resources, i.e. build is platform dependent!
2026-08-27 12:47:17,863 [Worker-61: Building workspace] INFO  o.e.m.c.i.embedder.EclipseLogger - Copying 0 resource
2026-08-27 12:47:19,107 [Worker-56: Building workspace] WARN  o.e.m.c.i.embedder.EclipseLogger - Using platform encoding (MS949 actually) to copy filtered resources, i.e. build is platform dependent!
2026-08-27 12:47:19,108 [Worker-56: Building workspace] INFO  o.e.m.c.i.embedder.EclipseLogger - Copying 1 resource
2026-08-27 12:47:19,109 [Worker-56: Building workspace] WARN  o.e.m.c.i.embedder.EclipseLogger - Using platform encoding (MS949 actually) to copy filtered resources, i.e. build is platform dependent!
2026-08-27 12:47:19,109 [Worker-56: Building workspace] INFO  o.e.m.c.i.embedder.EclipseLogger - Copying 0 resource
2026-08-27 12:47:21,694 [Worker-61: Building workspace] WARN  o.e.m.c.i.embedder.EclipseLogger - Using platform encoding (MS949 actually) to copy filtered resources, i.e. build is platform dependent!
2026-08-27 12:47:21,694 [Worker-61: Building workspace] INFO  o.e.m.c.i.embedder.EclipseLogger - Copying 1 resource
2026-08-27 12:47:21,694 [Worker-61: Building workspace] WARN  o.e.m.c.i.embedder.EclipseLogger - Using platform encoding (MS949 actually) to copy filtered resources, i.e. build is platform dependent!
2026-08-27 12:47:21,694 [Worker-61: Building workspace] INFO  o.e.m.c.i.embedder.EclipseLogger - Copying 0 resource
2026-08-27 12:47:37,178 [Worker-53: Building workspace] WARN  o.e.m.c.i.embedder.EclipseLogger - Using platform encoding (MS949 actually) to copy filtered resources, i.e. build is platform dependent!
2026-08-27 12:47:37,194 [Worker-53: Building workspace] INFO  o.e.m.c.i.embedder.EclipseLogger - Copying 1 resource
2026-08-27 12:47:37,194 [Worker-53: Building workspace] WARN  o.e.m.c.i.embedder.EclipseLogger - Using platform encoding (MS949 actually) to copy filtered resources, i.e. build is platform dependent!
2026-08-27 12:47:37,194 [Worker-53: Building workspace] INFO  o.e.m.c.i.embedder.EclipseLogger - Copying 0 resource
2026-08-27 12:49:43,730 [Worker-61: Building workspace] WARN  o.e.m.c.i.embedder.EclipseLogger - Using platform encoding (MS949 actually) to copy filtered resources, i.e. build is platform dependent!
2026-08-27 12:49:43,732 [Worker-61: Building workspace] INFO  o.e.m.c.i.embedder.EclipseLogger - Copying 1 resource
2026-08-27 12:49:43,734 [Worker-61: Building workspace] WARN  o.e.m.c.i.embedder.EclipseLogger - Using platform encoding (MS949 actually) to copy filtered resources, i.e. build is platform dependent!
2026-08-27 12:49:43,734 [Worker-61: Building workspace] INFO  o.e.m.c.i.embedder.EclipseLogger - Copying 0 resource
2026-08-27 12:52:37,653 [Worker-62: Building workspace] WARN  o.e.m.c.i.embedder.EclipseLogger - Using platform encoding (MS949 actually) to copy filtered resources, i.e. build is platform dependent!
2026-08-27 12:52:37,653 [Worker-62: Building workspace] INFO  o.e.m.c.i.embedder.EclipseLogger - Copying 1 resource
2026-08-27 12:52:37,653 [Worker-62: Building workspace] WARN  o.e.m.c.i.embedder.EclipseLogger - Using platform encoding (MS949 actually) to copy filtered resources, i.e. build is platform dependent!
2026-08-27 12:52:37,653 [Worker-62: Building workspace] INFO  o.e.m.c.i.embedder.EclipseLogger - Copying 0 resource
2026-08-27 12:53:18,524 [Worker-53: Building workspace] WARN  o.e.m.c.i.embedder.EclipseLogger - Using platform encoding (MS949 actually) to copy filtered resources, i.e. build is platform dependent!
2026-08-27 12:53:18,524 [Worker-53: Building workspace] INFO  o.e.m.c.i.embedder.EclipseLogger - Copying 1 resource
2026-08-27 12:53:18,524 [Worker-53: Building workspace] WARN  o.e.m.c.i.embedder.EclipseLogger - Using platform encoding (MS949 actually) to copy filtered resources, i.e. build is platform dependent!
2026-08-27 12:53:18,524 [Worker-53: Building workspace] INFO  o.e.m.c.i.embedder.EclipseLogger - Copying 0 resource
2026-08-27 12:54:00,109 [Worker-64: Building workspace] WARN  o.e.m.c.i.embedder.EclipseLogger - Using platform encoding (MS949 actually) to copy filtered resources, i.e. build is platform dependent!
2026-08-27 12:54:00,109 [Worker-64: Building workspace] INFO  o.e.m.c.i.embedder.EclipseLogger - Copying 1 resource
2026-08-27 12:54:00,112 [Worker-64: Building workspace] WARN  o.e.m.c.i.embedder.EclipseLogger - Using platform encoding (MS949 actually) to copy filtered resources, i.e. build is platform dependent!
2026-08-27 12:54:00,112 [Worker-64: Building workspace] INFO  o.e.m.c.i.embedder.EclipseLogger - Copying 0 resource
2026-08-27 13:21:05,567 [Worker-71: Building workspace] WARN  o.e.m.c.i.embedder.EclipseLogger - Using platform encoding (MS949 actually) to copy filtered resources, i.e. build is platform dependent!
2026-08-27 13:21:05,567 [Worker-71: Building workspace] INFO  o.e.m.c.i.embedder.EclipseLogger - Copying 1 resource
2026-08-27 13:21:05,567 [Worker-71: Building workspace] WARN  o.e.m.c.i.embedder.EclipseLogger - Using platform encoding (MS949 actually) to copy filtered resources, i.e. build is platform dependent!
2026-08-27 13:21:05,567 [Worker-71: Building workspace] INFO  o.e.m.c.i.embedder.EclipseLogger - Copying 0 resource
2026-08-27 14:02:06,172 [Worker-85: Building workspace] WARN  o.e.m.c.i.embedder.EclipseLogger - Using platform encoding (MS949 actually) to copy filtered resources, i.e. build is platform dependent!
2026-08-27 14:02:06,172 [Worker-85: Building workspace] INFO  o.e.m.c.i.embedder.EclipseLogger - Copying 1 resource
2026-08-27 14:02:06,172 [Worker-85: Building workspace] WARN  o.e.m.c.i.embedder.EclipseLogger - Using platform encoding (MS949 actually) to copy filtered resources, i.e. build is platform dependent!
2026-08-27 14:02:06,179 [Worker-85: Building workspace] INFO  o.e.m.c.i.embedder.EclipseLogger - Copying 0 resource
2026-08-27 14:05:38,663 [Worker-86: Building workspace] WARN  o.e.m.c.i.embedder.EclipseLogger - Using platform encoding (MS949 actually) to copy filtered resources, i.e. build is platform dependent!
2026-08-27 14:05:38,663 [Worker-86: Building workspace] INFO  o.e.m.c.i.embedder.EclipseLogger - Copying 1 resource
2026-08-27 14:05:38,665 [Worker-86: Building workspace] WARN  o.e.m.c.i.embedder.EclipseLogger - Using platform encoding (MS949 actually) to copy filtered resources, i.e. build is platform dependent!
2026-08-27 14:05:38,666 [Worker-86: Building workspace] INFO  o.e.m.c.i.embedder.EclipseLogger - Copying 0 resource
2026-08-27 14:06:43,740 [Worker-92: Building workspace] WARN  o.e.m.c.i.embedder.EclipseLogger - Using platform encoding (MS949 actually) to copy filtered resources, i.e. build is platform dependent!
2026-08-27 14:06:43,741 [Worker-92: Building workspace] INFO  o.e.m.c.i.embedder.EclipseLogger - Copying 1 resource
2026-08-27 14:06:43,744 [Worker-92: Building workspace] WARN  o.e.m.c.i.embedder.EclipseLogger - Using platform encoding (MS949 actually) to copy filtered resources, i.e. build is platform dependent!
2026-08-27 14:06:43,745 [Worker-92: Building workspace] INFO  o.e.m.c.i.embedder.EclipseLogger - Copying 0 resource
2026-08-27 14:13:07,338 [Worker-89: Building workspace] WARN  o.e.m.c.i.embedder.EclipseLogger - Using platform encoding (MS949 actually) to copy filtered resources, i.e. build is platform dependent!
2026-08-27 14:13:07,340 [Worker-89: Building workspace] INFO  o.e.m.c.i.embedder.EclipseLogger - Copying 1 resource
2026-08-27 14:13:07,343 [Worker-89: Building workspace] WARN  o.e.m.c.i.embedder.EclipseLogger - Using platform encoding (MS949 actually) to copy filtered resources, i.e. build is platform dependent!
2026-08-27 14:13:07,343 [Worker-89: Building workspace] INFO  o.e.m.c.i.embedder.EclipseLogger - Copying 0 resource
2026-08-27 14:14:41,856 [Worker-90: Building workspace] WARN  o.e.m.c.i.embedder.EclipseLogger - Using platform encoding (MS949 actually) to copy filtered resources, i.e. build is platform dependent!
2026-08-27 14:14:41,857 [Worker-90: Building workspace] INFO  o.e.m.c.i.embedder.EclipseLogger - Copying 1 resource
2026-08-27 14:14:41,859 [Worker-90: Building workspace] WARN  o.e.m.c.i.embedder.EclipseLogger - Using platform encoding (MS949 actually) to copy filtered resources, i.e. build is platform dependent!
2026-08-27 14:14:41,860 [Worker-90: Building workspace] INFO  o.e.m.c.i.embedder.EclipseLogger - Copying 0 resource
2026-08-27 14:16:09,284 [Worker-87: Building workspace] WARN  o.e.m.c.i.embedder.EclipseLogger - Using platform encoding (MS949 actually) to copy filtered resources, i.e. build is platform dependent!
2026-08-27 14:16:09,285 [Worker-87: Building workspace] INFO  o.e.m.c.i.embedder.EclipseLogger - Copying 1 resource
2026-08-27 14:16:09,287 [Worker-87: Building workspace] WARN  o.e.m.c.i.embedder.EclipseLogger - Using platform encoding (MS949 actually) to copy filtered resources, i.e. build is platform dependent!
2026-08-27 14:16:09,288 [Worker-87: Building workspace] INFO  o.e.m.c.i.embedder.EclipseLogger - Copying 0 resource
2026-08-27 14:18:46,239 [Worker-86: Building workspace] WARN  o.e.m.c.i.embedder.EclipseLogger - Using platform encoding (MS949 actually) to copy filtered resources, i.e. build is platform dependent!
2026-08-27 14:18:46,241 [Worker-86: Building workspace] INFO  o.e.m.c.i.embedder.EclipseLogger - Copying 2 resources
2026-08-27 14:18:46,243 [Worker-86: Building workspace] WARN  o.e.m.c.i.embedder.EclipseLogger - Using platform encoding (MS949 actually) to copy filtered resources, i.e. build is platform dependent!
2026-08-27 14:18:46,244 [Worker-86: Building workspace] INFO  o.e.m.c.i.embedder.EclipseLogger - Copying 0 resource
2026-08-27 14:19:20,229 [Worker-88: Building workspace] WARN  o.e.m.c.i.embedder.EclipseLogger - Using platform encoding (MS949 actually) to copy filtered resources, i.e. build is platform dependent!
2026-08-27 14:19:20,230 [Worker-88: Building workspace] INFO  o.e.m.c.i.embedder.EclipseLogger - Copying 2 resources
2026-08-27 14:19:20,230 [Worker-88: Building workspace] WARN  o.e.m.c.i.embedder.EclipseLogger - Using platform encoding (MS949 actually) to copy filtered resources, i.e. build is platform dependent!
2026-08-27 14:19:20,231 [Worker-88: Building workspace] INFO  o.e.m.c.i.embedder.EclipseLogger - Copying 0 resource
2026-08-27 14:20:01,749 [Worker-86: Building workspace] WARN  o.e.m.c.i.embedder.EclipseLogger - Using platform encoding (MS949 actually) to copy filtered resources, i.e. build is platform dependent!
2026-08-27 14:20:01,750 [Worker-86: Building workspace] INFO  o.e.m.c.i.embedder.EclipseLogger - Copying 2 resources
2026-08-27 14:20:01,752 [Worker-86: Building workspace] WARN  o.e.m.c.i.embedder.EclipseLogger - Using platform encoding (MS949 actually) to copy filtered resources, i.e. build is platform dependent!
2026-08-27 14:20:01,753 [Worker-86: Building workspace] INFO  o.e.m.c.i.embedder.EclipseLogger - Copying 0 resource
2026-08-27 14:20:05,917 [Worker-86: Building workspace] WARN  o.e.m.c.i.embedder.EclipseLogger - Using platform encoding (MS949 actually) to copy filtered resources, i.e. build is platform dependent!
2026-08-27 14:20:05,919 [Worker-86: Building workspace] INFO  o.e.m.c.i.embedder.EclipseLogger - Copying 2 resources
2026-08-27 14:20:05,920 [Worker-86: Building workspace] WARN  o.e.m.c.i.embedder.EclipseLogger - Using platform encoding (MS949 actually) to copy filtered resources, i.e. build is platform dependent!
2026-08-27 14:20:05,922 [Worker-86: Building workspace] INFO  o.e.m.c.i.embedder.EclipseLogger - Copying 0 resource
2026-08-27 14:22:53,653 [Worker-87: Building workspace] WARN  o.e.m.c.i.embedder.EclipseLogger - Using platform encoding (MS949 actually) to copy filtered resources, i.e. build is platform dependent!
2026-08-27 14:22:53,655 [Worker-87: Building workspace] INFO  o.e.m.c.i.embedder.EclipseLogger - Copying 2 resources
2026-08-27 14:22:53,655 [Worker-87: Building workspace] WARN  o.e.m.c.i.embedder.EclipseLogger - Using platform encoding (MS949 actually) to copy filtered resources, i.e. build is platform dependent!
2026-08-27 14:22:53,656 [Worker-87: Building workspace] INFO  o.e.m.c.i.embedder.EclipseLogger - Copying 0 resource
2026-08-27 14:23:15,424 [Worker-89: Building workspace] WARN  o.e.m.c.i.embedder.EclipseLogger - Using platform encoding (MS949 actually) to copy filtered resources, i.e. build is platform dependent!
2026-08-27 14:23:15,425 [Worker-89: Building workspace] INFO  o.e.m.c.i.embedder.EclipseLogger - Copying 2 resources
2026-08-27 14:23:15,427 [Worker-89: Building workspace] WARN  o.e.m.c.i.embedder.EclipseLogger - Using platform encoding (MS949 actually) to copy filtered resources, i.e. build is platform dependent!
2026-08-27 14:23:15,428 [Worker-89: Building workspace] INFO  o.e.m.c.i.embedder.EclipseLogger - Copying 0 resource
2026-08-27 14:23:25,442 [Worker-92: Building workspace] WARN  o.e.m.c.i.embedder.EclipseLogger - Using platform encoding (MS949 actually) to copy filtered resources, i.e. build is platform dependent!
2026-08-27 14:23:25,444 [Worker-92: Building workspace] INFO  o.e.m.c.i.embedder.EclipseLogger - Copying 2 resources
2026-08-27 14:23:25,447 [Worker-92: Building workspace] WARN  o.e.m.c.i.embedder.EclipseLogger - Using platform encoding (MS949 actually) to copy filtered resources, i.e. build is platform dependent!
2026-08-27 14:23:25,448 [Worker-92: Building workspace] INFO  o.e.m.c.i.embedder.EclipseLogger - Copying 0 resource
2026-08-27 14:24:32,135 [Worker-88: Building workspace] WARN  o.e.m.c.i.embedder.EclipseLogger - Using platform encoding (MS949 actually) to copy filtered resources, i.e. build is platform dependent!
2026-08-27 14:24:32,136 [Worker-88: Building workspace] INFO  o.e.m.c.i.embedder.EclipseLogger - Copying 2 resources
2026-08-27 14:24:32,137 [Worker-88: Building workspace] WARN  o.e.m.c.i.embedder.EclipseLogger - Using platform encoding (MS949 actually) to copy filtered resources, i.e. build is platform dependent!
2026-08-27 14:24:32,138 [Worker-88: Building workspace] INFO  o.e.m.c.i.embedder.EclipseLogger - Copying 0 resource
2026-08-27 14:24:48,120 [Worker-89: Building workspace] WARN  o.e.m.c.i.embedder.EclipseLogger - Using platform encoding (MS949 actually) to copy filtered resources, i.e. build is platform dependent!
2026-08-27 14:24:48,123 [Worker-89: Building workspace] INFO  o.e.m.c.i.embedder.EclipseLogger - Copying 2 resources
2026-08-27 14:24:48,125 [Worker-89: Building workspace] WARN  o.e.m.c.i.embedder.EclipseLogger - Using platform encoding (MS949 actually) to copy filtered resources, i.e. build is platform dependent!
2026-08-27 14:24:48,126 [Worker-89: Building workspace] INFO  o.e.m.c.i.embedder.EclipseLogger - Copying 0 resource
2026-08-27 14:25:03,981 [Worker-86: Building workspace] WARN  o.e.m.c.i.embedder.EclipseLogger - Using platform encoding (MS949 actually) to copy filtered resources, i.e. build is platform dependent!
2026-08-27 14:25:03,982 [Worker-86: Building workspace] INFO  o.e.m.c.i.embedder.EclipseLogger - Copying 2 resources
2026-08-27 14:25:03,983 [Worker-86: Building workspace] WARN  o.e.m.c.i.embedder.EclipseLogger - Using platform encoding (MS949 actually) to copy filtered resources, i.e. build is platform dependent!
2026-08-27 14:25:03,984 [Worker-86: Building workspace] INFO  o.e.m.c.i.embedder.EclipseLogger - Copying 0 resource
2026-08-27 14:26:15,060 [Worker-88: Building workspace] WARN  o.e.m.c.i.embedder.EclipseLogger - Using platform encoding (MS949 actually) to copy filtered resources, i.e. build is platform dependent!
2026-08-27 14:26:15,061 [Worker-88: Building workspace] INFO  o.e.m.c.i.embedder.EclipseLogger - Copying 2 resources
2026-08-27 14:26:15,063 [Worker-88: Building workspace] WARN  o.e.m.c.i.embedder.EclipseLogger - Using platform encoding (MS949 actually) to copy filtered resources, i.e. build is platform dependent!
2026-08-27 14:26:15,064 [Worker-88: Building workspace] INFO  o.e.m.c.i.embedder.EclipseLogger - Copying 0 resource
2026-08-27 14:26:23,445 [Worker-86: Building workspace] WARN  o.e.m.c.i.embedder.EclipseLogger - Using platform encoding (MS949 actually) to copy filtered resources, i.e. build is platform dependent!
2026-08-27 14:26:23,449 [Worker-86: Building workspace] INFO  o.e.m.c.i.embedder.EclipseLogger - Copying 2 resources
2026-08-27 14:26:23,452 [Worker-86: Building workspace] WARN  o.e.m.c.i.embedder.EclipseLogger - Using platform encoding (MS949 actually) to copy filtered resources, i.e. build is platform dependent!
2026-08-27 14:26:23,454 [Worker-86: Building workspace] INFO  o.e.m.c.i.embedder.EclipseLogger - Copying 0 resource
2026-08-27 14:26:29,410 [Worker-88: Building workspace] WARN  o.e.m.c.i.embedder.EclipseLogger - Using platform encoding (MS949 actually) to copy filtered resources, i.e. build is platform dependent!
2026-08-27 14:26:29,411 [Worker-88: Building workspace] INFO  o.e.m.c.i.embedder.EclipseLogger - Copying 2 resources
2026-08-27 14:26:29,412 [Worker-88: Building workspace] WARN  o.e.m.c.i.embedder.EclipseLogger - Using platform encoding (MS949 actually) to copy filtered resources, i.e. build is platform dependent!
2026-08-27 14:26:29,414 [Worker-88: Building workspace] INFO  o.e.m.c.i.embedder.EclipseLogger - Copying 0 resource
2026-08-27 14:27:20,637 [Worker-90: Building workspace] WARN  o.e.m.c.i.embedder.EclipseLogger - Using platform encoding (MS949 actually) to copy filtered resources, i.e. build is platform dependent!
2026-08-27 14:27:20,639 [Worker-90: Building workspace] INFO  o.e.m.c.i.embedder.EclipseLogger - Copying 2 resources
2026-08-27 14:27:20,641 [Worker-90: Building workspace] WARN  o.e.m.c.i.embedder.EclipseLogger - Using platform encoding (MS949 actually) to copy filtered resources, i.e. build is platform dependent!
2026-08-27 14:27:20,643 [Worker-90: Building workspace] INFO  o.e.m.c.i.embedder.EclipseLogger - Copying 0 resource
2026-08-27 14:28:05,159 [Worker-86: Building workspace] WARN  o.e.m.c.i.embedder.EclipseLogger - Using platform encoding (MS949 actually) to copy filtered resources, i.e. build is platform dependent!
2026-08-27 14:28:05,160 [Worker-86: Building workspace] INFO  o.e.m.c.i.embedder.EclipseLogger - Copying 2 resources
2026-08-27 14:28:05,161 [Worker-86: Building workspace] WARN  o.e.m.c.i.embedder.EclipseLogger - Using platform encoding (MS949 actually) to copy filtered resources, i.e. build is platform dependent!
2026-08-27 14:28:05,162 [Worker-86: Building workspace] INFO  o.e.m.c.i.embedder.EclipseLogger - Copying 0 resource
2026-08-27 14:28:17,094 [Worker-90: Building workspace] WARN  o.e.m.c.i.embedder.EclipseLogger - Using platform encoding (MS949 actually) to copy filtered resources, i.e. build is platform dependent!
2026-08-27 14:28:17,097 [Worker-90: Building workspace] INFO  o.e.m.c.i.embedder.EclipseLogger - Copying 2 resources
2026-08-27 14:28:17,099 [Worker-90: Building workspace] WARN  o.e.m.c.i.embedder.EclipseLogger - Using platform encoding (MS949 actually) to copy filtered resources, i.e. build is platform dependent!
2026-08-27 14:28:17,099 [Worker-90: Building workspace] INFO  o.e.m.c.i.embedder.EclipseLogger - Copying 0 resource
2026-08-27 14:31:37,879 [Worker-89: Building Workspace] WARN  o.e.m.c.i.embedder.EclipseLogger - Using platform encoding (MS949 actually) to copy filtered resources, i.e. build is platform dependent!
2026-08-27 14:31:37,881 [Worker-89: Building Workspace] INFO  o.e.m.c.i.embedder.EclipseLogger - Copying 3 resources
2026-08-27 14:31:37,883 [Worker-89: Building Workspace] WARN  o.e.m.c.i.embedder.EclipseLogger - Using platform encoding (MS949 actually) to copy filtered resources, i.e. build is platform dependent!
2026-08-27 14:31:37,884 [Worker-89: Building Workspace] INFO  o.e.m.c.i.embedder.EclipseLogger - Copying 0 resource
2026-08-27 14:34:26,867 [Worker-87: Building workspace] WARN  o.e.m.c.i.embedder.EclipseLogger - Using platform encoding (MS949 actually) to copy filtered resources, i.e. build is platform dependent!
2026-08-27 14:34:26,870 [Worker-87: Building workspace] INFO  o.e.m.c.i.embedder.EclipseLogger - Copying 1 resource
2026-08-27 14:34:26,875 [Worker-87: Building workspace] WARN  o.e.m.c.i.embedder.EclipseLogger - Using platform encoding (MS949 actually) to copy filtered resources, i.e. build is platform dependent!
2026-08-27 14:34:26,876 [Worker-87: Building workspace] INFO  o.e.m.c.i.embedder.EclipseLogger - Copying 0 resource
2026-08-27 14:35:17,860 [Worker-90: Building workspace] WARN  o.e.m.c.i.embedder.EclipseLogger - Using platform encoding (MS949 actually) to copy filtered resources, i.e. build is platform dependent!
2026-08-27 14:35:17,861 [Worker-90: Building workspace] INFO  o.e.m.c.i.embedder.EclipseLogger - Copying 1 resource
2026-08-27 14:35:17,865 [Worker-90: Building workspace] WARN  o.e.m.c.i.embedder.EclipseLogger - Using platform encoding (MS949 actually) to copy filtered resources, i.e. build is platform dependent!
2026-08-27 14:35:17,866 [Worker-90: Building workspace] INFO  o.e.m.c.i.embedder.EclipseLogger - Copying 0 resource
2026-08-27 14:36:07,101 [Worker-87: Building workspace] WARN  o.e.m.c.i.embedder.EclipseLogger - Using platform encoding (MS949 actually) to copy filtered resources, i.e. build is platform dependent!
2026-08-27 14:36:07,105 [Worker-87: Building workspace] INFO  o.e.m.c.i.embedder.EclipseLogger - Copying 3 resources
2026-08-27 14:36:07,106 [Worker-87: Building workspace] WARN  o.e.m.c.i.embedder.EclipseLogger - Using platform encoding (MS949 actually) to copy filtered resources, i.e. build is platform dependent!
2026-08-27 14:36:07,108 [Worker-87: Building workspace] INFO  o.e.m.c.i.embedder.EclipseLogger - Copying 0 resource
2026-08-27 14:38:10,026 [Worker-89: Building workspace] WARN  o.e.m.c.i.embedder.EclipseLogger - Using platform encoding (MS949 actually) to copy filtered resources, i.e. build is platform dependent!
2026-08-27 14:38:10,027 [Worker-89: Building workspace] INFO  o.e.m.c.i.embedder.EclipseLogger - Copying 3 resources
2026-08-27 14:38:10,028 [Worker-89: Building workspace] WARN  o.e.m.c.i.embedder.EclipseLogger - Using platform encoding (MS949 actually) to copy filtered resources, i.e. build is platform dependent!
2026-08-27 14:38:10,029 [Worker-89: Building workspace] INFO  o.e.m.c.i.embedder.EclipseLogger - Copying 0 resource
2026-08-27 14:42:15,128 [Worker-95: Building workspace] WARN  o.e.m.c.i.embedder.EclipseLogger - Using platform encoding (MS949 actually) to copy filtered resources, i.e. build is platform dependent!
2026-08-27 14:42:15,131 [Worker-95: Building workspace] INFO  o.e.m.c.i.embedder.EclipseLogger - Copying 3 resources
2026-08-27 14:42:15,133 [Worker-95: Building workspace] WARN  o.e.m.c.i.embedder.EclipseLogger - Using platform encoding (MS949 actually) to copy filtered resources, i.e. build is platform dependent!
2026-08-27 14:42:15,134 [Worker-95: Building workspace] INFO  o.e.m.c.i.embedder.EclipseLogger - Copying 0 resource
2026-08-27 14:42:26,538 [Worker-87: Building workspace] WARN  o.e.m.c.i.embedder.EclipseLogger - Using platform encoding (MS949 actually) to copy filtered resources, i.e. build is platform dependent!
2026-08-27 14:42:26,540 [Worker-87: Building workspace] INFO  o.e.m.c.i.embedder.EclipseLogger - Copying 3 resources
2026-08-27 14:42:26,541 [Worker-87: Building workspace] WARN  o.e.m.c.i.embedder.EclipseLogger - Using platform encoding (MS949 actually) to copy filtered resources, i.e. build is platform dependent!
2026-08-27 14:42:26,542 [Worker-87: Building workspace] INFO  o.e.m.c.i.embedder.EclipseLogger - Copying 0 resource
2026-08-27 14:42:44,552 [Worker-89: Building workspace] WARN  o.e.m.c.i.embedder.EclipseLogger - Using platform encoding (MS949 actually) to copy filtered resources, i.e. build is platform dependent!
2026-08-27 14:42:44,553 [Worker-89: Building workspace] INFO  o.e.m.c.i.embedder.EclipseLogger - Copying 3 resources
2026-08-27 14:42:44,554 [Worker-89: Building workspace] WARN  o.e.m.c.i.embedder.EclipseLogger - Using platform encoding (MS949 actually) to copy filtered resources, i.e. build is platform dependent!
2026-08-27 14:42:44,555 [Worker-89: Building workspace] INFO  o.e.m.c.i.embedder.EclipseLogger - Copying 0 resource
2026-08-27 14:43:02,391 [Worker-96: Building workspace] WARN  o.e.m.c.i.embedder.EclipseLogger - Using platform encoding (MS949 actually) to copy filtered resources, i.e. build is platform dependent!
2026-08-27 14:43:02,392 [Worker-96: Building workspace] INFO  o.e.m.c.i.embedder.EclipseLogger - Copying 3 resources
2026-08-27 14:43:02,393 [Worker-96: Building workspace] WARN  o.e.m.c.i.embedder.EclipseLogger - Using platform encoding (MS949 actually) to copy filtered resources, i.e. build is platform dependent!
2026-08-27 14:43:02,394 [Worker-96: Building workspace] INFO  o.e.m.c.i.embedder.EclipseLogger - Copying 0 resource
2026-08-27 14:43:32,385 [Worker-95: Building workspace] WARN  o.e.m.c.i.embedder.EclipseLogger - Using platform encoding (MS949 actually) to copy filtered resources, i.e. build is platform dependent!
2026-08-27 14:43:32,386 [Worker-95: Building workspace] INFO  o.e.m.c.i.embedder.EclipseLogger - Copying 3 resources
2026-08-27 14:43:32,387 [Worker-95: Building workspace] WARN  o.e.m.c.i.embedder.EclipseLogger - Using platform encoding (MS949 actually) to copy filtered resources, i.e. build is platform dependent!
2026-08-27 14:43:32,388 [Worker-95: Building workspace] INFO  o.e.m.c.i.embedder.EclipseLogger - Copying 0 resource
2026-08-27 14:44:22,202 [Worker-87: Building workspace] WARN  o.e.m.c.i.embedder.EclipseLogger - Using platform encoding (MS949 actually) to copy filtered resources, i.e. build is platform dependent!
2026-08-27 14:44:22,206 [Worker-87: Building workspace] INFO  o.e.m.c.i.embedder.EclipseLogger - Copying 3 resources
2026-08-27 14:44:22,207 [Worker-87: Building workspace] WARN  o.e.m.c.i.embedder.EclipseLogger - Using platform encoding (MS949 actually) to copy filtered resources, i.e. build is platform dependent!
2026-08-27 14:44:22,209 [Worker-87: Building workspace] INFO  o.e.m.c.i.embedder.EclipseLogger - Copying 0 resource
2026-08-27 14:45:01,081 [Worker-89: Building workspace] WARN  o.e.m.c.i.embedder.EclipseLogger - Using platform encoding (MS949 actually) to copy filtered resources, i.e. build is platform dependent!
2026-08-27 14:45:01,084 [Worker-89: Building workspace] INFO  o.e.m.c.i.embedder.EclipseLogger - Copying 3 resources
2026-08-27 14:45:01,086 [Worker-89: Building workspace] WARN  o.e.m.c.i.embedder.EclipseLogger - Using platform encoding (MS949 actually) to copy filtered resources, i.e. build is platform dependent!
2026-08-27 14:45:01,088 [Worker-89: Building workspace] INFO  o.e.m.c.i.embedder.EclipseLogger - Copying 0 resource
2026-08-27 14:45:44,487 [Worker-87: Building workspace] WARN  o.e.m.c.i.embedder.EclipseLogger - Using platform encoding (MS949 actually) to copy filtered resources, i.e. build is platform dependent!
2026-08-27 14:45:44,490 [Worker-87: Building workspace] INFO  o.e.m.c.i.embedder.EclipseLogger - Copying 3 resources
2026-08-27 14:45:44,492 [Worker-87: Building workspace] WARN  o.e.m.c.i.embedder.EclipseLogger - Using platform encoding (MS949 actually) to copy filtered resources, i.e. build is platform dependent!
2026-08-27 14:45:44,493 [Worker-87: Building workspace] INFO  o.e.m.c.i.embedder.EclipseLogger - Copying 0 resource
2026-08-27 14:47:31,346 [Worker-89: Building workspace] WARN  o.e.m.c.i.embedder.EclipseLogger - Using platform encoding (MS949 actually) to copy filtered resources, i.e. build is platform dependent!
2026-08-27 14:47:31,348 [Worker-89: Building workspace] INFO  o.e.m.c.i.embedder.EclipseLogger - Copying 3 resources
2026-08-27 14:47:31,350 [Worker-89: Building workspace] WARN  o.e.m.c.i.embedder.EclipseLogger - Using platform encoding (MS949 actually) to copy filtered resources, i.e. build is platform dependent!
2026-08-27 14:47:31,351 [Worker-89: Building workspace] INFO  o.e.m.c.i.embedder.EclipseLogger - Copying 0 resource
2026-08-27 14:47:50,033 [Worker-89: Building workspace] WARN  o.e.m.c.i.embedder.EclipseLogger - Using platform encoding (MS949 actually) to copy filtered resources, i.e. build is platform dependent!
2026-08-27 14:47:50,034 [Worker-89: Building workspace] INFO  o.e.m.c.i.embedder.EclipseLogger - Copying 3 resources
2026-08-27 14:47:50,036 [Worker-89: Building workspace] WARN  o.e.m.c.i.embedder.EclipseLogger - Using platform encoding (MS949 actually) to copy filtered resources, i.e. build is platform dependent!
2026-08-27 14:47:50,037 [Worker-89: Building workspace] INFO  o.e.m.c.i.embedder.EclipseLogger - Copying 0 resource
2026-08-27 14:48:56,579 [Worker-94: Building workspace] WARN  o.e.m.c.i.embedder.EclipseLogger - Using platform encoding (MS949 actually) to copy filtered resources, i.e. build is platform dependent!
2026-08-27 14:48:56,602 [Worker-94: Building workspace] INFO  o.e.m.c.i.embedder.EclipseLogger - Copying 3 resources
2026-08-27 14:48:56,603 [Worker-94: Building workspace] WARN  o.e.m.c.i.embedder.EclipseLogger - Using platform encoding (MS949 actually) to copy filtered resources, i.e. build is platform dependent!
2026-08-27 14:48:56,604 [Worker-94: Building workspace] INFO  o.e.m.c.i.embedder.EclipseLogger - Copying 0 resource
2026-08-27 14:49:18,382 [Worker-96: Building workspace] WARN  o.e.m.c.i.embedder.EclipseLogger - Using platform encoding (MS949 actually) to copy filtered resources, i.e. build is platform dependent!
2026-08-27 14:49:18,384 [Worker-96: Building workspace] INFO  o.e.m.c.i.embedder.EclipseLogger - Copying 3 resources
2026-08-27 14:49:18,386 [Worker-96: Building workspace] WARN  o.e.m.c.i.embedder.EclipseLogger - Using platform encoding (MS949 actually) to copy filtered resources, i.e. build is platform dependent!
2026-08-27 14:49:18,388 [Worker-96: Building workspace] INFO  o.e.m.c.i.embedder.EclipseLogger - Copying 0 resource
2026-08-27 14:49:24,271 [Worker-87: Building workspace] WARN  o.e.m.c.i.embedder.EclipseLogger - Using platform encoding (MS949 actually) to copy filtered resources, i.e. build is platform dependent!
2026-08-27 14:49:24,272 [Worker-87: Building workspace] INFO  o.e.m.c.i.embedder.EclipseLogger - Copying 1 resource
2026-08-27 14:49:24,290 [Worker-87: Building workspace] WARN  o.e.m.c.i.embedder.EclipseLogger - Using platform encoding (MS949 actually) to copy filtered resources, i.e. build is platform dependent!
2026-08-27 14:49:24,290 [Worker-87: Building workspace] INFO  o.e.m.c.i.embedder.EclipseLogger - Copying 0 resource
2026-08-27 14:50:09,629 [Worker-87: Building workspace] WARN  o.e.m.c.i.embedder.EclipseLogger - Using platform encoding (MS949 actually) to copy filtered resources, i.e. build is platform dependent!
2026-08-27 14:50:09,630 [Worker-87: Building workspace] INFO  o.e.m.c.i.embedder.EclipseLogger - Copying 1 resource
2026-08-27 14:50:09,634 [Worker-87: Building workspace] WARN  o.e.m.c.i.embedder.EclipseLogger - Using platform encoding (MS949 actually) to copy filtered resources, i.e. build is platform dependent!
2026-08-27 14:50:09,635 [Worker-87: Building workspace] INFO  o.e.m.c.i.embedder.EclipseLogger - Copying 0 resource
2026-08-27 14:50:17,034 [Worker-89: Building workspace] WARN  o.e.m.c.i.embedder.EclipseLogger - Using platform encoding (MS949 actually) to copy filtered resources, i.e. build is platform dependent!
2026-08-27 14:50:17,036 [Worker-89: Building workspace] INFO  o.e.m.c.i.embedder.EclipseLogger - Copying 1 resource
2026-08-27 14:50:17,039 [Worker-89: Building workspace] WARN  o.e.m.c.i.embedder.EclipseLogger - Using platform encoding (MS949 actually) to copy filtered resources, i.e. build is platform dependent!
2026-08-27 14:50:17,040 [Worker-89: Building workspace] INFO  o.e.m.c.i.embedder.EclipseLogger - Copying 0 resource
2026-08-27 14:51:52,036 [Worker-89: Building workspace] WARN  o.e.m.c.i.embedder.EclipseLogger - Using platform encoding (MS949 actually) to copy filtered resources, i.e. build is platform dependent!
2026-08-27 14:51:52,036 [Worker-89: Building workspace] INFO  o.e.m.c.i.embedder.EclipseLogger - Copying 4 resources
2026-08-27 14:51:52,036 [Worker-89: Building workspace] WARN  o.e.m.c.i.embedder.EclipseLogger - Using platform encoding (MS949 actually) to copy filtered resources, i.e. build is platform dependent!
2026-08-27 14:51:52,052 [Worker-89: Building workspace] INFO  o.e.m.c.i.embedder.EclipseLogger - Copying 0 resource
2026-08-27 14:55:10,442 [Worker-97: Building workspace] WARN  o.e.m.c.i.embedder.EclipseLogger - Using platform encoding (MS949 actually) to copy filtered resources, i.e. build is platform dependent!
2026-08-27 14:55:10,442 [Worker-97: Building workspace] INFO  o.e.m.c.i.embedder.EclipseLogger - Copying 4 resources
2026-08-27 14:55:10,442 [Worker-97: Building workspace] WARN  o.e.m.c.i.embedder.EclipseLogger - Using platform encoding (MS949 actually) to copy filtered resources, i.e. build is platform dependent!
2026-08-27 14:55:10,442 [Worker-97: Building workspace] INFO  o.e.m.c.i.embedder.EclipseLogger - Copying 0 resource
2026-08-27 15:02:47,068 [Worker-100: Building workspace] WARN  o.e.m.c.i.embedder.EclipseLogger - Using platform encoding (MS949 actually) to copy filtered resources, i.e. build is platform dependent!
2026-08-27 15:02:47,068 [Worker-100: Building workspace] INFO  o.e.m.c.i.embedder.EclipseLogger - Copying 1 resource
2026-08-27 15:02:47,074 [Worker-100: Building workspace] WARN  o.e.m.c.i.embedder.EclipseLogger - Using platform encoding (MS949 actually) to copy filtered resources, i.e. build is platform dependent!
2026-08-27 15:02:47,074 [Worker-100: Building workspace] INFO  o.e.m.c.i.embedder.EclipseLogger - Copying 0 resource
2026-08-27 15:03:28,992 [Worker-102: Building workspace] WARN  o.e.m.c.i.embedder.EclipseLogger - Using platform encoding (MS949 actually) to copy filtered resources, i.e. build is platform dependent!
2026-08-27 15:03:28,992 [Worker-102: Building workspace] INFO  o.e.m.c.i.embedder.EclipseLogger - Copying 4 resources
2026-08-27 15:03:28,992 [Worker-102: Building workspace] WARN  o.e.m.c.i.embedder.EclipseLogger - Using platform encoding (MS949 actually) to copy filtered resources, i.e. build is platform dependent!
2026-08-27 15:03:28,992 [Worker-102: Building workspace] INFO  o.e.m.c.i.embedder.EclipseLogger - Copying 0 resource
2026-08-27 15:03:42,903 [Worker-97: Building workspace] WARN  o.e.m.c.i.embedder.EclipseLogger - Using platform encoding (MS949 actually) to copy filtered resources, i.e. build is platform dependent!
2026-08-27 15:03:42,903 [Worker-97: Building workspace] INFO  o.e.m.c.i.embedder.EclipseLogger - Copying 4 resources
2026-08-27 15:03:42,903 [Worker-97: Building workspace] WARN  o.e.m.c.i.embedder.EclipseLogger - Using platform encoding (MS949 actually) to copy filtered resources, i.e. build is platform dependent!
2026-08-27 15:03:42,903 [Worker-97: Building workspace] INFO  o.e.m.c.i.embedder.EclipseLogger - Copying 0 resource
2026-08-27 15:04:15,813 [Worker-103: Building workspace] WARN  o.e.m.c.i.embedder.EclipseLogger - Using platform encoding (MS949 actually) to copy filtered resources, i.e. build is platform dependent!
2026-08-27 15:04:15,815 [Worker-103: Building workspace] INFO  o.e.m.c.i.embedder.EclipseLogger - Copying 4 resources
2026-08-27 15:04:15,818 [Worker-103: Building workspace] WARN  o.e.m.c.i.embedder.EclipseLogger - Using platform encoding (MS949 actually) to copy filtered resources, i.e. build is platform dependent!
2026-08-27 15:04:15,820 [Worker-103: Building workspace] INFO  o.e.m.c.i.embedder.EclipseLogger - Copying 0 resource
2026-08-27 15:04:46,572 [Worker-97: Building workspace] WARN  o.e.m.c.i.embedder.EclipseLogger - Using platform encoding (MS949 actually) to copy filtered resources, i.e. build is platform dependent!
2026-08-27 15:04:46,572 [Worker-97: Building workspace] INFO  o.e.m.c.i.embedder.EclipseLogger - Copying 1 resource
2026-08-27 15:04:46,572 [Worker-97: Building workspace] WARN  o.e.m.c.i.embedder.EclipseLogger - Using platform encoding (MS949 actually) to copy filtered resources, i.e. build is platform dependent!
2026-08-27 15:04:46,572 [Worker-97: Building workspace] INFO  o.e.m.c.i.embedder.EclipseLogger - Copying 0 resource
2026-08-27 15:05:57,696 [Worker-97: Building workspace] WARN  o.e.m.c.i.embedder.EclipseLogger - Using platform encoding (MS949 actually) to copy filtered resources, i.e. build is platform dependent!
2026-08-27 15:05:57,696 [Worker-97: Building workspace] INFO  o.e.m.c.i.embedder.EclipseLogger - Copying 4 resources
2026-08-27 15:05:57,700 [Worker-97: Building workspace] WARN  o.e.m.c.i.embedder.EclipseLogger - Using platform encoding (MS949 actually) to copy filtered resources, i.e. build is platform dependent!
2026-08-27 15:05:57,700 [Worker-97: Building workspace] INFO  o.e.m.c.i.embedder.EclipseLogger - Copying 0 resource
2026-08-27 15:06:22,885 [Worker-102: Building workspace] WARN  o.e.m.c.i.embedder.EclipseLogger - Using platform encoding (MS949 actually) to copy filtered resources, i.e. build is platform dependent!
2026-08-27 15:06:22,885 [Worker-102: Building workspace] INFO  o.e.m.c.i.embedder.EclipseLogger - Copying 1 resource
2026-08-27 15:06:22,885 [Worker-102: Building workspace] WARN  o.e.m.c.i.embedder.EclipseLogger - Using platform encoding (MS949 actually) to copy filtered resources, i.e. build is platform dependent!
2026-08-27 15:06:22,885 [Worker-102: Building workspace] INFO  o.e.m.c.i.embedder.EclipseLogger - Copying 0 resource
2026-08-27 15:09:20,486 [Worker-102: Building workspace] WARN  o.e.m.c.i.embedder.EclipseLogger - Using platform encoding (MS949 actually) to copy filtered resources, i.e. build is platform dependent!
2026-08-27 15:09:20,486 [Worker-102: Building workspace] INFO  o.e.m.c.i.embedder.EclipseLogger - Copying 4 resources
2026-08-27 15:09:20,486 [Worker-102: Building workspace] WARN  o.e.m.c.i.embedder.EclipseLogger - Using platform encoding (MS949 actually) to copy filtered resources, i.e. build is platform dependent!
2026-08-27 15:09:20,486 [Worker-102: Building workspace] INFO  o.e.m.c.i.embedder.EclipseLogger - Copying 0 resource
2026-08-27 15:09:51,780 [Worker-102: Building workspace] WARN  o.e.m.c.i.embedder.EclipseLogger - Using platform encoding (MS949 actually) to copy filtered resources, i.e. build is platform dependent!
2026-08-27 15:09:51,780 [Worker-102: Building workspace] INFO  o.e.m.c.i.embedder.EclipseLogger - Copying 4 resources
2026-08-27 15:09:51,780 [Worker-102: Building workspace] WARN  o.e.m.c.i.embedder.EclipseLogger - Using platform encoding (MS949 actually) to copy filtered resources, i.e. build is platform dependent!
2026-08-27 15:09:51,780 [Worker-102: Building workspace] INFO  o.e.m.c.i.embedder.EclipseLogger - Copying 0 resource
2026-08-27 15:09:59,796 [Worker-100: Building workspace] WARN  o.e.m.c.i.embedder.EclipseLogger - Using platform encoding (MS949 actually) to copy filtered resources, i.e. build is platform dependent!
2026-08-27 15:09:59,799 [Worker-100: Building workspace] INFO  o.e.m.c.i.embedder.EclipseLogger - Copying 4 resources
2026-08-27 15:09:59,801 [Worker-100: Building workspace] WARN  o.e.m.c.i.embedder.EclipseLogger - Using platform encoding (MS949 actually) to copy filtered resources, i.e. build is platform dependent!
2026-08-27 15:09:59,803 [Worker-100: Building workspace] INFO  o.e.m.c.i.embedder.EclipseLogger - Copying 0 resource
2026-08-27 15:11:26,303 [Worker-102: Building workspace] WARN  o.e.m.c.i.embedder.EclipseLogger - Using platform encoding (MS949 actually) to copy filtered resources, i.e. build is platform dependent!
2026-08-27 15:11:26,319 [Worker-102: Building workspace] INFO  o.e.m.c.i.embedder.EclipseLogger - Copying 4 resources
2026-08-27 15:11:26,319 [Worker-102: Building workspace] WARN  o.e.m.c.i.embedder.EclipseLogger - Using platform encoding (MS949 actually) to copy filtered resources, i.e. build is platform dependent!
2026-08-27 15:11:26,319 [Worker-102: Building workspace] INFO  o.e.m.c.i.embedder.EclipseLogger - Copying 0 resource
2026-08-27 15:13:40,948 [Worker-102: Building workspace] WARN  o.e.m.c.i.embedder.EclipseLogger - Using platform encoding (MS949 actually) to copy filtered resources, i.e. build is platform dependent!
2026-08-27 15:13:40,948 [Worker-102: Building workspace] INFO  o.e.m.c.i.embedder.EclipseLogger - Copying 4 resources
2026-08-27 15:13:40,948 [Worker-102: Building workspace] WARN  o.e.m.c.i.embedder.EclipseLogger - Using platform encoding (MS949 actually) to copy filtered resources, i.e. build is platform dependent!
2026-08-27 15:13:40,948 [Worker-102: Building workspace] INFO  o.e.m.c.i.embedder.EclipseLogger - Copying 0 resource
2026-08-27 15:15:17,577 [Worker-100: Building workspace] WARN  o.e.m.c.i.embedder.EclipseLogger - Using platform encoding (MS949 actually) to copy filtered resources, i.e. build is platform dependent!
2026-08-27 15:15:17,577 [Worker-100: Building workspace] INFO  o.e.m.c.i.embedder.EclipseLogger - Copying 4 resources
2026-08-27 15:15:17,577 [Worker-100: Building workspace] WARN  o.e.m.c.i.embedder.EclipseLogger - Using platform encoding (MS949 actually) to copy filtered resources, i.e. build is platform dependent!
2026-08-27 15:15:17,577 [Worker-100: Building workspace] INFO  o.e.m.c.i.embedder.EclipseLogger - Copying 0 resource
2026-08-27 15:25:52,623 [Worker-107: Building workspace] INFO  o.e.m.c.i.l.LifecycleMappingFactory - Using org.maven.ide.eclipse.wtp.WarLifecycleMapping lifecycle mapping for MavenProject: org.joonzis:controller:1.0.0-BUILD-SNAPSHOT @ C:\dev\workspace\workspace-spring\chapter02_DI\pom.xml.
2026-08-27 15:25:52,795 [Worker-107: Building workspace] INFO  o.e.m.c.i.e.AbstractTransferListenerAdapter - Downloaded https://repo.maven.apache.org/maven2/cglib/cglib/2.2.2/cglib-2.2.2.pom
2026-08-27 15:25:52,844 [Worker-107: Building workspace] INFO  o.e.m.c.i.e.AbstractTransferListenerAdapter - Downloaded https://repo.maven.apache.org/maven2/asm/asm/3.3.1/asm-3.3.1.pom
2026-08-27 15:25:52,874 [Worker-107: Building workspace] INFO  o.e.m.c.i.e.AbstractTransferListenerAdapter - Downloaded https://repo.maven.apache.org/maven2/asm/asm-parent/3.3.1/asm-parent-3.3.1.pom
2026-08-27 15:25:52,957 [Worker-107: Building workspace] INFO  o.e.m.c.i.e.AbstractTransferListenerAdapter - Downloading https://repo.maven.apache.org/maven2/cglib/cglib/2.2.2/cglib-2.2.2.jar
2026-08-27 15:25:53,005 [Worker-107: Building workspace] INFO  o.e.m.c.i.e.AbstractTransferListenerAdapter - Downloaded https://repo.maven.apache.org/maven2/cglib/cglib/2.2.2/cglib-2.2.2.jar
2026-08-27 15:25:53,020 [Worker-107: Building workspace] INFO  o.e.m.c.i.e.AbstractTransferListenerAdapter - Downloading https://repo.maven.apache.org/maven2/asm/asm/3.3.1/asm-3.3.1.jar
2026-08-27 15:25:53,044 [Worker-107: Building workspace] INFO  o.e.m.c.i.e.AbstractTransferListenerAdapter - Downloaded https://repo.maven.apache.org/maven2/asm/asm/3.3.1/asm-3.3.1.jar
2026-08-27 15:25:53,573 [Worker-107: Building workspace] WARN  o.e.m.c.i.embedder.EclipseLogger - Using platform encoding (MS949 actually) to copy filtered resources, i.e. build is platform dependent!
2026-08-27 15:25:53,573 [Worker-107: Building workspace] INFO  o.e.m.c.i.embedder.EclipseLogger - Copying 0 resource
2026-08-27 15:25:53,573 [Worker-107: Building workspace] WARN  o.e.m.c.i.embedder.EclipseLogger - Using platform encoding (MS949 actually) to copy filtered resources, i.e. build is platform dependent!
2026-08-27 15:25:53,575 [Worker-107: Building workspace] INFO  o.e.m.c.i.embedder.EclipseLogger - Copying 0 resource
2026-08-27 15:25:53,575 [Worker-107: Building workspace] INFO  o.e.m.w.i.f.ResourceFilteringBuildParticipant - Changed resources require a complete clean of filtered resources of chapter02_DI
2026-08-27 15:25:53,575 [Worker-107: Building workspace] INFO  o.e.m.w.i.f.ResourceFilteringBuildParticipant - Executing resource filtering for chapter02_DI
2026-08-27 15:25:53,575 [Worker-107: Building workspace] WARN  o.e.m.c.i.embedder.EclipseLogger - Using platform encoding (MS949 actually) to copy filtered resources, i.e. build is platform dependent!
2026-08-27 15:25:54,958 [Worker-107: Building workspace] WARN  o.e.m.c.i.embedder.EclipseLogger - Using platform encoding (MS949 actually) to copy filtered resources, i.e. build is platform dependent!
2026-08-27 15:25:54,958 [Worker-107: Building workspace] INFO  o.e.m.c.i.embedder.EclipseLogger - Copying 4 resources
2026-08-27 15:25:54,974 [Worker-107: Building workspace] WARN  o.e.m.c.i.embedder.EclipseLogger - Using platform encoding (MS949 actually) to copy filtered resources, i.e. build is platform dependent!
2026-08-27 15:25:54,974 [Worker-107: Building workspace] INFO  o.e.m.c.i.embedder.EclipseLogger - Copying 1 resource
2026-08-27 15:25:55,006 [Worker-95: Download sources and javadoc] INFO  o.e.m.c.i.e.AbstractTransferListenerAdapter - Downloading https://repo.maven.apache.org/maven2/cglib/cglib/2.2.2/cglib-2.2.2-sources.jar
2026-08-27 15:25:55,147 [Worker-95: Download sources and javadoc] INFO  o.e.m.c.i.e.AbstractTransferListenerAdapter - Downloaded https://repo.maven.apache.org/maven2/cglib/cglib/2.2.2/cglib-2.2.2-sources.jar
2026-08-27 15:25:55,322 [Worker-95: Download sources and javadoc] INFO  o.e.m.j.internal.DownloadSourcesJob - Downloaded sources for cglib:cglib:2.2.2
2026-08-27 15:25:55,362 [Worker-95: Download sources and javadoc] INFO  o.e.m.c.i.e.AbstractTransferListenerAdapter - Downloaded https://repo.maven.apache.org/maven2/asm/asm/3.3.1/asm-3.3.1-sources.jar
2026-08-27 15:25:55,370 [Worker-95: Download sources and javadoc] ERROR o.e.m.j.internal.DownloadSourcesJob - Could not download sources for asm:asm:3.3.1
org.eclipse.core.runtime.CoreException: Could not resolve artifact asm:asm:jar:sources:3.3.1
	at org.eclipse.m2e.core.internal.embedder.MavenImpl.lambda$4(MavenImpl.java:801) ~[na:na]
	at org.eclipse.m2e.core.internal.embedder.MavenExecutionContext.executeBare(MavenExecutionContext.java:177) ~[na:na]
	at org.eclipse.m2e.core.internal.embedder.MavenExecutionContext.execute(MavenExecutionContext.java:112) ~[na:na]
	at org.eclipse.m2e.core.internal.embedder.MavenExecutionContext.execute(MavenExecutionContext.java:99) ~[na:na]
	at org.eclipse.m2e.core.internal.embedder.MavenImpl.resolve(MavenImpl.java:769) ~[na:na]
	at org.eclipse.m2e.core.internal.embedder.MavenImpl.resolve(MavenImpl.java:746) ~[na:na]
	at org.eclipse.m2e.jdt.internal.DownloadSourcesJob.download(DownloadSourcesJob.java:328) ~[na:na]
	at org.eclipse.m2e.jdt.internal.DownloadSourcesJob.downloadAttachments(DownloadSourcesJob.java:302) ~[na:na]
	at org.eclipse.m2e.jdt.internal.DownloadSourcesJob.downloadMaven(DownloadSourcesJob.java:267) ~[na:na]
	at org.eclipse.m2e.jdt.internal.DownloadSourcesJob.downloadFilesAndPopulateToUpdate(DownloadSourcesJob.java:231) ~[na:na]
	at org.eclipse.m2e.jdt.internal.DownloadSourcesJob.lambda$0(DownloadSourcesJob.java:159) ~[na:na]
	at org.eclipse.m2e.core.internal.embedder.MavenExecutionContext.executeBare(MavenExecutionContext.java:177) ~[na:na]
	at org.eclipse.m2e.core.internal.embedder.MavenExecutionContext.execute(MavenExecutionContext.java:151) ~[na:na]
	at org.eclipse.m2e.core.internal.embedder.MavenExecutionContext.execute(MavenExecutionContext.java:99) ~[na:na]
	at org.eclipse.m2e.core.internal.embedder.MavenImpl.execute(MavenImpl.java:1374) ~[na:na]
	at org.eclipse.m2e.jdt.internal.DownloadSourcesJob.run(DownloadSourcesJob.java:159) ~[na:na]
	at org.eclipse.core.internal.jobs.Worker.run(Worker.java:63) ~[org.eclipse.core.jobs_3.10.400.v20190506-1457.jar:na]
2026-08-27 15:25:55,997 [Worker-108: Building workspace] WARN  o.e.m.c.i.embedder.EclipseLogger - Using platform encoding (MS949 actually) to copy filtered resources, i.e. build is platform dependent!
2026-08-27 15:25:55,999 [Worker-108: Building workspace] INFO  o.e.m.c.i.embedder.EclipseLogger - Copying 0 resource
2026-08-27 15:25:55,999 [Worker-108: Building workspace] WARN  o.e.m.c.i.embedder.EclipseLogger - Using platform encoding (MS949 actually) to copy filtered resources, i.e. build is platform dependent!
2026-08-27 15:25:56,001 [Worker-108: Building workspace] INFO  o.e.m.c.i.embedder.EclipseLogger - Copying 0 resource
2026-08-27 15:25:56,971 [Worker-110: Download sources and javadoc] INFO  o.e.m.c.i.e.AbstractTransferListenerAdapter - Downloaded https://repo.maven.apache.org/maven2/asm/asm/3.3.1/asm-3.3.1-javadoc.jar
2026-08-27 15:25:56,971 [Worker-110: Download sources and javadoc] ERROR o.e.m.j.internal.DownloadSourcesJob - Could not download javadoc for asm:asm:3.3.1
org.eclipse.core.runtime.CoreException: Could not resolve artifact asm:asm:jar:javadoc:3.3.1
	at org.eclipse.m2e.core.internal.embedder.MavenImpl.lambda$4(MavenImpl.java:801) ~[na:na]
	at org.eclipse.m2e.core.internal.embedder.MavenExecutionContext.executeBare(MavenExecutionContext.java:177) ~[na:na]
	at org.eclipse.m2e.core.internal.embedder.MavenExecutionContext.execute(MavenExecutionContext.java:112) ~[na:na]
	at org.eclipse.m2e.core.internal.embedder.MavenExecutionContext.execute(MavenExecutionContext.java:99) ~[na:na]
	at org.eclipse.m2e.core.internal.embedder.MavenImpl.resolve(MavenImpl.java:769) ~[na:na]
	at org.eclipse.m2e.core.internal.embedder.MavenImpl.resolve(MavenImpl.java:746) ~[na:na]
	at org.eclipse.m2e.jdt.internal.DownloadSourcesJob.download(DownloadSourcesJob.java:328) ~[na:na]
	at org.eclipse.m2e.jdt.internal.DownloadSourcesJob.downloadAttachments(DownloadSourcesJob.java:314) ~[na:na]
	at org.eclipse.m2e.jdt.internal.DownloadSourcesJob.downloadMaven(DownloadSourcesJob.java:267) ~[na:na]
	at org.eclipse.m2e.jdt.internal.DownloadSourcesJob.downloadFilesAndPopulateToUpdate(DownloadSourcesJob.java:231) ~[na:na]
	at org.eclipse.m2e.jdt.internal.DownloadSourcesJob.lambda$0(DownloadSourcesJob.java:159) ~[na:na]
	at org.eclipse.m2e.core.internal.embedder.MavenExecutionContext.executeBare(MavenExecutionContext.java:177) ~[na:na]
	at org.eclipse.m2e.core.internal.embedder.MavenExecutionContext.execute(MavenExecutionContext.java:151) ~[na:na]
	at org.eclipse.m2e.core.internal.embedder.MavenExecutionContext.execute(MavenExecutionContext.java:99) ~[na:na]
	at org.eclipse.m2e.core.internal.embedder.MavenImpl.execute(MavenImpl.java:1374) ~[na:na]
	at org.eclipse.m2e.jdt.internal.DownloadSourcesJob.run(DownloadSourcesJob.java:159) ~[na:na]
	at org.eclipse.core.internal.jobs.Worker.run(Worker.java:63) ~[org.eclipse.core.jobs_3.10.400.v20190506-1457.jar:na]
2026-08-27 15:26:20,177 [Worker-109: Updating Maven Project] INFO  o.e.m.c.i.p.ProjectConfigurationManager - Update started
2026-08-27 15:26:20,215 [Worker-109: Updating Maven Project] INFO  o.e.m.c.i.l.LifecycleMappingFactory - Using org.maven.ide.eclipse.wtp.WarLifecycleMapping lifecycle mapping for MavenProject: org.joonzis:controller:1.0.0-BUILD-SNAPSHOT @ C:\dev\workspace\workspace-spring\chapter02_DI\pom.xml.
2026-08-27 15:26:20,300 [Worker-109: Updating Maven Project] INFO  o.e.m.j.i.AbstractJavaProjectConfigurator - Adding source folder /chapter02_DI/src/main/java
2026-08-27 15:26:20,300 [Worker-109: Updating Maven Project] INFO  o.e.m.j.i.AbstractJavaProjectConfigurator - Adding resource folder /chapter02_DI/src/main/resources
2026-08-27 15:26:20,300 [Worker-109: Updating Maven Project] INFO  o.e.m.j.i.AbstractJavaProjectConfigurator - Adding source folder /chapter02_DI/src/test/java
2026-08-27 15:26:20,300 [Worker-109: Updating Maven Project] INFO  o.e.m.j.i.AbstractJavaProjectConfigurator - Adding resource folder /chapter02_DI/src/test/resources
2026-08-27 15:26:20,839 [Worker-109: Updating Maven Project] INFO  o.e.m.w.i.f.ResourceFilteringBuildParticipant - Cleaning filtered folder for chapter02_DI
2026-08-27 15:26:20,839 [Worker-109: Updating Maven Project] INFO  o.e.m.c.i.p.ProjectConfigurationManager - Update completed: 0 sec
2026-08-27 15:26:21,539 [Worker-113: Building workspace] WARN  o.e.m.c.i.embedder.EclipseLogger - Using platform encoding (MS949 actually) to copy filtered resources, i.e. build is platform dependent!
2026-08-27 15:26:21,539 [Worker-113: Building workspace] INFO  o.e.m.c.i.embedder.EclipseLogger - Copying 4 resources
2026-08-27 15:26:21,539 [Worker-113: Building workspace] WARN  o.e.m.c.i.embedder.EclipseLogger - Using platform encoding (MS949 actually) to copy filtered resources, i.e. build is platform dependent!
2026-08-27 15:26:21,539 [Worker-113: Building workspace] INFO  o.e.m.c.i.embedder.EclipseLogger - Copying 1 resource
2026-08-27 15:26:21,539 [Worker-113: Building workspace] INFO  o.e.m.w.i.f.ResourceFilteringBuildParticipant - Changed resources require a complete clean of filtered resources of chapter02_DI
2026-08-27 15:26:21,539 [Worker-113: Building workspace] INFO  o.e.m.w.i.f.ResourceFilteringBuildParticipant - Executing resource filtering for chapter02_DI
2026-08-27 15:26:21,555 [Worker-113: Building workspace] WARN  o.e.m.c.i.embedder.EclipseLogger - Using platform encoding (MS949 actually) to copy filtered resources, i.e. build is platform dependent!
2026-08-27 15:29:37,340 [Worker-107: Building workspace] WARN  o.e.m.c.i.embedder.EclipseLogger - Using platform encoding (MS949 actually) to copy filtered resources, i.e. build is platform dependent!
2026-08-27 15:29:37,340 [Worker-107: Building workspace] INFO  o.e.m.c.i.embedder.EclipseLogger - Copying 4 resources
2026-08-27 15:29:37,340 [Worker-107: Building workspace] WARN  o.e.m.c.i.embedder.EclipseLogger - Using platform encoding (MS949 actually) to copy filtered resources, i.e. build is platform dependent!
2026-08-27 15:29:37,340 [Worker-107: Building workspace] INFO  o.e.m.c.i.embedder.EclipseLogger - Copying 0 resource
2026-08-27 15:31:58,641 [Worker-117: Building workspace] WARN  o.e.m.c.i.embedder.EclipseLogger - Using platform encoding (MS949 actually) to copy filtered resources, i.e. build is platform dependent!
2026-08-27 15:31:58,643 [Worker-117: Building workspace] INFO  o.e.m.c.i.embedder.EclipseLogger - Copying 4 resources
2026-08-27 15:31:58,645 [Worker-117: Building workspace] WARN  o.e.m.c.i.embedder.EclipseLogger - Using platform encoding (MS949 actually) to copy filtered resources, i.e. build is platform dependent!
2026-08-27 15:31:58,645 [Worker-117: Building workspace] INFO  o.e.m.c.i.embedder.EclipseLogger - Copying 0 resource
2026-08-27 15:32:21,633 [Worker-117: Building workspace] WARN  o.e.m.c.i.embedder.EclipseLogger - Using platform encoding (MS949 actually) to copy filtered resources, i.e. build is platform dependent!
2026-08-27 15:32:21,650 [Worker-117: Building workspace] INFO  o.e.m.c.i.embedder.EclipseLogger - Copying 4 resources
2026-08-27 15:32:21,650 [Worker-117: Building workspace] WARN  o.e.m.c.i.embedder.EclipseLogger - Using platform encoding (MS949 actually) to copy filtered resources, i.e. build is platform dependent!
2026-08-27 15:32:21,650 [Worker-117: Building workspace] INFO  o.e.m.c.i.embedder.EclipseLogger - Copying 0 resource
2026-08-27 15:32:24,923 [Worker-117: Building workspace] WARN  o.e.m.c.i.embedder.EclipseLogger - Using platform encoding (MS949 actually) to copy filtered resources, i.e. build is platform dependent!
2026-08-27 15:32:24,923 [Worker-117: Building workspace] INFO  o.e.m.c.i.embedder.EclipseLogger - Copying 4 resources
2026-08-27 15:32:24,933 [Worker-117: Building workspace] WARN  o.e.m.c.i.embedder.EclipseLogger - Using platform encoding (MS949 actually) to copy filtered resources, i.e. build is platform dependent!
2026-08-27 15:32:24,933 [Worker-117: Building workspace] INFO  o.e.m.c.i.embedder.EclipseLogger - Copying 0 resource
2026-08-27 15:32:30,131 [Worker-110: Building workspace] WARN  o.e.m.c.i.embedder.EclipseLogger - Using platform encoding (MS949 actually) to copy filtered resources, i.e. build is platform dependent!
2026-08-27 15:32:30,147 [Worker-110: Building workspace] INFO  o.e.m.c.i.embedder.EclipseLogger - Copying 4 resources
2026-08-27 15:32:30,147 [Worker-110: Building workspace] WARN  o.e.m.c.i.embedder.EclipseLogger - Using platform encoding (MS949 actually) to copy filtered resources, i.e. build is platform dependent!
2026-08-27 15:32:30,147 [Worker-110: Building workspace] INFO  o.e.m.c.i.embedder.EclipseLogger - Copying 0 resource
2026-08-27 15:32:39,144 [Worker-119: Building workspace] WARN  o.e.m.c.i.embedder.EclipseLogger - Using platform encoding (MS949 actually) to copy filtered resources, i.e. build is platform dependent!
2026-08-27 15:32:39,148 [Worker-119: Building workspace] INFO  o.e.m.c.i.embedder.EclipseLogger - Copying 4 resources
2026-08-27 15:32:39,150 [Worker-119: Building workspace] WARN  o.e.m.c.i.embedder.EclipseLogger - Using platform encoding (MS949 actually) to copy filtered resources, i.e. build is platform dependent!
2026-08-27 15:32:39,150 [Worker-119: Building workspace] INFO  o.e.m.c.i.embedder.EclipseLogger - Copying 0 resource
2026-08-27 15:34:01,467 [Worker-117: Building workspace] WARN  o.e.m.c.i.embedder.EclipseLogger - Using platform encoding (MS949 actually) to copy filtered resources, i.e. build is platform dependent!
2026-08-27 15:34:01,469 [Worker-117: Building workspace] INFO  o.e.m.c.i.embedder.EclipseLogger - Copying 4 resources
2026-08-27 15:34:01,469 [Worker-117: Building workspace] WARN  o.e.m.c.i.embedder.EclipseLogger - Using platform encoding (MS949 actually) to copy filtered resources, i.e. build is platform dependent!
2026-08-27 15:34:01,471 [Worker-117: Building workspace] INFO  o.e.m.c.i.embedder.EclipseLogger - Copying 0 resource
2026-08-27 15:34:02,985 [Worker-118: Building workspace] WARN  o.e.m.c.i.embedder.EclipseLogger - Using platform encoding (MS949 actually) to copy filtered resources, i.e. build is platform dependent!
2026-08-27 15:34:02,987 [Worker-118: Building workspace] INFO  o.e.m.c.i.embedder.EclipseLogger - Copying 4 resources
2026-08-27 15:34:02,989 [Worker-118: Building workspace] WARN  o.e.m.c.i.embedder.EclipseLogger - Using platform encoding (MS949 actually) to copy filtered resources, i.e. build is platform dependent!
2026-08-27 15:34:02,991 [Worker-118: Building workspace] INFO  o.e.m.c.i.embedder.EclipseLogger - Copying 0 resource
2026-08-27 15:34:28,542 [Worker-107: Building workspace] WARN  o.e.m.c.i.embedder.EclipseLogger - Using platform encoding (MS949 actually) to copy filtered resources, i.e. build is platform dependent!
2026-08-27 15:34:28,544 [Worker-107: Building workspace] INFO  o.e.m.c.i.embedder.EclipseLogger - Copying 4 resources
2026-08-27 15:34:28,545 [Worker-107: Building workspace] WARN  o.e.m.c.i.embedder.EclipseLogger - Using platform encoding (MS949 actually) to copy filtered resources, i.e. build is platform dependent!
2026-08-27 15:34:28,547 [Worker-107: Building workspace] INFO  o.e.m.c.i.embedder.EclipseLogger - Copying 0 resource
2026-08-27 15:35:43,641 [Worker-107: Building workspace] WARN  o.e.m.c.i.embedder.EclipseLogger - Using platform encoding (MS949 actually) to copy filtered resources, i.e. build is platform dependent!
2026-08-27 15:35:43,641 [Worker-107: Building workspace] INFO  o.e.m.c.i.embedder.EclipseLogger - Copying 4 resources
2026-08-27 15:35:43,641 [Worker-107: Building workspace] WARN  o.e.m.c.i.embedder.EclipseLogger - Using platform encoding (MS949 actually) to copy filtered resources, i.e. build is platform dependent!
2026-08-27 15:35:43,641 [Worker-107: Building workspace] INFO  o.e.m.c.i.embedder.EclipseLogger - Copying 0 resource
2026-08-27 15:37:26,364 [Worker-107: Building workspace] WARN  o.e.m.c.i.embedder.EclipseLogger - Using platform encoding (MS949 actually) to copy filtered resources, i.e. build is platform dependent!
2026-08-27 15:37:26,364 [Worker-107: Building workspace] INFO  o.e.m.c.i.embedder.EclipseLogger - Copying 4 resources
2026-08-27 15:37:26,364 [Worker-107: Building workspace] WARN  o.e.m.c.i.embedder.EclipseLogger - Using platform encoding (MS949 actually) to copy filtered resources, i.e. build is platform dependent!
2026-08-27 15:37:26,364 [Worker-107: Building workspace] INFO  o.e.m.c.i.embedder.EclipseLogger - Copying 0 resource
2026-08-27 15:37:29,701 [Worker-110: Launching PersonInfoMain] WARN  o.e.m.c.i.embedder.EclipseLogger - Using platform encoding (MS949 actually) to copy filtered resources, i.e. build is platform dependent!
2026-08-27 15:37:29,701 [Worker-110: Launching PersonInfoMain] INFO  o.e.m.c.i.embedder.EclipseLogger - Copying 4 resources
2026-08-27 15:37:29,711 [Worker-110: Launching PersonInfoMain] WARN  o.e.m.c.i.embedder.EclipseLogger - Using platform encoding (MS949 actually) to copy filtered resources, i.e. build is platform dependent!
2026-08-27 15:37:29,711 [Worker-110: Launching PersonInfoMain] INFO  o.e.m.c.i.embedder.EclipseLogger - Copying 0 resource
2026-08-27 15:39:29,430 [Worker-107: Building Workspace] WARN  o.e.m.c.i.embedder.EclipseLogger - Using platform encoding (MS949 actually) to copy filtered resources, i.e. build is platform dependent!
2026-08-27 15:39:29,432 [Worker-107: Building Workspace] INFO  o.e.m.c.i.embedder.EclipseLogger - Copying 4 resources
2026-08-27 15:39:29,432 [Worker-107: Building Workspace] WARN  o.e.m.c.i.embedder.EclipseLogger - Using platform encoding (MS949 actually) to copy filtered resources, i.e. build is platform dependent!
2026-08-27 15:39:29,434 [Worker-107: Building Workspace] INFO  o.e.m.c.i.embedder.EclipseLogger - Copying 0 resource
2026-08-27 15:39:36,753 [Worker-110: Building workspace] WARN  o.e.m.c.i.embedder.EclipseLogger - Using platform encoding (MS949 actually) to copy filtered resources, i.e. build is platform dependent!
2026-08-27 15:39:36,755 [Worker-110: Building workspace] INFO  o.e.m.c.i.embedder.EclipseLogger - Copying 4 resources
2026-08-27 15:39:36,755 [Worker-110: Building workspace] WARN  o.e.m.c.i.embedder.EclipseLogger - Using platform encoding (MS949 actually) to copy filtered resources, i.e. build is platform dependent!
2026-08-27 15:39:36,755 [Worker-110: Building workspace] INFO  o.e.m.c.i.embedder.EclipseLogger - Copying 0 resource
2026-08-27 15:40:02,898 [Worker-119: Building workspace] WARN  o.e.m.c.i.embedder.EclipseLogger - Using platform encoding (MS949 actually) to copy filtered resources, i.e. build is platform dependent!
2026-08-27 15:40:02,900 [Worker-119: Building workspace] INFO  o.e.m.c.i.embedder.EclipseLogger - Copying 4 resources
2026-08-27 15:40:02,902 [Worker-119: Building workspace] WARN  o.e.m.c.i.embedder.EclipseLogger - Using platform encoding (MS949 actually) to copy filtered resources, i.e. build is platform dependent!
2026-08-27 15:40:02,902 [Worker-119: Building workspace] INFO  o.e.m.c.i.embedder.EclipseLogger - Copying 0 resource
2026-08-27 15:42:34,860 [Worker-116: Building workspace] WARN  o.e.m.c.i.embedder.EclipseLogger - Using platform encoding (MS949 actually) to copy filtered resources, i.e. build is platform dependent!
2026-08-27 15:42:34,876 [Worker-116: Building workspace] INFO  o.e.m.c.i.embedder.EclipseLogger - Copying 4 resources
2026-08-27 15:42:34,876 [Worker-116: Building workspace] WARN  o.e.m.c.i.embedder.EclipseLogger - Using platform encoding (MS949 actually) to copy filtered resources, i.e. build is platform dependent!
2026-08-27 15:42:34,876 [Worker-116: Building workspace] INFO  o.e.m.c.i.embedder.EclipseLogger - Copying 0 resource
2026-08-27 15:43:07,281 [Worker-117: Building Workspace] WARN  o.e.m.c.i.embedder.EclipseLogger - Using platform encoding (MS949 actually) to copy filtered resources, i.e. build is platform dependent!
2026-08-27 15:43:07,295 [Worker-117: Building Workspace] INFO  o.e.m.c.i.embedder.EclipseLogger - Copying 5 resources
2026-08-27 15:43:07,297 [Worker-117: Building Workspace] WARN  o.e.m.c.i.embedder.EclipseLogger - Using platform encoding (MS949 actually) to copy filtered resources, i.e. build is platform dependent!
2026-08-27 15:43:07,299 [Worker-117: Building Workspace] INFO  o.e.m.c.i.embedder.EclipseLogger - Copying 0 resource
2026-08-27 15:44:52,459 [Worker-110: Building workspace] WARN  o.e.m.c.i.embedder.EclipseLogger - Using platform encoding (MS949 actually) to copy filtered resources, i.e. build is platform dependent!
2026-08-27 15:44:52,461 [Worker-110: Building workspace] INFO  o.e.m.c.i.embedder.EclipseLogger - Copying 1 resource
2026-08-27 15:44:52,461 [Worker-110: Building workspace] WARN  o.e.m.c.i.embedder.EclipseLogger - Using platform encoding (MS949 actually) to copy filtered resources, i.e. build is platform dependent!
2026-08-27 15:44:52,461 [Worker-110: Building workspace] INFO  o.e.m.c.i.embedder.EclipseLogger - Copying 0 resource
2026-08-27 15:45:38,986 [Worker-119: Building workspace] WARN  o.e.m.c.i.embedder.EclipseLogger - Using platform encoding (MS949 actually) to copy filtered resources, i.e. build is platform dependent!
2026-08-27 15:45:38,986 [Worker-119: Building workspace] INFO  o.e.m.c.i.embedder.EclipseLogger - Copying 1 resource
2026-08-27 15:45:38,986 [Worker-119: Building workspace] WARN  o.e.m.c.i.embedder.EclipseLogger - Using platform encoding (MS949 actually) to copy filtered resources, i.e. build is platform dependent!
2026-08-27 15:45:38,986 [Worker-119: Building workspace] INFO  o.e.m.c.i.embedder.EclipseLogger - Copying 0 resource
2026-08-27 15:47:40,767 [Worker-116: Building workspace] WARN  o.e.m.c.i.embedder.EclipseLogger - Using platform encoding (MS949 actually) to copy filtered resources, i.e. build is platform dependent!
2026-08-27 15:47:40,767 [Worker-116: Building workspace] INFO  o.e.m.c.i.embedder.EclipseLogger - Copying 5 resources
2026-08-27 15:47:40,767 [Worker-116: Building workspace] WARN  o.e.m.c.i.embedder.EclipseLogger - Using platform encoding (MS949 actually) to copy filtered resources, i.e. build is platform dependent!
2026-08-27 15:47:40,767 [Worker-116: Building workspace] INFO  o.e.m.c.i.embedder.EclipseLogger - Copying 0 resource
2026-08-27 15:49:25,769 [Worker-117: Building workspace] WARN  o.e.m.c.i.embedder.EclipseLogger - Using platform encoding (MS949 actually) to copy filtered resources, i.e. build is platform dependent!
2026-08-27 15:49:25,771 [Worker-117: Building workspace] INFO  o.e.m.c.i.embedder.EclipseLogger - Copying 5 resources
2026-08-27 15:49:25,773 [Worker-117: Building workspace] WARN  o.e.m.c.i.embedder.EclipseLogger - Using platform encoding (MS949 actually) to copy filtered resources, i.e. build is platform dependent!
2026-08-27 15:49:25,775 [Worker-117: Building workspace] INFO  o.e.m.c.i.embedder.EclipseLogger - Copying 0 resource
2026-08-27 15:50:11,608 [Worker-119: Building workspace] WARN  o.e.m.c.i.embedder.EclipseLogger - Using platform encoding (MS949 actually) to copy filtered resources, i.e. build is platform dependent!
2026-08-27 15:50:11,608 [Worker-119: Building workspace] INFO  o.e.m.c.i.embedder.EclipseLogger - Copying 5 resources
2026-08-27 15:50:11,622 [Worker-119: Building workspace] WARN  o.e.m.c.i.embedder.EclipseLogger - Using platform encoding (MS949 actually) to copy filtered resources, i.e. build is platform dependent!
2026-08-27 15:50:11,622 [Worker-119: Building workspace] INFO  o.e.m.c.i.embedder.EclipseLogger - Copying 0 resource
2026-08-27 15:50:56,621 [Worker-117: Building workspace] WARN  o.e.m.c.i.embedder.EclipseLogger - Using platform encoding (MS949 actually) to copy filtered resources, i.e. build is platform dependent!
2026-08-27 15:50:56,621 [Worker-117: Building workspace] INFO  o.e.m.c.i.embedder.EclipseLogger - Copying 5 resources
2026-08-27 15:50:56,621 [Worker-117: Building workspace] WARN  o.e.m.c.i.embedder.EclipseLogger - Using platform encoding (MS949 actually) to copy filtered resources, i.e. build is platform dependent!
2026-08-27 15:50:56,621 [Worker-117: Building workspace] INFO  o.e.m.c.i.embedder.EclipseLogger - Copying 0 resource
2026-08-27 16:02:44,091 [Worker-124: Building workspace] INFO  o.e.m.c.i.l.LifecycleMappingFactory - Using org.maven.ide.eclipse.wtp.WarLifecycleMapping lifecycle mapping for MavenProject: org.joonzis:cotroller:1.0.0-BUILD-SNAPSHOT @ C:\dev\workspace\workspace-spring\chapter03_MVC\pom.xml.
2026-08-27 16:02:44,306 [Worker-124: Building workspace] WARN  o.e.m.c.i.embedder.EclipseLogger - Using platform encoding (MS949 actually) to copy filtered resources, i.e. build is platform dependent!
2026-08-27 16:02:44,314 [Worker-124: Building workspace] INFO  o.e.m.c.i.embedder.EclipseLogger - Copying 1 resource
2026-08-27 16:02:44,318 [Worker-124: Building workspace] WARN  o.e.m.c.i.embedder.EclipseLogger - Using platform encoding (MS949 actually) to copy filtered resources, i.e. build is platform dependent!
2026-08-27 16:02:44,318 [Worker-124: Building workspace] INFO  o.e.m.c.i.embedder.EclipseLogger - Copying 1 resource
2026-08-27 16:02:44,595 [Worker-126: Building workspace] WARN  o.e.m.c.i.embedder.EclipseLogger - Using platform encoding (MS949 actually) to copy filtered resources, i.e. build is platform dependent!
2026-08-27 16:02:44,595 [Worker-126: Building workspace] INFO  o.e.m.c.i.embedder.EclipseLogger - Copying 1 resource
2026-08-27 16:02:44,611 [Worker-126: Building workspace] WARN  o.e.m.c.i.embedder.EclipseLogger - Using platform encoding (MS949 actually) to copy filtered resources, i.e. build is platform dependent!
2026-08-27 16:02:44,611 [Worker-126: Building workspace] INFO  o.e.m.c.i.embedder.EclipseLogger - Copying 1 resource
2026-08-27 16:14:18,891 [Worker-6: Loading available Gradle versions] INFO  o.e.b.c.i.u.g.PublishedGradleVersions - Gradle version information cache is up-to-date. Trying to read.
2026-08-27 16:14:40,232 [Worker-1: Loading available Gradle versions] INFO  o.e.b.c.i.u.g.PublishedGradleVersions - Gradle version information cache is up-to-date. Trying to read.
2026-08-27 16:17:36,748 [Worker-7: Building workspace] WARN  o.e.m.c.i.embedder.EclipseLogger - Using platform encoding (MS949 actually) to copy filtered resources, i.e. build is platform dependent!
2026-08-27 16:17:36,748 [Worker-7: Building workspace] INFO  o.e.m.c.i.embedder.EclipseLogger - Copying 1 resource
2026-08-27 16:17:36,762 [Worker-7: Building workspace] WARN  o.e.m.c.i.embedder.EclipseLogger - Using platform encoding (MS949 actually) to copy filtered resources, i.e. build is platform dependent!
2026-08-27 16:17:36,762 [Worker-7: Building workspace] INFO  o.e.m.c.i.embedder.EclipseLogger - Copying 1 resource
2026-08-27 16:17:37,731 [Worker-7: Building workspace] WARN  o.e.m.c.i.embedder.EclipseLogger - Using platform encoding (MS949 actually) to copy filtered resources, i.e. build is platform dependent!
2026-08-27 16:17:37,731 [Worker-7: Building workspace] INFO  o.e.m.c.i.embedder.EclipseLogger - Copying 5 resources
2026-08-27 16:17:37,740 [Worker-7: Building workspace] WARN  o.e.m.c.i.embedder.EclipseLogger - Using platform encoding (MS949 actually) to copy filtered resources, i.e. build is platform dependent!
2026-08-27 16:17:37,742 [Worker-7: Building workspace] INFO  o.e.m.c.i.embedder.EclipseLogger - Copying 1 resource
2026-08-27 16:17:38,151 [Worker-7: Building workspace] INFO  o.e.m.c.i.l.LifecycleMappingFactory - Using org.maven.ide.eclipse.wtp.WarLifecycleMapping lifecycle mapping for MavenProject: org.joonzis:cotroller:1.0.0-BUILD-SNAPSHOT @ C:\dev\workspace\workspace-spring\chapter03_MVC\pom.xml.
2026-08-27 16:17:38,366 [Worker-7: Building workspace] INFO  o.e.m.c.i.e.AbstractTransferListenerAdapter - Downloaded https://repo.maven.apache.org/maven2/org/springframework/spring-context/5.0.7.RELEASE/spring-context-5.0.7.RELEASE.pom
2026-08-27 16:17:38,417 [Worker-7: Building workspace] INFO  o.e.m.c.i.e.AbstractTransferListenerAdapter - Downloaded https://repo.maven.apache.org/maven2/org/springframework/spring-aop/5.0.7.RELEASE/spring-aop-5.0.7.RELEASE.pom
2026-08-27 16:17:38,506 [Worker-7: Building workspace] INFO  o.e.m.c.i.e.AbstractTransferListenerAdapter - Downloaded https://repo.maven.apache.org/maven2/org/springframework/spring-beans/5.0.7.RELEASE/spring-beans-5.0.7.RELEASE.pom
2026-08-27 16:17:38,562 [Worker-7: Building workspace] INFO  o.e.m.c.i.e.AbstractTransferListenerAdapter - Downloaded https://repo.maven.apache.org/maven2/org/springframework/spring-core/5.0.7.RELEASE/spring-core-5.0.7.RELEASE.pom
2026-08-27 16:17:38,617 [Worker-7: Building workspace] INFO  o.e.m.c.i.e.AbstractTransferListenerAdapter - Downloaded https://repo.maven.apache.org/maven2/org/springframework/spring-jcl/5.0.7.RELEASE/spring-jcl-5.0.7.RELEASE.pom
2026-08-27 16:17:38,673 [Worker-7: Building workspace] INFO  o.e.m.c.i.e.AbstractTransferListenerAdapter - Downloaded https://repo.maven.apache.org/maven2/org/springframework/spring-expression/5.0.7.RELEASE/spring-expression-5.0.7.RELEASE.pom
2026-08-27 16:17:38,726 [Worker-7: Building workspace] INFO  o.e.m.c.i.e.AbstractTransferListenerAdapter - Downloaded https://repo.maven.apache.org/maven2/org/springframework/spring-webmvc/5.0.7.RELEASE/spring-webmvc-5.0.7.RELEASE.pom
2026-08-27 16:17:38,781 [Worker-7: Building workspace] INFO  o.e.m.c.i.e.AbstractTransferListenerAdapter - Downloaded https://repo.maven.apache.org/maven2/org/springframework/spring-web/5.0.7.RELEASE/spring-web-5.0.7.RELEASE.pom
2026-08-27 16:17:38,855 [Worker-7: Building workspace] INFO  o.e.m.c.i.e.AbstractTransferListenerAdapter - Downloading https://repo.maven.apache.org/maven2/org/springframework/spring-context/5.0.7.RELEASE/spring-context-5.0.7.RELEASE.jar
2026-08-27 16:17:38,970 [Worker-7: Building workspace] INFO  o.e.m.c.i.e.AbstractTransferListenerAdapter - Downloaded https://repo.maven.apache.org/maven2/org/springframework/spring-context/5.0.7.RELEASE/spring-context-5.0.7.RELEASE.jar
2026-08-27 16:17:38,990 [Worker-7: Building workspace] INFO  o.e.m.c.i.e.AbstractTransferListenerAdapter - Downloading https://repo.maven.apache.org/maven2/org/springframework/spring-aop/5.0.7.RELEASE/spring-aop-5.0.7.RELEASE.jar
2026-08-27 16:17:39,050 [Worker-7: Building workspace] INFO  o.e.m.c.i.e.AbstractTransferListenerAdapter - Downloaded https://repo.maven.apache.org/maven2/org/springframework/spring-aop/5.0.7.RELEASE/spring-aop-5.0.7.RELEASE.jar
2026-08-27 16:17:39,068 [Worker-7: Building workspace] INFO  o.e.m.c.i.e.AbstractTransferListenerAdapter - Downloading https://repo.maven.apache.org/maven2/org/springframework/spring-beans/5.0.7.RELEASE/spring-beans-5.0.7.RELEASE.jar
2026-08-27 16:17:39,160 [Worker-7: Building workspace] INFO  o.e.m.c.i.e.AbstractTransferListenerAdapter - Downloaded https://repo.maven.apache.org/maven2/org/springframework/spring-beans/5.0.7.RELEASE/spring-beans-5.0.7.RELEASE.jar
2026-08-27 16:17:39,179 [Worker-7: Building workspace] INFO  o.e.m.c.i.e.AbstractTransferListenerAdapter - Downloading https://repo.maven.apache.org/maven2/org/springframework/spring-core/5.0.7.RELEASE/spring-core-5.0.7.RELEASE.jar
2026-08-27 16:17:39,318 [Worker-7: Building workspace] INFO  o.e.m.c.i.e.AbstractTransferListenerAdapter - Downloaded https://repo.maven.apache.org/maven2/org/springframework/spring-core/5.0.7.RELEASE/spring-core-5.0.7.RELEASE.jar
2026-08-27 16:17:39,334 [Worker-7: Building workspace] INFO  o.e.m.c.i.e.AbstractTransferListenerAdapter - Downloading https://repo.maven.apache.org/maven2/org/springframework/spring-jcl/5.0.7.RELEASE/spring-jcl-5.0.7.RELEASE.jar
2026-08-27 16:17:39,371 [Worker-7: Building workspace] INFO  o.e.m.c.i.e.AbstractTransferListenerAdapter - Downloaded https://repo.maven.apache.org/maven2/org/springframework/spring-jcl/5.0.7.RELEASE/spring-jcl-5.0.7.RELEASE.jar
2026-08-27 16:17:39,398 [Worker-7: Building workspace] INFO  o.e.m.c.i.e.AbstractTransferListenerAdapter - Downloading https://repo.maven.apache.org/maven2/org/springframework/spring-expression/5.0.7.RELEASE/spring-expression-5.0.7.RELEASE.jar
2026-08-27 16:17:39,445 [Worker-7: Building workspace] INFO  o.e.m.c.i.e.AbstractTransferListenerAdapter - Downloaded https://repo.maven.apache.org/maven2/org/springframework/spring-expression/5.0.7.RELEASE/spring-expression-5.0.7.RELEASE.jar
2026-08-27 16:17:39,461 [Worker-7: Building workspace] INFO  o.e.m.c.i.e.AbstractTransferListenerAdapter - Downloading https://repo.maven.apache.org/maven2/org/springframework/spring-webmvc/5.0.7.RELEASE/spring-webmvc-5.0.7.RELEASE.jar
2026-08-27 16:17:39,556 [Worker-7: Building workspace] INFO  o.e.m.c.i.e.AbstractTransferListenerAdapter - Downloaded https://repo.maven.apache.org/maven2/org/springframework/spring-webmvc/5.0.7.RELEASE/spring-webmvc-5.0.7.RELEASE.jar
2026-08-27 16:17:39,588 [Worker-7: Building workspace] INFO  o.e.m.c.i.e.AbstractTransferListenerAdapter - Downloading https://repo.maven.apache.org/maven2/org/springframework/spring-web/5.0.7.RELEASE/spring-web-5.0.7.RELEASE.jar
2026-08-27 16:17:39,716 [Worker-7: Building workspace] INFO  o.e.m.c.i.e.AbstractTransferListenerAdapter - Downloaded https://repo.maven.apache.org/maven2/org/springframework/spring-web/5.0.7.RELEASE/spring-web-5.0.7.RELEASE.jar
2026-08-27 16:17:40,635 [Worker-7: Building workspace] WARN  o.e.m.c.i.embedder.EclipseLogger - Using platform encoding (MS949 actually) to copy filtered resources, i.e. build is platform dependent!
2026-08-27 16:17:40,635 [Worker-7: Building workspace] INFO  o.e.m.c.i.embedder.EclipseLogger - Copying 1 resource
2026-08-27 16:17:40,635 [Worker-7: Building workspace] WARN  o.e.m.c.i.embedder.EclipseLogger - Using platform encoding (MS949 actually) to copy filtered resources, i.e. build is platform dependent!
2026-08-27 16:17:40,643 [Worker-7: Building workspace] INFO  o.e.m.c.i.embedder.EclipseLogger - Copying 1 resource
2026-08-27 16:17:41,662 [Worker-3: Download sources and javadoc] INFO  o.e.m.c.i.e.AbstractTransferListenerAdapter - Downloading https://repo.maven.apache.org/maven2/org/springframework/spring-context/5.0.7.RELEASE/spring-context-5.0.7.RELEASE-sources.jar
2026-08-27 16:17:41,778 [Worker-3: Download sources and javadoc] INFO  o.e.m.c.i.e.AbstractTransferListenerAdapter - Downloaded https://repo.maven.apache.org/maven2/org/springframework/spring-context/5.0.7.RELEASE/spring-context-5.0.7.RELEASE-sources.jar
2026-08-27 16:17:41,900 [Worker-3: Download sources and javadoc] INFO  o.e.m.j.internal.DownloadSourcesJob - Downloaded sources for org.springframework:spring-context:5.0.7.RELEASE
2026-08-27 16:17:41,944 [Worker-3: Download sources and javadoc] INFO  o.e.m.c.i.e.AbstractTransferListenerAdapter - Downloading https://repo.maven.apache.org/maven2/org/springframework/spring-aop/5.0.7.RELEASE/spring-aop-5.0.7.RELEASE-sources.jar
2026-08-27 16:17:41,993 [Worker-3: Download sources and javadoc] INFO  o.e.m.c.i.e.AbstractTransferListenerAdapter - Downloaded https://repo.maven.apache.org/maven2/org/springframework/spring-aop/5.0.7.RELEASE/spring-aop-5.0.7.RELEASE-sources.jar
2026-08-27 16:17:42,065 [Worker-0: Building workspace] WARN  o.e.m.c.i.embedder.EclipseLogger - Using platform encoding (MS949 actually) to copy filtered resources, i.e. build is platform dependent!
2026-08-27 16:17:42,073 [Worker-0: Building workspace] INFO  o.e.m.c.i.embedder.EclipseLogger - Copying 1 resource
2026-08-27 16:17:42,073 [Worker-3: Download sources and javadoc] INFO  o.e.m.j.internal.DownloadSourcesJob - Downloaded sources for org.springframework:spring-aop:5.0.7.RELEASE
2026-08-27 16:17:42,077 [Worker-0: Building workspace] WARN  o.e.m.c.i.embedder.EclipseLogger - Using platform encoding (MS949 actually) to copy filtered resources, i.e. build is platform dependent!
2026-08-27 16:17:42,077 [Worker-0: Building workspace] INFO  o.e.m.c.i.embedder.EclipseLogger - Copying 1 resource
2026-08-27 16:17:42,114 [Worker-3: Download sources and javadoc] INFO  o.e.m.c.i.e.AbstractTransferListenerAdapter - Downloading https://repo.maven.apache.org/maven2/org/springframework/spring-beans/5.0.7.RELEASE/spring-beans-5.0.7.RELEASE-sources.jar
2026-08-27 16:17:42,199 [Worker-3: Download sources and javadoc] INFO  o.e.m.c.i.e.AbstractTransferListenerAdapter - Downloaded https://repo.maven.apache.org/maven2/org/springframework/spring-beans/5.0.7.RELEASE/spring-beans-5.0.7.RELEASE-sources.jar
2026-08-27 16:17:42,296 [Worker-3: Download sources and javadoc] INFO  o.e.m.j.internal.DownloadSourcesJob - Downloaded sources for org.springframework:spring-beans:5.0.7.RELEASE
2026-08-27 16:17:42,326 [Worker-3: Download sources and javadoc] INFO  o.e.m.c.i.e.AbstractTransferListenerAdapter - Downloading https://repo.maven.apache.org/maven2/org/springframework/spring-core/5.0.7.RELEASE/spring-core-5.0.7.RELEASE-sources.jar
2026-08-27 16:17:42,421 [Worker-3: Download sources and javadoc] INFO  o.e.m.c.i.e.AbstractTransferListenerAdapter - Downloaded https://repo.maven.apache.org/maven2/org/springframework/spring-core/5.0.7.RELEASE/spring-core-5.0.7.RELEASE-sources.jar
2026-08-27 16:17:42,469 [Worker-3: Download sources and javadoc] INFO  o.e.m.j.internal.DownloadSourcesJob - Downloaded sources for org.springframework:spring-core:5.0.7.RELEASE
2026-08-27 16:17:42,507 [Worker-3: Download sources and javadoc] INFO  o.e.m.c.i.e.AbstractTransferListenerAdapter - Downloading https://repo.maven.apache.org/maven2/org/springframework/spring-jcl/5.0.7.RELEASE/spring-jcl-5.0.7.RELEASE-sources.jar
2026-08-27 16:17:42,517 [Worker-3: Download sources and javadoc] INFO  o.e.m.c.i.e.AbstractTransferListenerAdapter - Downloaded https://repo.maven.apache.org/maven2/org/springframework/spring-jcl/5.0.7.RELEASE/spring-jcl-5.0.7.RELEASE-sources.jar
2026-08-27 16:17:42,597 [Worker-3: Download sources and javadoc] INFO  o.e.m.j.internal.DownloadSourcesJob - Downloaded sources for org.springframework:spring-jcl:5.0.7.RELEASE
2026-08-27 16:17:42,644 [Worker-3: Download sources and javadoc] INFO  o.e.m.c.i.e.AbstractTransferListenerAdapter - Downloading https://repo.maven.apache.org/maven2/org/springframework/spring-expression/5.0.7.RELEASE/spring-expression-5.0.7.RELEASE-sources.jar
2026-08-27 16:17:42,678 [Worker-3: Download sources and javadoc] INFO  o.e.m.c.i.e.AbstractTransferListenerAdapter - Downloaded https://repo.maven.apache.org/maven2/org/springframework/spring-expression/5.0.7.RELEASE/spring-expression-5.0.7.RELEASE-sources.jar
2026-08-27 16:17:42,740 [Worker-3: Download sources and javadoc] INFO  o.e.m.j.internal.DownloadSourcesJob - Downloaded sources for org.springframework:spring-expression:5.0.7.RELEASE
2026-08-27 16:17:42,788 [Worker-3: Download sources and javadoc] INFO  o.e.m.c.i.e.AbstractTransferListenerAdapter - Downloading https://repo.maven.apache.org/maven2/org/springframework/spring-webmvc/5.0.7.RELEASE/spring-webmvc-5.0.7.RELEASE-sources.jar
2026-08-27 16:17:42,869 [Worker-3: Download sources and javadoc] INFO  o.e.m.c.i.e.AbstractTransferListenerAdapter - Downloaded https://repo.maven.apache.org/maven2/org/springframework/spring-webmvc/5.0.7.RELEASE/spring-webmvc-5.0.7.RELEASE-sources.jar
2026-08-27 16:17:42,978 [Worker-3: Download sources and javadoc] INFO  o.e.m.j.internal.DownloadSourcesJob - Downloaded sources for org.springframework:spring-webmvc:5.0.7.RELEASE
2026-08-27 16:17:43,009 [Worker-3: Download sources and javadoc] INFO  o.e.m.c.i.e.AbstractTransferListenerAdapter - Downloading https://repo.maven.apache.org/maven2/org/springframework/spring-web/5.0.7.RELEASE/spring-web-5.0.7.RELEASE-sources.jar
2026-08-27 16:17:43,122 [Worker-3: Download sources and javadoc] INFO  o.e.m.c.i.e.AbstractTransferListenerAdapter - Downloaded https://repo.maven.apache.org/maven2/org/springframework/spring-web/5.0.7.RELEASE/spring-web-5.0.7.RELEASE-sources.jar
2026-08-27 16:17:43,263 [Worker-3: Download sources and javadoc] INFO  o.e.m.j.internal.DownloadSourcesJob - Downloaded sources for org.springframework:spring-web:5.0.7.RELEASE
2026-08-27 16:17:44,098 [Worker-3: Building workspace] WARN  o.e.m.c.i.embedder.EclipseLogger - Using platform encoding (MS949 actually) to copy filtered resources, i.e. build is platform dependent!
2026-08-27 16:17:44,098 [Worker-3: Building workspace] INFO  o.e.m.c.i.embedder.EclipseLogger - Copying 0 resource
2026-08-27 16:17:44,103 [Worker-3: Building workspace] WARN  o.e.m.c.i.embedder.EclipseLogger - Using platform encoding (MS949 actually) to copy filtered resources, i.e. build is platform dependent!
2026-08-27 16:17:44,103 [Worker-3: Building workspace] INFO  o.e.m.c.i.embedder.EclipseLogger - Copying 0 resource
2026-08-27 16:18:45,142 [Worker-16: Building workspace] INFO  o.e.m.c.i.l.LifecycleMappingFactory - Using org.maven.ide.eclipse.wtp.WarLifecycleMapping lifecycle mapping for MavenProject: org.joonzis:cotroller:1.0.0-BUILD-SNAPSHOT @ C:\dev\workspace\workspace-spring\chapter03_MVC\pom.xml.
2026-08-27 16:18:45,241 [Worker-16: Building workspace] WARN  o.e.m.c.i.embedder.EclipseLogger - Using platform encoding (MS949 actually) to copy filtered resources, i.e. build is platform dependent!
2026-08-27 16:18:45,241 [Worker-16: Building workspace] INFO  o.e.m.c.i.embedder.EclipseLogger - Copying 0 resource
2026-08-27 16:18:45,243 [Worker-16: Building workspace] WARN  o.e.m.c.i.embedder.EclipseLogger - Using platform encoding (MS949 actually) to copy filtered resources, i.e. build is platform dependent!
2026-08-27 16:18:45,243 [Worker-16: Building workspace] INFO  o.e.m.c.i.embedder.EclipseLogger - Copying 0 resource
2026-08-27 16:18:45,245 [Worker-16: Building workspace] INFO  o.e.m.w.i.f.ResourceFilteringBuildParticipant - Changed resources require a complete clean of filtered resources of chapter03_MVC
2026-08-27 16:18:45,245 [Worker-16: Building workspace] INFO  o.e.m.w.i.f.ResourceFilteringBuildParticipant - Executing resource filtering for chapter03_MVC
2026-08-27 16:18:45,248 [Worker-16: Building workspace] WARN  o.e.m.c.i.embedder.EclipseLogger - Using platform encoding (MS949 actually) to copy filtered resources, i.e. build is platform dependent!
2026-08-27 16:18:46,458 [Worker-16: Building workspace] WARN  o.e.m.c.i.embedder.EclipseLogger - Using platform encoding (MS949 actually) to copy filtered resources, i.e. build is platform dependent!
2026-08-27 16:18:46,460 [Worker-16: Building workspace] INFO  o.e.m.c.i.embedder.EclipseLogger - Copying 1 resource
2026-08-27 16:18:46,460 [Worker-16: Building workspace] WARN  o.e.m.c.i.embedder.EclipseLogger - Using platform encoding (MS949 actually) to copy filtered resources, i.e. build is platform dependent!
2026-08-27 16:18:46,460 [Worker-16: Building workspace] INFO  o.e.m.c.i.embedder.EclipseLogger - Copying 1 resource
2026-08-27 16:19:24,862 [Worker-14: Building workspace] INFO  o.e.m.c.i.l.LifecycleMappingFactory - Using org.maven.ide.eclipse.wtp.WarLifecycleMapping lifecycle mapping for MavenProject: org.joonzis:cotroller:1.0.0-BUILD-SNAPSHOT @ C:\dev\workspace\workspace-spring\chapter03_MVC\pom.xml.
2026-08-27 16:19:24,938 [Worker-14: Building workspace] INFO  o.e.m.c.i.e.AbstractTransferListenerAdapter - Downloaded https://repo.maven.apache.org/maven2/javax/servlet/servlet-api/3.1.0/servlet-api-3.1.0.pom
2026-08-27 16:19:24,938 [Worker-14: Building workspace] WARN  o.e.m.c.i.embedder.EclipseLogger - The POM for javax.servlet:servlet-api:jar:3.1.0 is missing, no dependency information available
2026-08-27 16:19:24,987 [Worker-14: Building workspace] INFO  o.e.m.c.i.e.AbstractTransferListenerAdapter - Downloaded https://repo.maven.apache.org/maven2/javax/servlet/servlet-api/3.1.0/servlet-api-3.1.0.jar
2026-08-27 16:19:25,013 [Worker-14: Building workspace] WARN  o.e.m.c.i.embedder.EclipseLogger - The POM for javax.servlet:servlet-api:jar:3.1.0 is missing, no dependency information available
2026-08-27 16:19:25,065 [Worker-14: Building workspace] WARN  o.e.m.c.i.embedder.EclipseLogger - Using platform encoding (MS949 actually) to copy filtered resources, i.e. build is platform dependent!
2026-08-27 16:19:25,065 [Worker-14: Building workspace] INFO  o.e.m.c.i.embedder.EclipseLogger - Copying 0 resource
2026-08-27 16:19:25,072 [Worker-14: Building workspace] WARN  o.e.m.c.i.embedder.EclipseLogger - Using platform encoding (MS949 actually) to copy filtered resources, i.e. build is platform dependent!
2026-08-27 16:19:25,072 [Worker-14: Building workspace] INFO  o.e.m.c.i.embedder.EclipseLogger - Copying 0 resource
2026-08-27 16:19:25,072 [Worker-14: Building workspace] INFO  o.e.m.w.i.f.ResourceFilteringBuildParticipant - Changed resources require a complete clean of filtered resources of chapter03_MVC
2026-08-27 16:19:25,072 [Worker-14: Building workspace] INFO  o.e.m.w.i.f.ResourceFilteringBuildParticipant - Executing resource filtering for chapter03_MVC
2026-08-27 16:19:25,074 [Worker-14: Building workspace] WARN  o.e.m.c.i.embedder.EclipseLogger - Using platform encoding (MS949 actually) to copy filtered resources, i.e. build is platform dependent!
2026-08-27 16:19:26,131 [Worker-16: Download sources and javadoc] WARN  o.e.m.c.i.embedder.EclipseLogger - The POM for javax.servlet:servlet-api:jar:3.1.0 is missing, no dependency information available
2026-08-27 16:19:26,195 [Worker-16: Download sources and javadoc] INFO  o.e.m.c.i.e.AbstractTransferListenerAdapter - Downloaded https://repo.maven.apache.org/maven2/javax/servlet/servlet-api/3.1.0/servlet-api-3.1.0-sources.jar
2026-08-27 16:19:26,201 [Worker-16: Download sources and javadoc] ERROR o.e.m.j.internal.DownloadSourcesJob - Could not download sources for javax.servlet:servlet-api:3.1.0
org.eclipse.core.runtime.CoreException: Could not resolve artifact javax.servlet:servlet-api:jar:sources:3.1.0
	at org.eclipse.m2e.core.internal.embedder.MavenImpl.lambda$4(MavenImpl.java:801) ~[na:na]
	at org.eclipse.m2e.core.internal.embedder.MavenExecutionContext.executeBare(MavenExecutionContext.java:177) ~[na:na]
	at org.eclipse.m2e.core.internal.embedder.MavenExecutionContext.execute(MavenExecutionContext.java:112) ~[na:na]
	at org.eclipse.m2e.core.internal.embedder.MavenExecutionContext.execute(MavenExecutionContext.java:99) ~[na:na]
	at org.eclipse.m2e.core.internal.embedder.MavenImpl.resolve(MavenImpl.java:769) ~[na:na]
	at org.eclipse.m2e.core.internal.embedder.MavenImpl.resolve(MavenImpl.java:746) ~[na:na]
	at org.eclipse.m2e.jdt.internal.DownloadSourcesJob.download(DownloadSourcesJob.java:328) ~[na:na]
	at org.eclipse.m2e.jdt.internal.DownloadSourcesJob.downloadAttachments(DownloadSourcesJob.java:302) ~[na:na]
	at org.eclipse.m2e.jdt.internal.DownloadSourcesJob.downloadMaven(DownloadSourcesJob.java:267) ~[na:na]
	at org.eclipse.m2e.jdt.internal.DownloadSourcesJob.downloadFilesAndPopulateToUpdate(DownloadSourcesJob.java:231) ~[na:na]
	at org.eclipse.m2e.jdt.internal.DownloadSourcesJob.lambda$0(DownloadSourcesJob.java:159) ~[na:na]
	at org.eclipse.m2e.core.internal.embedder.MavenExecutionContext.executeBare(MavenExecutionContext.java:177) ~[na:na]
	at org.eclipse.m2e.core.internal.embedder.MavenExecutionContext.execute(MavenExecutionContext.java:151) ~[na:na]
	at org.eclipse.m2e.core.internal.embedder.MavenExecutionContext.execute(MavenExecutionContext.java:99) ~[na:na]
	at org.eclipse.m2e.core.internal.embedder.MavenImpl.execute(MavenImpl.java:1374) ~[na:na]
	at org.eclipse.m2e.jdt.internal.DownloadSourcesJob.run(DownloadSourcesJob.java:159) ~[na:na]
	at org.eclipse.core.internal.jobs.Worker.run(Worker.java:63) ~[org.eclipse.core.jobs_3.10.400.v20190506-1457.jar:na]
2026-08-27 16:19:26,308 [Worker-7: Building workspace] WARN  o.e.m.c.i.embedder.EclipseLogger - Using platform encoding (MS949 actually) to copy filtered resources, i.e. build is platform dependent!
2026-08-27 16:19:26,310 [Worker-7: Building workspace] INFO  o.e.m.c.i.embedder.EclipseLogger - Copying 0 resource
2026-08-27 16:19:26,313 [Worker-7: Building workspace] WARN  o.e.m.c.i.embedder.EclipseLogger - Using platform encoding (MS949 actually) to copy filtered resources, i.e. build is platform dependent!
2026-08-27 16:19:26,313 [Worker-7: Building workspace] INFO  o.e.m.c.i.embedder.EclipseLogger - Copying 0 resource
2026-08-27 16:19:45,536 [Worker-16: Building workspace] INFO  o.e.m.c.i.l.LifecycleMappingFactory - Using org.maven.ide.eclipse.wtp.WarLifecycleMapping lifecycle mapping for MavenProject: org.joonzis:cotroller:1.0.0-BUILD-SNAPSHOT @ C:\dev\workspace\workspace-spring\chapter03_MVC\pom.xml.
2026-08-27 16:19:45,635 [Worker-16: Building workspace] INFO  o.e.m.c.i.e.AbstractTransferListenerAdapter - Downloaded https://repo.maven.apache.org/maven2/javax/servlet/javax.servlet-api/3.1.0/javax.servlet-api-3.1.0.pom
2026-08-27 16:19:45,700 [Worker-16: Building workspace] INFO  o.e.m.c.i.e.AbstractTransferListenerAdapter - Downloaded https://repo.maven.apache.org/maven2/net/java/jvnet-parent/3/jvnet-parent-3.pom
2026-08-27 16:19:45,726 [Worker-16: Building workspace] INFO  o.e.m.c.i.e.AbstractTransferListenerAdapter - Downloading https://repo.maven.apache.org/maven2/javax/servlet/javax.servlet-api/3.1.0/javax.servlet-api-3.1.0.jar
2026-08-27 16:19:45,758 [Worker-16: Building workspace] INFO  o.e.m.c.i.e.AbstractTransferListenerAdapter - Downloaded https://repo.maven.apache.org/maven2/javax/servlet/javax.servlet-api/3.1.0/javax.servlet-api-3.1.0.jar
2026-08-27 16:19:46,028 [Worker-16: Building workspace] WARN  o.e.m.c.i.embedder.EclipseLogger - Using platform encoding (MS949 actually) to copy filtered resources, i.e. build is platform dependent!
2026-08-27 16:19:46,028 [Worker-16: Building workspace] INFO  o.e.m.c.i.embedder.EclipseLogger - Copying 0 resource
2026-08-27 16:19:46,044 [Worker-16: Building workspace] WARN  o.e.m.c.i.embedder.EclipseLogger - Using platform encoding (MS949 actually) to copy filtered resources, i.e. build is platform dependent!
2026-08-27 16:19:46,044 [Worker-16: Building workspace] INFO  o.e.m.c.i.embedder.EclipseLogger - Copying 0 resource
2026-08-27 16:19:46,044 [Worker-16: Building workspace] INFO  o.e.m.w.i.f.ResourceFilteringBuildParticipant - Changed resources require a complete clean of filtered resources of chapter03_MVC
2026-08-27 16:19:46,044 [Worker-16: Building workspace] INFO  o.e.m.w.i.f.ResourceFilteringBuildParticipant - Executing resource filtering for chapter03_MVC
2026-08-27 16:19:46,047 [Worker-16: Building workspace] WARN  o.e.m.c.i.embedder.EclipseLogger - Using platform encoding (MS949 actually) to copy filtered resources, i.e. build is platform dependent!
2026-08-27 16:19:47,160 [Worker-7: Download sources and javadoc] INFO  o.e.m.c.i.e.AbstractTransferListenerAdapter - Downloading https://repo.maven.apache.org/maven2/javax/servlet/javax.servlet-api/3.1.0/javax.servlet-api-3.1.0-sources.jar
2026-08-27 16:19:47,197 [Worker-7: Download sources and javadoc] INFO  o.e.m.c.i.e.AbstractTransferListenerAdapter - Downloaded https://repo.maven.apache.org/maven2/javax/servlet/javax.servlet-api/3.1.0/javax.servlet-api-3.1.0-sources.jar
2026-08-27 16:19:47,295 [Worker-7: Download sources and javadoc] INFO  o.e.m.j.internal.DownloadSourcesJob - Downloaded sources for javax.servlet:javax.servlet-api:3.1.0
2026-08-27 16:19:47,500 [Worker-14: Building workspace] WARN  o.e.m.c.i.embedder.EclipseLogger - Using platform encoding (MS949 actually) to copy filtered resources, i.e. build is platform dependent!
2026-08-27 16:19:47,504 [Worker-14: Building workspace] INFO  o.e.m.c.i.embedder.EclipseLogger - Copying 1 resource
2026-08-27 16:19:47,513 [Worker-14: Building workspace] WARN  o.e.m.c.i.embedder.EclipseLogger - Using platform encoding (MS949 actually) to copy filtered resources, i.e. build is platform dependent!
2026-08-27 16:19:47,514 [Worker-14: Building workspace] INFO  o.e.m.c.i.embedder.EclipseLogger - Copying 1 resource
2026-08-27 16:20:29,456 [Worker-7: Building workspace] INFO  o.e.m.c.i.l.LifecycleMappingFactory - Using org.maven.ide.eclipse.wtp.WarLifecycleMapping lifecycle mapping for MavenProject: org.joonzis:cotroller:1.0.0-BUILD-SNAPSHOT @ C:\dev\workspace\workspace-spring\chapter03_MVC\pom.xml.
2026-08-27 16:20:29,569 [Worker-7: Building workspace] INFO  o.e.m.c.i.e.AbstractTransferListenerAdapter - Downloaded https://repo.maven.apache.org/maven2/junit/junit/4.12/junit-4.12.pom
2026-08-27 16:20:29,628 [Worker-7: Building workspace] INFO  o.e.m.c.i.e.AbstractTransferListenerAdapter - Downloaded https://repo.maven.apache.org/maven2/org/hamcrest/hamcrest-core/1.3/hamcrest-core-1.3.pom
2026-08-27 16:20:29,687 [Worker-7: Building workspace] INFO  o.e.m.c.i.e.AbstractTransferListenerAdapter - Downloaded https://repo.maven.apache.org/maven2/org/hamcrest/hamcrest-parent/1.3/hamcrest-parent-1.3.pom
2026-08-27 16:20:29,719 [Worker-7: Building workspace] INFO  o.e.m.c.i.e.AbstractTransferListenerAdapter - Downloading https://repo.maven.apache.org/maven2/junit/junit/4.12/junit-4.12.jar
2026-08-27 16:20:29,766 [Worker-7: Building workspace] INFO  o.e.m.c.i.e.AbstractTransferListenerAdapter - Downloaded https://repo.maven.apache.org/maven2/junit/junit/4.12/junit-4.12.jar
2026-08-27 16:20:29,782 [Worker-7: Building workspace] INFO  o.e.m.c.i.e.AbstractTransferListenerAdapter - Downloading https://repo.maven.apache.org/maven2/org/hamcrest/hamcrest-core/1.3/hamcrest-core-1.3.jar
2026-08-27 16:20:29,814 [Worker-7: Building workspace] INFO  o.e.m.c.i.e.AbstractTransferListenerAdapter - Downloaded https://repo.maven.apache.org/maven2/org/hamcrest/hamcrest-core/1.3/hamcrest-core-1.3.jar
2026-08-27 16:20:30,212 [Worker-7: Building workspace] WARN  o.e.m.c.i.embedder.EclipseLogger - Using platform encoding (MS949 actually) to copy filtered resources, i.e. build is platform dependent!
2026-08-27 16:20:30,212 [Worker-7: Building workspace] INFO  o.e.m.c.i.embedder.EclipseLogger - Copying 0 resource
2026-08-27 16:20:30,212 [Worker-7: Building workspace] WARN  o.e.m.c.i.embedder.EclipseLogger - Using platform encoding (MS949 actually) to copy filtered resources, i.e. build is platform dependent!
2026-08-27 16:20:30,212 [Worker-7: Building workspace] INFO  o.e.m.c.i.embedder.EclipseLogger - Copying 0 resource
2026-08-27 16:20:30,212 [Worker-7: Building workspace] INFO  o.e.m.w.i.f.ResourceFilteringBuildParticipant - Changed resources require a complete clean of filtered resources of chapter03_MVC
2026-08-27 16:20:30,212 [Worker-7: Building workspace] INFO  o.e.m.w.i.f.ResourceFilteringBuildParticipant - Executing resource filtering for chapter03_MVC
2026-08-27 16:20:30,228 [Worker-7: Building workspace] WARN  o.e.m.c.i.embedder.EclipseLogger - Using platform encoding (MS949 actually) to copy filtered resources, i.e. build is platform dependent!
2026-08-27 16:20:31,332 [Worker-15: Download sources and javadoc] INFO  o.e.m.c.i.e.AbstractTransferListenerAdapter - Downloading https://repo.maven.apache.org/maven2/junit/junit/4.12/junit-4.12-sources.jar
2026-08-27 16:20:31,386 [Worker-15: Download sources and javadoc] INFO  o.e.m.c.i.e.AbstractTransferListenerAdapter - Downloaded https://repo.maven.apache.org/maven2/junit/junit/4.12/junit-4.12-sources.jar
2026-08-27 16:20:31,487 [Worker-15: Download sources and javadoc] INFO  o.e.m.j.internal.DownloadSourcesJob - Downloaded sources for junit:junit:4.12
2026-08-27 16:20:31,510 [Worker-17: Building workspace] WARN  o.e.m.c.i.embedder.EclipseLogger - Using platform encoding (MS949 actually) to copy filtered resources, i.e. build is platform dependent!
2026-08-27 16:20:31,510 [Worker-17: Building workspace] INFO  o.e.m.c.i.embedder.EclipseLogger - Copying 1 resource
2026-08-27 16:20:31,512 [Worker-17: Building workspace] WARN  o.e.m.c.i.embedder.EclipseLogger - Using platform encoding (MS949 actually) to copy filtered resources, i.e. build is platform dependent!
2026-08-27 16:20:31,515 [Worker-17: Building workspace] INFO  o.e.m.c.i.embedder.EclipseLogger - Copying 1 resource
2026-08-27 16:20:31,524 [Worker-15: Download sources and javadoc] INFO  o.e.m.c.i.e.AbstractTransferListenerAdapter - Downloading https://repo.maven.apache.org/maven2/org/hamcrest/hamcrest-core/1.3/hamcrest-core-1.3-sources.jar
2026-08-27 16:20:31,549 [Worker-15: Download sources and javadoc] INFO  o.e.m.c.i.e.AbstractTransferListenerAdapter - Downloaded https://repo.maven.apache.org/maven2/org/hamcrest/hamcrest-core/1.3/hamcrest-core-1.3-sources.jar
2026-08-27 16:20:31,653 [Worker-15: Download sources and javadoc] INFO  o.e.m.j.internal.DownloadSourcesJob - Downloaded sources for org.hamcrest:hamcrest-core:1.3
2026-08-27 16:20:32,532 [Worker-5: Building workspace] WARN  o.e.m.c.i.embedder.EclipseLogger - Using platform encoding (MS949 actually) to copy filtered resources, i.e. build is platform dependent!
2026-08-27 16:20:32,534 [Worker-5: Building workspace] INFO  o.e.m.c.i.embedder.EclipseLogger - Copying 0 resource
2026-08-27 16:20:32,534 [Worker-5: Building workspace] WARN  o.e.m.c.i.embedder.EclipseLogger - Using platform encoding (MS949 actually) to copy filtered resources, i.e. build is platform dependent!
2026-08-27 16:20:32,534 [Worker-5: Building workspace] INFO  o.e.m.c.i.embedder.EclipseLogger - Copying 0 resource
2026-08-27 16:21:30,420 [Worker-7: Building workspace] INFO  o.e.m.c.i.l.LifecycleMappingFactory - Using org.maven.ide.eclipse.wtp.WarLifecycleMapping lifecycle mapping for MavenProject: org.joonzis:cotroller:1.0.0-BUILD-SNAPSHOT @ C:\dev\workspace\workspace-spring\chapter03_MVC\pom.xml.
2026-08-27 16:21:30,515 [Worker-7: Building workspace] WARN  o.e.m.c.i.embedder.EclipseLogger - Using platform encoding (MS949 actually) to copy filtered resources, i.e. build is platform dependent!
2026-08-27 16:21:30,515 [Worker-7: Building workspace] INFO  o.e.m.c.i.embedder.EclipseLogger - Copying 0 resource
2026-08-27 16:21:30,515 [Worker-7: Building workspace] WARN  o.e.m.c.i.embedder.EclipseLogger - Using platform encoding (MS949 actually) to copy filtered resources, i.e. build is platform dependent!
2026-08-27 16:21:30,515 [Worker-7: Building workspace] INFO  o.e.m.c.i.embedder.EclipseLogger - Copying 0 resource
2026-08-27 16:21:30,515 [Worker-7: Building workspace] INFO  o.e.m.w.i.f.ResourceFilteringBuildParticipant - Changed resources require a complete clean of filtered resources of chapter03_MVC
2026-08-27 16:21:30,515 [Worker-7: Building workspace] INFO  o.e.m.w.i.f.ResourceFilteringBuildParticipant - Executing resource filtering for chapter03_MVC
2026-08-27 16:21:30,515 [Worker-7: Building workspace] WARN  o.e.m.c.i.embedder.EclipseLogger - Using platform encoding (MS949 actually) to copy filtered resources, i.e. build is platform dependent!
2026-08-27 16:22:22,605 [Worker-17: Updating Maven Project] INFO  o.e.m.c.i.p.ProjectConfigurationManager - Update started
2026-08-27 16:22:22,791 [Worker-17: Updating Maven Project] INFO  o.e.m.c.i.l.LifecycleMappingFactory - Using org.maven.ide.eclipse.wtp.WarLifecycleMapping lifecycle mapping for MavenProject: org.joonzis:cotroller:1.0.0-BUILD-SNAPSHOT @ C:\dev\workspace\workspace-spring\chapter03_MVC\pom.xml.
2026-08-27 16:22:22,912 [Worker-17: Updating Maven Project] INFO  o.e.m.j.i.AbstractJavaProjectConfigurator - Adding source folder /chapter03_MVC/src/main/java
2026-08-27 16:22:22,912 [Worker-17: Updating Maven Project] INFO  o.e.m.j.i.AbstractJavaProjectConfigurator - Adding resource folder /chapter03_MVC/src/main/resources
2026-08-27 16:22:22,912 [Worker-17: Updating Maven Project] INFO  o.e.m.j.i.AbstractJavaProjectConfigurator - Adding source folder /chapter03_MVC/src/test/java
2026-08-27 16:22:22,914 [Worker-17: Updating Maven Project] INFO  o.e.m.j.i.AbstractJavaProjectConfigurator - Adding resource folder /chapter03_MVC/src/test/resources
2026-08-27 16:22:24,066 [Worker-17: Updating Maven Project] INFO  o.e.m.w.i.f.ResourceFilteringBuildParticipant - Cleaning filtered folder for chapter03_MVC
2026-08-27 16:22:24,073 [Worker-17: Updating Maven Project] INFO  o.e.m.c.i.p.ProjectConfigurationManager - Update completed: 1 sec
2026-08-27 16:22:24,336 [Worker-0: Building Project chapter03_MVC] WARN  o.e.m.c.i.embedder.EclipseLogger - Using platform encoding (MS949 actually) to copy filtered resources, i.e. build is platform dependent!
2026-08-27 16:22:24,336 [Worker-0: Building Project chapter03_MVC] INFO  o.e.m.c.i.embedder.EclipseLogger - Copying 1 resource
2026-08-27 16:22:24,346 [Worker-0: Building Project chapter03_MVC] WARN  o.e.m.c.i.embedder.EclipseLogger - Using platform encoding (MS949 actually) to copy filtered resources, i.e. build is platform dependent!
2026-08-27 16:22:24,348 [Worker-0: Building Project chapter03_MVC] INFO  o.e.m.c.i.embedder.EclipseLogger - Copying 1 resource
2026-08-27 16:22:24,350 [Worker-0: Building Project chapter03_MVC] INFO  o.e.m.w.i.f.ResourceFilteringBuildParticipant - Changed resources require a complete clean of filtered resources of chapter03_MVC
2026-08-27 16:22:24,350 [Worker-0: Building Project chapter03_MVC] INFO  o.e.m.w.i.f.ResourceFilteringBuildParticipant - Executing resource filtering for chapter03_MVC
2026-08-27 16:22:24,358 [Worker-0: Building Project chapter03_MVC] WARN  o.e.m.c.i.embedder.EclipseLogger - Using platform encoding (MS949 actually) to copy filtered resources, i.e. build is platform dependent!
2026-08-27 16:22:25,064 [Worker-16: Building workspace] WARN  o.e.m.c.i.embedder.EclipseLogger - Using platform encoding (MS949 actually) to copy filtered resources, i.e. build is platform dependent!
2026-08-27 16:22:25,064 [Worker-16: Building workspace] INFO  o.e.m.c.i.embedder.EclipseLogger - Copying 0 resource
2026-08-27 16:22:25,064 [Worker-16: Building workspace] WARN  o.e.m.c.i.embedder.EclipseLogger - Using platform encoding (MS949 actually) to copy filtered resources, i.e. build is platform dependent!
2026-08-27 16:22:25,064 [Worker-16: Building workspace] INFO  o.e.m.c.i.embedder.EclipseLogger - Copying 0 resource
2026-08-27 16:26:25,520 [Worker-7: Building workspace] WARN  o.e.m.c.i.embedder.EclipseLogger - Using platform encoding (MS949 actually) to copy filtered resources, i.e. build is platform dependent!
2026-08-27 16:26:25,520 [Worker-7: Building workspace] INFO  o.e.m.c.i.embedder.EclipseLogger - Copying 0 resource
2026-08-27 16:26:25,520 [Worker-7: Building workspace] WARN  o.e.m.c.i.embedder.EclipseLogger - Using platform encoding (MS949 actually) to copy filtered resources, i.e. build is platform dependent!
2026-08-27 16:26:25,520 [Worker-7: Building workspace] INFO  o.e.m.c.i.embedder.EclipseLogger - Copying 0 resource
2026-08-27 16:28:02,358 [Worker-19: Building workspace] INFO  o.e.m.c.i.l.LifecycleMappingFactory - Using org.maven.ide.eclipse.wtp.WarLifecycleMapping lifecycle mapping for MavenProject: org.joonzis:cotroller:1.0.0-BUILD-SNAPSHOT @ C:\dev\workspace\workspace-spring\chapter03_MVC\pom.xml.
2026-08-27 16:28:02,454 [Worker-19: Building workspace] WARN  o.e.m.c.i.embedder.EclipseLogger - Using platform encoding (MS949 actually) to copy filtered resources, i.e. build is platform dependent!
2026-08-27 16:28:02,456 [Worker-19: Building workspace] INFO  o.e.m.c.i.embedder.EclipseLogger - Copying 0 resource
2026-08-27 16:28:02,456 [Worker-19: Building workspace] WARN  o.e.m.c.i.embedder.EclipseLogger - Using platform encoding (MS949 actually) to copy filtered resources, i.e. build is platform dependent!
2026-08-27 16:28:02,456 [Worker-19: Building workspace] INFO  o.e.m.c.i.embedder.EclipseLogger - Copying 0 resource
2026-08-27 16:28:02,458 [Worker-19: Building workspace] INFO  o.e.m.w.i.f.ResourceFilteringBuildParticipant - Changed resources require a complete clean of filtered resources of chapter03_MVC
2026-08-27 16:28:02,458 [Worker-19: Building workspace] INFO  o.e.m.w.i.f.ResourceFilteringBuildParticipant - Executing resource filtering for chapter03_MVC
2026-08-27 16:28:02,460 [Worker-19: Building workspace] WARN  o.e.m.c.i.embedder.EclipseLogger - Using platform encoding (MS949 actually) to copy filtered resources, i.e. build is platform dependent!
2026-08-27 16:48:52,020 [Worker-33: Building workspace] WARN  o.e.m.c.i.embedder.EclipseLogger - Using platform encoding (MS949 actually) to copy filtered resources, i.e. build is platform dependent!
2026-08-27 16:48:52,020 [Worker-33: Building workspace] INFO  o.e.m.c.i.embedder.EclipseLogger - Copying 1 resource
2026-08-27 16:48:52,022 [Worker-33: Building workspace] WARN  o.e.m.c.i.embedder.EclipseLogger - Using platform encoding (MS949 actually) to copy filtered resources, i.e. build is platform dependent!
2026-08-27 16:48:52,022 [Worker-33: Building workspace] INFO  o.e.m.c.i.embedder.EclipseLogger - Copying 0 resource
2026-08-27 16:49:38,701 [Worker-31: Building workspace] WARN  o.e.m.c.i.embedder.EclipseLogger - Using platform encoding (MS949 actually) to copy filtered resources, i.e. build is platform dependent!
2026-08-27 16:49:38,701 [Worker-31: Building workspace] INFO  o.e.m.c.i.embedder.EclipseLogger - Copying 1 resource
2026-08-27 16:49:38,704 [Worker-31: Building workspace] WARN  o.e.m.c.i.embedder.EclipseLogger - Using platform encoding (MS949 actually) to copy filtered resources, i.e. build is platform dependent!
2026-08-27 16:49:38,705 [Worker-31: Building workspace] INFO  o.e.m.c.i.embedder.EclipseLogger - Copying 0 resource
2026-08-28 08:39:51,933 [Worker-6: Loading available Gradle versions] INFO  o.e.b.c.i.u.g.PublishedGradleVersions - Gradle version information cache is up-to-date. Trying to read.
2026-08-28 09:16:07,080 [Worker-21: Building workspace] WARN  o.e.m.c.i.embedder.EclipseLogger - Using platform encoding (MS949 actually) to copy filtered resources, i.e. build is platform dependent!
2026-08-28 09:16:07,199 [Worker-21: Building workspace] INFO  o.e.m.c.i.embedder.EclipseLogger - Copying 1 resource
2026-08-28 09:16:07,205 [Worker-21: Building workspace] WARN  o.e.m.c.i.embedder.EclipseLogger - Using platform encoding (MS949 actually) to copy filtered resources, i.e. build is platform dependent!
2026-08-28 09:16:07,205 [Worker-21: Building workspace] INFO  o.e.m.c.i.embedder.EclipseLogger - Copying 1 resource
2026-08-28 09:16:07,728 [Worker-21: Building workspace] WARN  o.e.m.c.i.embedder.EclipseLogger - Using platform encoding (MS949 actually) to copy filtered resources, i.e. build is platform dependent!
2026-08-28 09:16:07,729 [Worker-21: Building workspace] INFO  o.e.m.c.i.embedder.EclipseLogger - Copying 5 resources
2026-08-28 09:16:07,731 [Worker-21: Building workspace] WARN  o.e.m.c.i.embedder.EclipseLogger - Using platform encoding (MS949 actually) to copy filtered resources, i.e. build is platform dependent!
2026-08-28 09:16:07,732 [Worker-21: Building workspace] INFO  o.e.m.c.i.embedder.EclipseLogger - Copying 1 resource
2026-08-28 09:16:08,871 [Worker-21: Building workspace] WARN  o.e.m.c.i.embedder.EclipseLogger - Using platform encoding (MS949 actually) to copy filtered resources, i.e. build is platform dependent!
2026-08-28 09:16:08,872 [Worker-21: Building workspace] INFO  o.e.m.c.i.embedder.EclipseLogger - Copying 1 resource
2026-08-28 09:16:08,877 [Worker-21: Building workspace] WARN  o.e.m.c.i.embedder.EclipseLogger - Using platform encoding (MS949 actually) to copy filtered resources, i.e. build is platform dependent!
2026-08-28 09:16:08,878 [Worker-21: Building workspace] INFO  o.e.m.c.i.embedder.EclipseLogger - Copying 1 resource
2026-08-28 09:18:43,436 [Worker-30: Building workspace] WARN  o.e.m.c.i.embedder.EclipseLogger - Using platform encoding (MS949 actually) to copy filtered resources, i.e. build is platform dependent!
2026-08-28 09:18:43,442 [Worker-30: Building workspace] INFO  o.e.m.c.i.embedder.EclipseLogger - Copying 1 resource
2026-08-28 09:18:43,443 [Worker-30: Building workspace] WARN  o.e.m.c.i.embedder.EclipseLogger - Using platform encoding (MS949 actually) to copy filtered resources, i.e. build is platform dependent!
2026-08-28 09:18:43,444 [Worker-30: Building workspace] INFO  o.e.m.c.i.embedder.EclipseLogger - Copying 0 resource
2026-08-28 09:20:09,909 [Worker-19: Building workspace] WARN  o.e.m.c.i.embedder.EclipseLogger - Using platform encoding (MS949 actually) to copy filtered resources, i.e. build is platform dependent!
2026-08-28 09:20:09,911 [Worker-19: Building workspace] INFO  o.e.m.c.i.embedder.EclipseLogger - Copying 0 resource
2026-08-28 09:20:09,912 [Worker-19: Building workspace] WARN  o.e.m.c.i.embedder.EclipseLogger - Using platform encoding (MS949 actually) to copy filtered resources, i.e. build is platform dependent!
2026-08-28 09:20:09,913 [Worker-19: Building workspace] INFO  o.e.m.c.i.embedder.EclipseLogger - Copying 0 resource
2026-08-28 09:20:38,174 [Worker-29: Building workspace] WARN  o.e.m.c.i.embedder.EclipseLogger - Using platform encoding (MS949 actually) to copy filtered resources, i.e. build is platform dependent!
2026-08-28 09:20:38,175 [Worker-29: Building workspace] INFO  o.e.m.c.i.embedder.EclipseLogger - Copying 0 resource
2026-08-28 09:20:38,176 [Worker-29: Building workspace] WARN  o.e.m.c.i.embedder.EclipseLogger - Using platform encoding (MS949 actually) to copy filtered resources, i.e. build is platform dependent!
2026-08-28 09:20:38,177 [Worker-29: Building workspace] INFO  o.e.m.c.i.embedder.EclipseLogger - Copying 0 resource
2026-08-28 09:22:20,624 [Worker-31: Building workspace] WARN  o.e.m.c.i.embedder.EclipseLogger - Using platform encoding (MS949 actually) to copy filtered resources, i.e. build is platform dependent!
2026-08-28 09:22:20,626 [Worker-31: Building workspace] INFO  o.e.m.c.i.embedder.EclipseLogger - Copying 0 resource
2026-08-28 09:22:20,627 [Worker-31: Building workspace] WARN  o.e.m.c.i.embedder.EclipseLogger - Using platform encoding (MS949 actually) to copy filtered resources, i.e. build is platform dependent!
2026-08-28 09:22:20,628 [Worker-31: Building workspace] INFO  o.e.m.c.i.embedder.EclipseLogger - Copying 0 resource
2026-08-28 09:25:08,771 [Worker-19: Building workspace] WARN  o.e.m.c.i.embedder.EclipseLogger - Using platform encoding (MS949 actually) to copy filtered resources, i.e. build is platform dependent!
2026-08-28 09:25:08,772 [Worker-19: Building workspace] INFO  o.e.m.c.i.embedder.EclipseLogger - Copying 1 resource
2026-08-28 09:25:08,774 [Worker-19: Building workspace] WARN  o.e.m.c.i.embedder.EclipseLogger - Using platform encoding (MS949 actually) to copy filtered resources, i.e. build is platform dependent!
2026-08-28 09:25:08,775 [Worker-19: Building workspace] INFO  o.e.m.c.i.embedder.EclipseLogger - Copying 0 resource
2026-08-28 09:25:10,941 [Worker-30: Building workspace] WARN  o.e.m.c.i.embedder.EclipseLogger - Using platform encoding (MS949 actually) to copy filtered resources, i.e. build is platform dependent!
2026-08-28 09:25:10,942 [Worker-30: Building workspace] INFO  o.e.m.c.i.embedder.EclipseLogger - Copying 1 resource
2026-08-28 09:25:10,943 [Worker-30: Building workspace] WARN  o.e.m.c.i.embedder.EclipseLogger - Using platform encoding (MS949 actually) to copy filtered resources, i.e. build is platform dependent!
2026-08-28 09:25:10,944 [Worker-30: Building workspace] INFO  o.e.m.c.i.embedder.EclipseLogger - Copying 0 resource
2026-08-28 09:26:18,215 [Worker-35: Building workspace] WARN  o.e.m.c.i.embedder.EclipseLogger - Using platform encoding (MS949 actually) to copy filtered resources, i.e. build is platform dependent!
2026-08-28 09:26:18,217 [Worker-35: Building workspace] INFO  o.e.m.c.i.embedder.EclipseLogger - Copying 1 resource
2026-08-28 09:26:18,218 [Worker-35: Building workspace] WARN  o.e.m.c.i.embedder.EclipseLogger - Using platform encoding (MS949 actually) to copy filtered resources, i.e. build is platform dependent!
2026-08-28 09:26:18,218 [Worker-35: Building workspace] INFO  o.e.m.c.i.embedder.EclipseLogger - Copying 0 resource
2026-08-28 09:29:05,138 [Worker-35: Building workspace] WARN  o.e.m.c.i.embedder.EclipseLogger - Using platform encoding (MS949 actually) to copy filtered resources, i.e. build is platform dependent!
2026-08-28 09:29:05,139 [Worker-35: Building workspace] INFO  o.e.m.c.i.embedder.EclipseLogger - Copying 1 resource
2026-08-28 09:29:05,141 [Worker-35: Building workspace] WARN  o.e.m.c.i.embedder.EclipseLogger - Using platform encoding (MS949 actually) to copy filtered resources, i.e. build is platform dependent!
2026-08-28 09:29:05,141 [Worker-35: Building workspace] INFO  o.e.m.c.i.embedder.EclipseLogger - Copying 0 resource
2026-08-28 09:31:58,973 [Worker-43: Building workspace] WARN  o.e.m.c.i.embedder.EclipseLogger - Using platform encoding (MS949 actually) to copy filtered resources, i.e. build is platform dependent!
2026-08-28 09:31:58,974 [Worker-43: Building workspace] INFO  o.e.m.c.i.embedder.EclipseLogger - Copying 1 resource
2026-08-28 09:31:58,975 [Worker-43: Building workspace] WARN  o.e.m.c.i.embedder.EclipseLogger - Using platform encoding (MS949 actually) to copy filtered resources, i.e. build is platform dependent!
2026-08-28 09:31:58,976 [Worker-43: Building workspace] INFO  o.e.m.c.i.embedder.EclipseLogger - Copying 0 resource
2026-08-28 09:34:09,634 [Worker-43: Building workspace] WARN  o.e.m.c.i.embedder.EclipseLogger - Using platform encoding (MS949 actually) to copy filtered resources, i.e. build is platform dependent!
2026-08-28 09:34:09,634 [Worker-43: Building workspace] INFO  o.e.m.c.i.embedder.EclipseLogger - Copying 0 resource
2026-08-28 09:34:09,635 [Worker-43: Building workspace] WARN  o.e.m.c.i.embedder.EclipseLogger - Using platform encoding (MS949 actually) to copy filtered resources, i.e. build is platform dependent!
2026-08-28 09:34:09,636 [Worker-43: Building workspace] INFO  o.e.m.c.i.embedder.EclipseLogger - Copying 0 resource
2026-08-28 09:34:32,322 [Worker-39: Building workspace] WARN  o.e.m.c.i.embedder.EclipseLogger - Using platform encoding (MS949 actually) to copy filtered resources, i.e. build is platform dependent!
2026-08-28 09:34:32,324 [Worker-39: Building workspace] INFO  o.e.m.c.i.embedder.EclipseLogger - Copying 0 resource
2026-08-28 09:34:32,326 [Worker-39: Building workspace] WARN  o.e.m.c.i.embedder.EclipseLogger - Using platform encoding (MS949 actually) to copy filtered resources, i.e. build is platform dependent!
2026-08-28 09:34:32,327 [Worker-39: Building workspace] INFO  o.e.m.c.i.embedder.EclipseLogger - Copying 0 resource
2026-08-28 09:35:27,028 [Worker-43: Building workspace] WARN  o.e.m.c.i.embedder.EclipseLogger - Using platform encoding (MS949 actually) to copy filtered resources, i.e. build is platform dependent!
2026-08-28 09:35:27,029 [Worker-43: Building workspace] INFO  o.e.m.c.i.embedder.EclipseLogger - Copying 1 resource
2026-08-28 09:35:27,031 [Worker-43: Building workspace] WARN  o.e.m.c.i.embedder.EclipseLogger - Using platform encoding (MS949 actually) to copy filtered resources, i.e. build is platform dependent!
2026-08-28 09:35:27,032 [Worker-43: Building workspace] INFO  o.e.m.c.i.embedder.EclipseLogger - Copying 0 resource
2026-08-28 09:37:20,488 [Worker-43: Building workspace] WARN  o.e.m.c.i.embedder.EclipseLogger - Using platform encoding (MS949 actually) to copy filtered resources, i.e. build is platform dependent!
2026-08-28 09:37:20,489 [Worker-43: Building workspace] INFO  o.e.m.c.i.embedder.EclipseLogger - Copying 1 resource
2026-08-28 09:37:20,491 [Worker-43: Building workspace] WARN  o.e.m.c.i.embedder.EclipseLogger - Using platform encoding (MS949 actually) to copy filtered resources, i.e. build is platform dependent!
2026-08-28 09:37:20,492 [Worker-43: Building workspace] INFO  o.e.m.c.i.embedder.EclipseLogger - Copying 0 resource
2026-08-28 09:43:17,944 [Worker-53: Building workspace] WARN  o.e.m.c.i.embedder.EclipseLogger - Using platform encoding (MS949 actually) to copy filtered resources, i.e. build is platform dependent!
2026-08-28 09:43:17,945 [Worker-53: Building workspace] INFO  o.e.m.c.i.embedder.EclipseLogger - Copying 0 resource
2026-08-28 09:43:17,952 [Worker-53: Building workspace] WARN  o.e.m.c.i.embedder.EclipseLogger - Using platform encoding (MS949 actually) to copy filtered resources, i.e. build is platform dependent!
2026-08-28 09:43:17,953 [Worker-53: Building workspace] INFO  o.e.m.c.i.embedder.EclipseLogger - Copying 0 resource
2026-08-28 09:43:42,533 [Worker-38: Building workspace] WARN  o.e.m.c.i.embedder.EclipseLogger - Using platform encoding (MS949 actually) to copy filtered resources, i.e. build is platform dependent!
2026-08-28 09:43:42,534 [Worker-38: Building workspace] INFO  o.e.m.c.i.embedder.EclipseLogger - Copying 0 resource
2026-08-28 09:43:42,536 [Worker-38: Building workspace] WARN  o.e.m.c.i.embedder.EclipseLogger - Using platform encoding (MS949 actually) to copy filtered resources, i.e. build is platform dependent!
2026-08-28 09:43:42,538 [Worker-38: Building workspace] INFO  o.e.m.c.i.embedder.EclipseLogger - Copying 0 resource
2026-08-28 09:44:37,129 [Worker-54: Building workspace] WARN  o.e.m.c.i.embedder.EclipseLogger - Using platform encoding (MS949 actually) to copy filtered resources, i.e. build is platform dependent!
2026-08-28 09:44:37,130 [Worker-54: Building workspace] INFO  o.e.m.c.i.embedder.EclipseLogger - Copying 1 resource
2026-08-28 09:44:37,131 [Worker-54: Building workspace] WARN  o.e.m.c.i.embedder.EclipseLogger - Using platform encoding (MS949 actually) to copy filtered resources, i.e. build is platform dependent!
2026-08-28 09:44:37,132 [Worker-54: Building workspace] INFO  o.e.m.c.i.embedder.EclipseLogger - Copying 0 resource
2026-08-28 09:47:58,426 [Worker-54: Building workspace] WARN  o.e.m.c.i.embedder.EclipseLogger - Using platform encoding (MS949 actually) to copy filtered resources, i.e. build is platform dependent!
2026-08-28 09:47:58,428 [Worker-54: Building workspace] INFO  o.e.m.c.i.embedder.EclipseLogger - Copying 1 resource
2026-08-28 09:47:58,429 [Worker-54: Building workspace] WARN  o.e.m.c.i.embedder.EclipseLogger - Using platform encoding (MS949 actually) to copy filtered resources, i.e. build is platform dependent!
2026-08-28 09:47:58,430 [Worker-54: Building workspace] INFO  o.e.m.c.i.embedder.EclipseLogger - Copying 0 resource
2026-08-28 09:49:34,296 [Worker-38: Building workspace] WARN  o.e.m.c.i.embedder.EclipseLogger - Using platform encoding (MS949 actually) to copy filtered resources, i.e. build is platform dependent!
2026-08-28 09:49:34,298 [Worker-38: Building workspace] INFO  o.e.m.c.i.embedder.EclipseLogger - Copying 0 resource
2026-08-28 09:49:34,299 [Worker-38: Building workspace] WARN  o.e.m.c.i.embedder.EclipseLogger - Using platform encoding (MS949 actually) to copy filtered resources, i.e. build is platform dependent!
2026-08-28 09:49:34,301 [Worker-38: Building workspace] INFO  o.e.m.c.i.embedder.EclipseLogger - Copying 0 resource
2026-08-28 09:58:27,593 [Worker-62: Building workspace] WARN  o.e.m.c.i.embedder.EclipseLogger - Using platform encoding (MS949 actually) to copy filtered resources, i.e. build is platform dependent!
2026-08-28 09:58:27,594 [Worker-62: Building workspace] INFO  o.e.m.c.i.embedder.EclipseLogger - Copying 0 resource
2026-08-28 09:58:27,596 [Worker-62: Building workspace] WARN  o.e.m.c.i.embedder.EclipseLogger - Using platform encoding (MS949 actually) to copy filtered resources, i.e. build is platform dependent!
2026-08-28 09:58:27,597 [Worker-62: Building workspace] INFO  o.e.m.c.i.embedder.EclipseLogger - Copying 0 resource
2026-08-28 09:58:30,217 [Worker-64: Building workspace] WARN  o.e.m.c.i.embedder.EclipseLogger - Using platform encoding (MS949 actually) to copy filtered resources, i.e. build is platform dependent!
2026-08-28 09:58:30,218 [Worker-64: Building workspace] INFO  o.e.m.c.i.embedder.EclipseLogger - Copying 0 resource
2026-08-28 09:58:30,220 [Worker-64: Building workspace] WARN  o.e.m.c.i.embedder.EclipseLogger - Using platform encoding (MS949 actually) to copy filtered resources, i.e. build is platform dependent!
2026-08-28 09:58:30,221 [Worker-64: Building workspace] INFO  o.e.m.c.i.embedder.EclipseLogger - Copying 0 resource
2026-08-28 09:58:37,004 [Worker-63: Building workspace] WARN  o.e.m.c.i.embedder.EclipseLogger - Using platform encoding (MS949 actually) to copy filtered resources, i.e. build is platform dependent!
2026-08-28 09:58:37,006 [Worker-63: Building workspace] INFO  o.e.m.c.i.embedder.EclipseLogger - Copying 0 resource
2026-08-28 09:58:37,008 [Worker-63: Building workspace] WARN  o.e.m.c.i.embedder.EclipseLogger - Using platform encoding (MS949 actually) to copy filtered resources, i.e. build is platform dependent!
2026-08-28 09:58:37,010 [Worker-63: Building workspace] INFO  o.e.m.c.i.embedder.EclipseLogger - Copying 0 resource
2026-08-28 10:06:11,649 [Worker-65: Building workspace] WARN  o.e.m.c.i.embedder.EclipseLogger - Using platform encoding (MS949 actually) to copy filtered resources, i.e. build is platform dependent!
2026-08-28 10:06:11,650 [Worker-65: Building workspace] INFO  o.e.m.c.i.embedder.EclipseLogger - Copying 1 resource
2026-08-28 10:06:11,651 [Worker-65: Building workspace] WARN  o.e.m.c.i.embedder.EclipseLogger - Using platform encoding (MS949 actually) to copy filtered resources, i.e. build is platform dependent!
2026-08-28 10:06:11,651 [Worker-65: Building workspace] INFO  o.e.m.c.i.embedder.EclipseLogger - Copying 0 resource
2026-08-28 10:06:15,992 [Worker-67: Building workspace] WARN  o.e.m.c.i.embedder.EclipseLogger - Using platform encoding (MS949 actually) to copy filtered resources, i.e. build is platform dependent!
2026-08-28 10:06:15,993 [Worker-67: Building workspace] INFO  o.e.m.c.i.embedder.EclipseLogger - Copying 1 resource
2026-08-28 10:06:15,994 [Worker-67: Building workspace] WARN  o.e.m.c.i.embedder.EclipseLogger - Using platform encoding (MS949 actually) to copy filtered resources, i.e. build is platform dependent!
2026-08-28 10:06:15,995 [Worker-67: Building workspace] INFO  o.e.m.c.i.embedder.EclipseLogger - Copying 0 resource
2026-08-28 10:07:03,021 [Worker-68: Building workspace] WARN  o.e.m.c.i.embedder.EclipseLogger - Using platform encoding (MS949 actually) to copy filtered resources, i.e. build is platform dependent!
2026-08-28 10:07:03,022 [Worker-68: Building workspace] INFO  o.e.m.c.i.embedder.EclipseLogger - Copying 0 resource
2026-08-28 10:07:03,022 [Worker-68: Building workspace] WARN  o.e.m.c.i.embedder.EclipseLogger - Using platform encoding (MS949 actually) to copy filtered resources, i.e. build is platform dependent!
2026-08-28 10:07:03,023 [Worker-68: Building workspace] INFO  o.e.m.c.i.embedder.EclipseLogger - Copying 0 resource
2026-08-28 10:07:15,541 [Worker-67: Building workspace] WARN  o.e.m.c.i.embedder.EclipseLogger - Using platform encoding (MS949 actually) to copy filtered resources, i.e. build is platform dependent!
2026-08-28 10:07:15,542 [Worker-67: Building workspace] INFO  o.e.m.c.i.embedder.EclipseLogger - Copying 0 resource
2026-08-28 10:07:15,543 [Worker-67: Building workspace] WARN  o.e.m.c.i.embedder.EclipseLogger - Using platform encoding (MS949 actually) to copy filtered resources, i.e. build is platform dependent!
2026-08-28 10:07:15,544 [Worker-67: Building workspace] INFO  o.e.m.c.i.embedder.EclipseLogger - Copying 0 resource
2026-08-28 10:10:33,276 [Worker-64: Building workspace] WARN  o.e.m.c.i.embedder.EclipseLogger - Using platform encoding (MS949 actually) to copy filtered resources, i.e. build is platform dependent!
2026-08-28 10:10:33,278 [Worker-64: Building workspace] INFO  o.e.m.c.i.embedder.EclipseLogger - Copying 0 resource
2026-08-28 10:10:33,280 [Worker-64: Building workspace] WARN  o.e.m.c.i.embedder.EclipseLogger - Using platform encoding (MS949 actually) to copy filtered resources, i.e. build is platform dependent!
2026-08-28 10:10:33,281 [Worker-64: Building workspace] INFO  o.e.m.c.i.embedder.EclipseLogger - Copying 0 resource
2026-08-28 10:13:33,562 [Worker-65: Building workspace] WARN  o.e.m.c.i.embedder.EclipseLogger - Using platform encoding (MS949 actually) to copy filtered resources, i.e. build is platform dependent!
2026-08-28 10:13:33,563 [Worker-65: Building workspace] INFO  o.e.m.c.i.embedder.EclipseLogger - Copying 1 resource
2026-08-28 10:13:33,564 [Worker-65: Building workspace] WARN  o.e.m.c.i.embedder.EclipseLogger - Using platform encoding (MS949 actually) to copy filtered resources, i.e. build is platform dependent!
2026-08-28 10:13:33,565 [Worker-65: Building workspace] INFO  o.e.m.c.i.embedder.EclipseLogger - Copying 0 resource
2026-08-28 10:14:49,992 [Worker-68: Building workspace] WARN  o.e.m.c.i.embedder.EclipseLogger - Using platform encoding (MS949 actually) to copy filtered resources, i.e. build is platform dependent!
2026-08-28 10:14:49,994 [Worker-68: Building workspace] INFO  o.e.m.c.i.embedder.EclipseLogger - Copying 1 resource
2026-08-28 10:14:49,996 [Worker-68: Building workspace] WARN  o.e.m.c.i.embedder.EclipseLogger - Using platform encoding (MS949 actually) to copy filtered resources, i.e. build is platform dependent!
2026-08-28 10:14:49,998 [Worker-68: Building workspace] INFO  o.e.m.c.i.embedder.EclipseLogger - Copying 0 resource
2026-08-28 10:15:18,326 [Worker-69: Building workspace] WARN  o.e.m.c.i.embedder.EclipseLogger - Using platform encoding (MS949 actually) to copy filtered resources, i.e. build is platform dependent!
2026-08-28 10:15:18,329 [Worker-69: Building workspace] INFO  o.e.m.c.i.embedder.EclipseLogger - Copying 1 resource
2026-08-28 10:15:18,331 [Worker-69: Building workspace] WARN  o.e.m.c.i.embedder.EclipseLogger - Using platform encoding (MS949 actually) to copy filtered resources, i.e. build is platform dependent!
2026-08-28 10:15:18,332 [Worker-69: Building workspace] INFO  o.e.m.c.i.embedder.EclipseLogger - Copying 0 resource
2026-08-28 10:16:07,728 [Worker-64: Building workspace] WARN  o.e.m.c.i.embedder.EclipseLogger - Using platform encoding (MS949 actually) to copy filtered resources, i.e. build is platform dependent!
2026-08-28 10:16:07,728 [Worker-64: Building workspace] INFO  o.e.m.c.i.embedder.EclipseLogger - Copying 0 resource
2026-08-28 10:16:07,729 [Worker-64: Building workspace] WARN  o.e.m.c.i.embedder.EclipseLogger - Using platform encoding (MS949 actually) to copy filtered resources, i.e. build is platform dependent!
2026-08-28 10:16:07,730 [Worker-64: Building workspace] INFO  o.e.m.c.i.embedder.EclipseLogger - Copying 0 resource
2026-08-28 10:18:41,260 [Worker-70: Building workspace] WARN  o.e.m.c.i.embedder.EclipseLogger - Using platform encoding (MS949 actually) to copy filtered resources, i.e. build is platform dependent!
2026-08-28 10:18:41,262 [Worker-70: Building workspace] INFO  o.e.m.c.i.embedder.EclipseLogger - Copying 0 resource
2026-08-28 10:18:41,263 [Worker-70: Building workspace] WARN  o.e.m.c.i.embedder.EclipseLogger - Using platform encoding (MS949 actually) to copy filtered resources, i.e. build is platform dependent!
2026-08-28 10:18:41,264 [Worker-70: Building workspace] INFO  o.e.m.c.i.embedder.EclipseLogger - Copying 0 resource
2026-08-28 10:19:47,961 [Worker-71: Building workspace] WARN  o.e.m.c.i.embedder.EclipseLogger - Using platform encoding (MS949 actually) to copy filtered resources, i.e. build is platform dependent!
2026-08-28 10:19:47,962 [Worker-71: Building workspace] INFO  o.e.m.c.i.embedder.EclipseLogger - Copying 1 resource
2026-08-28 10:19:47,963 [Worker-71: Building workspace] WARN  o.e.m.c.i.embedder.EclipseLogger - Using platform encoding (MS949 actually) to copy filtered resources, i.e. build is platform dependent!
2026-08-28 10:19:47,963 [Worker-71: Building workspace] INFO  o.e.m.c.i.embedder.EclipseLogger - Copying 0 resource
2026-08-28 10:20:54,522 [Worker-70: Building workspace] WARN  o.e.m.c.i.embedder.EclipseLogger - Using platform encoding (MS949 actually) to copy filtered resources, i.e. build is platform dependent!
2026-08-28 10:20:54,524 [Worker-70: Building workspace] INFO  o.e.m.c.i.embedder.EclipseLogger - Copying 1 resource
2026-08-28 10:20:54,525 [Worker-70: Building workspace] WARN  o.e.m.c.i.embedder.EclipseLogger - Using platform encoding (MS949 actually) to copy filtered resources, i.e. build is platform dependent!
2026-08-28 10:20:54,526 [Worker-70: Building workspace] INFO  o.e.m.c.i.embedder.EclipseLogger - Copying 0 resource
2026-08-28 10:21:14,144 [Worker-71: Building workspace] WARN  o.e.m.c.i.embedder.EclipseLogger - Using platform encoding (MS949 actually) to copy filtered resources, i.e. build is platform dependent!
2026-08-28 10:21:14,145 [Worker-71: Building workspace] INFO  o.e.m.c.i.embedder.EclipseLogger - Copying 1 resource
2026-08-28 10:21:14,146 [Worker-71: Building workspace] WARN  o.e.m.c.i.embedder.EclipseLogger - Using platform encoding (MS949 actually) to copy filtered resources, i.e. build is platform dependent!
2026-08-28 10:21:14,146 [Worker-71: Building workspace] INFO  o.e.m.c.i.embedder.EclipseLogger - Copying 0 resource
2026-08-28 10:21:25,385 [Worker-65: Building workspace] WARN  o.e.m.c.i.embedder.EclipseLogger - Using platform encoding (MS949 actually) to copy filtered resources, i.e. build is platform dependent!
2026-08-28 10:21:25,386 [Worker-65: Building workspace] INFO  o.e.m.c.i.embedder.EclipseLogger - Copying 1 resource
2026-08-28 10:21:25,388 [Worker-65: Building workspace] WARN  o.e.m.c.i.embedder.EclipseLogger - Using platform encoding (MS949 actually) to copy filtered resources, i.e. build is platform dependent!
2026-08-28 10:21:25,389 [Worker-65: Building workspace] INFO  o.e.m.c.i.embedder.EclipseLogger - Copying 0 resource
2026-08-28 10:23:08,501 [Worker-70: Building workspace] WARN  o.e.m.c.i.embedder.EclipseLogger - Using platform encoding (MS949 actually) to copy filtered resources, i.e. build is platform dependent!
2026-08-28 10:23:08,502 [Worker-70: Building workspace] INFO  o.e.m.c.i.embedder.EclipseLogger - Copying 1 resource
2026-08-28 10:23:08,503 [Worker-70: Building workspace] WARN  o.e.m.c.i.embedder.EclipseLogger - Using platform encoding (MS949 actually) to copy filtered resources, i.e. build is platform dependent!
2026-08-28 10:23:08,503 [Worker-70: Building workspace] INFO  o.e.m.c.i.embedder.EclipseLogger - Copying 0 resource
2026-08-28 10:24:44,269 [Worker-73: Building workspace] WARN  o.e.m.c.i.embedder.EclipseLogger - Using platform encoding (MS949 actually) to copy filtered resources, i.e. build is platform dependent!
2026-08-28 10:24:44,270 [Worker-73: Building workspace] INFO  o.e.m.c.i.embedder.EclipseLogger - Copying 1 resource
2026-08-28 10:24:44,271 [Worker-73: Building workspace] WARN  o.e.m.c.i.embedder.EclipseLogger - Using platform encoding (MS949 actually) to copy filtered resources, i.e. build is platform dependent!
2026-08-28 10:24:44,279 [Worker-73: Building workspace] INFO  o.e.m.c.i.embedder.EclipseLogger - Copying 0 resource
2026-08-28 10:26:24,122 [Worker-73: Building workspace] WARN  o.e.m.c.i.embedder.EclipseLogger - Using platform encoding (MS949 actually) to copy filtered resources, i.e. build is platform dependent!
2026-08-28 10:26:24,124 [Worker-73: Building workspace] INFO  o.e.m.c.i.embedder.EclipseLogger - Copying 1 resource
2026-08-28 10:26:24,126 [Worker-73: Building workspace] WARN  o.e.m.c.i.embedder.EclipseLogger - Using platform encoding (MS949 actually) to copy filtered resources, i.e. build is platform dependent!
2026-08-28 10:26:24,127 [Worker-73: Building workspace] INFO  o.e.m.c.i.embedder.EclipseLogger - Copying 0 resource
2026-08-28 10:26:36,207 [Worker-65: Building workspace] WARN  o.e.m.c.i.embedder.EclipseLogger - Using platform encoding (MS949 actually) to copy filtered resources, i.e. build is platform dependent!
2026-08-28 10:26:36,209 [Worker-65: Building workspace] INFO  o.e.m.c.i.embedder.EclipseLogger - Copying 1 resource
2026-08-28 10:26:36,210 [Worker-65: Building workspace] WARN  o.e.m.c.i.embedder.EclipseLogger - Using platform encoding (MS949 actually) to copy filtered resources, i.e. build is platform dependent!
2026-08-28 10:26:36,211 [Worker-65: Building workspace] INFO  o.e.m.c.i.embedder.EclipseLogger - Copying 0 resource
2026-08-28 10:28:05,956 [Worker-67: Building workspace] WARN  o.e.m.c.i.embedder.EclipseLogger - Using platform encoding (MS949 actually) to copy filtered resources, i.e. build is platform dependent!
2026-08-28 10:28:05,958 [Worker-67: Building workspace] INFO  o.e.m.c.i.embedder.EclipseLogger - Copying 1 resource
2026-08-28 10:28:05,959 [Worker-67: Building workspace] WARN  o.e.m.c.i.embedder.EclipseLogger - Using platform encoding (MS949 actually) to copy filtered resources, i.e. build is platform dependent!
2026-08-28 10:28:05,960 [Worker-67: Building workspace] INFO  o.e.m.c.i.embedder.EclipseLogger - Copying 0 resource
2026-08-28 10:31:52,884 [Worker-75: Updating Maven Project] INFO  o.e.m.c.i.p.ProjectConfigurationManager - Update started
2026-08-28 10:31:55,963 [Worker-75: Updating Maven Project] INFO  o.e.m.c.i.l.LifecycleMappingFactory - Using org.maven.ide.eclipse.wtp.WarLifecycleMapping lifecycle mapping for MavenProject: org.joonzis:cotroller:1.0.0-BUILD-SNAPSHOT @ C:\dev\workspace\workspace-spring\chapter03_MVC\pom.xml.
2026-08-28 10:31:56,861 [Worker-75: Updating Maven Project] INFO  o.e.m.j.i.AbstractJavaProjectConfigurator - Adding source folder /chapter03_MVC/src/main/java
2026-08-28 10:31:56,862 [Worker-75: Updating Maven Project] INFO  o.e.m.j.i.AbstractJavaProjectConfigurator - Adding resource folder /chapter03_MVC/src/main/resources
2026-08-28 10:31:56,863 [Worker-75: Updating Maven Project] INFO  o.e.m.j.i.AbstractJavaProjectConfigurator - Adding source folder /chapter03_MVC/src/test/java
2026-08-28 10:31:56,864 [Worker-75: Updating Maven Project] INFO  o.e.m.j.i.AbstractJavaProjectConfigurator - Adding resource folder /chapter03_MVC/src/test/resources
2026-08-28 10:31:57,327 [Worker-75: Updating Maven Project] INFO  o.e.m.w.i.f.ResourceFilteringBuildParticipant - Cleaning filtered folder for chapter03_MVC
2026-08-28 10:31:57,330 [Worker-75: Updating Maven Project] INFO  o.e.m.c.i.p.ProjectConfigurationManager - Update completed: 4 sec
2026-08-28 10:31:57,967 [Worker-77: Building workspace] WARN  o.e.m.c.i.embedder.EclipseLogger - Using platform encoding (MS949 actually) to copy filtered resources, i.e. build is platform dependent!
2026-08-28 10:31:57,967 [Worker-77: Building workspace] INFO  o.e.m.c.i.embedder.EclipseLogger - Copying 1 resource
2026-08-28 10:31:57,970 [Worker-77: Building workspace] WARN  o.e.m.c.i.embedder.EclipseLogger - Using platform encoding (MS949 actually) to copy filtered resources, i.e. build is platform dependent!
2026-08-28 10:31:57,971 [Worker-77: Building workspace] INFO  o.e.m.c.i.embedder.EclipseLogger - Copying 1 resource
2026-08-28 10:31:57,973 [Worker-77: Building workspace] INFO  o.e.m.w.i.f.ResourceFilteringBuildParticipant - Changed resources require a complete clean of filtered resources of chapter03_MVC
2026-08-28 10:31:57,974 [Worker-77: Building workspace] INFO  o.e.m.w.i.f.ResourceFilteringBuildParticipant - Executing resource filtering for chapter03_MVC
2026-08-28 10:31:57,979 [Worker-77: Building workspace] WARN  o.e.m.c.i.embedder.EclipseLogger - Using platform encoding (MS949 actually) to copy filtered resources, i.e. build is platform dependent!
2026-08-28 10:32:08,071 [Worker-83: Updating Maven Project] INFO  o.e.m.c.i.p.ProjectConfigurationManager - Update started
2026-08-28 10:32:08,255 [Worker-83: Updating Maven Project] INFO  o.e.m.c.i.l.LifecycleMappingFactory - Using org.maven.ide.eclipse.wtp.WarLifecycleMapping lifecycle mapping for MavenProject: org.joonzis:cotroller:1.0.0-BUILD-SNAPSHOT @ C:\dev\workspace\workspace-spring\chapter03_MVC\pom.xml.
2026-08-28 10:32:08,362 [Worker-83: Updating Maven Project] INFO  o.e.m.j.i.AbstractJavaProjectConfigurator - Adding source folder /chapter03_MVC/src/main/java
2026-08-28 10:32:08,363 [Worker-83: Updating Maven Project] INFO  o.e.m.j.i.AbstractJavaProjectConfigurator - Adding resource folder /chapter03_MVC/src/main/resources
2026-08-28 10:32:08,363 [Worker-83: Updating Maven Project] INFO  o.e.m.j.i.AbstractJavaProjectConfigurator - Adding source folder /chapter03_MVC/src/test/java
2026-08-28 10:32:08,363 [Worker-83: Updating Maven Project] INFO  o.e.m.j.i.AbstractJavaProjectConfigurator - Adding resource folder /chapter03_MVC/src/test/resources
2026-08-28 10:32:08,463 [Worker-83: Updating Maven Project] INFO  o.e.m.w.i.f.ResourceFilteringBuildParticipant - Cleaning filtered folder for chapter03_MVC
2026-08-28 10:32:08,466 [Worker-83: Updating Maven Project] INFO  o.e.m.c.i.p.ProjectConfigurationManager - Update completed: 0 sec
2026-08-28 10:32:09,156 [Worker-81: Building workspace] WARN  o.e.m.c.i.embedder.EclipseLogger - Using platform encoding (MS949 actually) to copy filtered resources, i.e. build is platform dependent!
2026-08-28 10:32:09,167 [Worker-81: Building workspace] INFO  o.e.m.c.i.embedder.EclipseLogger - Copying 1 resource
2026-08-28 10:32:09,170 [Worker-81: Building workspace] WARN  o.e.m.c.i.embedder.EclipseLogger - Using platform encoding (MS949 actually) to copy filtered resources, i.e. build is platform dependent!
2026-08-28 10:32:09,171 [Worker-81: Building workspace] INFO  o.e.m.c.i.embedder.EclipseLogger - Copying 1 resource
2026-08-28 10:32:09,174 [Worker-81: Building workspace] INFO  o.e.m.w.i.f.ResourceFilteringBuildParticipant - Changed resources require a complete clean of filtered resources of chapter03_MVC
2026-08-28 10:32:09,174 [Worker-81: Building workspace] INFO  o.e.m.w.i.f.ResourceFilteringBuildParticipant - Executing resource filtering for chapter03_MVC
2026-08-28 10:32:09,177 [Worker-81: Building workspace] WARN  o.e.m.c.i.embedder.EclipseLogger - Using platform encoding (MS949 actually) to copy filtered resources, i.e. build is platform dependent!
2026-08-28 10:34:39,336 [Worker-79: Cleaning all projects] INFO  o.e.m.w.i.f.ResourceFilteringBuildParticipant - Cleaning filtered folder for chapter01_overview
2026-08-28 10:34:39,357 [Worker-79: Cleaning all projects] INFO  o.e.m.w.i.f.ResourceFilteringBuildParticipant - Cleaning filtered folder for chapter02_DI
2026-08-28 10:34:39,366 [Worker-79: Cleaning all projects] INFO  o.e.m.w.i.f.ResourceFilteringBuildParticipant - Cleaning filtered folder for chapter03_MVC
2026-08-28 10:34:39,601 [Worker-78: Building workspace] WARN  o.e.m.c.i.embedder.EclipseLogger - Using platform encoding (MS949 actually) to copy filtered resources, i.e. build is platform dependent!
2026-08-28 10:34:39,602 [Worker-78: Building workspace] INFO  o.e.m.c.i.embedder.EclipseLogger - Copying 1 resource
2026-08-28 10:34:39,606 [Worker-78: Building workspace] WARN  o.e.m.c.i.embedder.EclipseLogger - Using platform encoding (MS949 actually) to copy filtered resources, i.e. build is platform dependent!
2026-08-28 10:34:39,607 [Worker-78: Building workspace] INFO  o.e.m.c.i.embedder.EclipseLogger - Copying 1 resource
2026-08-28 10:34:39,609 [Worker-78: Building workspace] INFO  o.e.m.w.i.f.ResourceFilteringBuildParticipant - Changed resources require a complete clean of filtered resources of chapter01_overview
2026-08-28 10:34:39,609 [Worker-78: Building workspace] INFO  o.e.m.w.i.f.ResourceFilteringBuildParticipant - Executing resource filtering for chapter01_overview
2026-08-28 10:34:39,612 [Worker-78: Building workspace] WARN  o.e.m.c.i.embedder.EclipseLogger - Using platform encoding (MS949 actually) to copy filtered resources, i.e. build is platform dependent!
2026-08-28 10:34:39,967 [Worker-78: Building workspace] WARN  o.e.m.c.i.embedder.EclipseLogger - Using platform encoding (MS949 actually) to copy filtered resources, i.e. build is platform dependent!
2026-08-28 10:34:39,968 [Worker-78: Building workspace] INFO  o.e.m.c.i.embedder.EclipseLogger - Copying 5 resources
2026-08-28 10:34:39,977 [Worker-78: Building workspace] WARN  o.e.m.c.i.embedder.EclipseLogger - Using platform encoding (MS949 actually) to copy filtered resources, i.e. build is platform dependent!
2026-08-28 10:34:39,978 [Worker-78: Building workspace] INFO  o.e.m.c.i.embedder.EclipseLogger - Copying 1 resource
2026-08-28 10:34:39,980 [Worker-78: Building workspace] INFO  o.e.m.w.i.f.ResourceFilteringBuildParticipant - Changed resources require a complete clean of filtered resources of chapter02_DI
2026-08-28 10:34:39,981 [Worker-78: Building workspace] INFO  o.e.m.w.i.f.ResourceFilteringBuildParticipant - Executing resource filtering for chapter02_DI
2026-08-28 10:34:39,994 [Worker-78: Building workspace] WARN  o.e.m.c.i.embedder.EclipseLogger - Using platform encoding (MS949 actually) to copy filtered resources, i.e. build is platform dependent!
2026-08-28 10:34:40,123 [Worker-78: Building workspace] WARN  o.e.m.c.i.embedder.EclipseLogger - Using platform encoding (MS949 actually) to copy filtered resources, i.e. build is platform dependent!
2026-08-28 10:34:40,131 [Worker-78: Building workspace] INFO  o.e.m.c.i.embedder.EclipseLogger - Copying 1 resource
2026-08-28 10:34:40,135 [Worker-78: Building workspace] WARN  o.e.m.c.i.embedder.EclipseLogger - Using platform encoding (MS949 actually) to copy filtered resources, i.e. build is platform dependent!
2026-08-28 10:34:40,138 [Worker-78: Building workspace] INFO  o.e.m.c.i.embedder.EclipseLogger - Copying 1 resource
2026-08-28 10:34:40,141 [Worker-78: Building workspace] INFO  o.e.m.w.i.f.ResourceFilteringBuildParticipant - Changed resources require a complete clean of filtered resources of chapter03_MVC
2026-08-28 10:34:40,141 [Worker-78: Building workspace] INFO  o.e.m.w.i.f.ResourceFilteringBuildParticipant - Executing resource filtering for chapter03_MVC
2026-08-28 10:34:40,147 [Worker-78: Building workspace] WARN  o.e.m.c.i.embedder.EclipseLogger - Using platform encoding (MS949 actually) to copy filtered resources, i.e. build is platform dependent!
2026-08-28 10:34:51,936 [Worker-83: Building workspace] INFO  o.e.m.c.i.l.LifecycleMappingFactory - Using org.maven.ide.eclipse.wtp.WarLifecycleMapping lifecycle mapping for MavenProject: org.joonzis:cotroller:1.0.0-BUILD-SNAPSHOT @ C:\dev\workspace\workspace-spring\chapter03_MVC\pom.xml.
2026-08-28 10:34:52,225 [Worker-83: Building workspace] INFO  o.e.m.c.i.e.AbstractTransferListenerAdapter - Downloaded https://repo.maven.apache.org/maven2/org/projectlombok/lombok/1.18.0/lombok-1.18.0.pom
2026-08-28 10:34:52,257 [Worker-83: Building workspace] INFO  o.e.m.c.i.e.AbstractTransferListenerAdapter - Downloading https://repo.maven.apache.org/maven2/org/projectlombok/lombok/1.18.0/lombok-1.18.0.jar
2026-08-28 10:34:52,420 [Worker-83: Building workspace] INFO  o.e.m.c.i.e.AbstractTransferListenerAdapter - Downloaded https://repo.maven.apache.org/maven2/org/projectlombok/lombok/1.18.0/lombok-1.18.0.jar
2026-08-28 10:34:52,705 [Worker-83: Building workspace] WARN  o.e.m.c.i.embedder.EclipseLogger - Using platform encoding (MS949 actually) to copy filtered resources, i.e. build is platform dependent!
2026-08-28 10:34:52,706 [Worker-83: Building workspace] INFO  o.e.m.c.i.embedder.EclipseLogger - Copying 0 resource
2026-08-28 10:34:52,707 [Worker-83: Building workspace] WARN  o.e.m.c.i.embedder.EclipseLogger - Using platform encoding (MS949 actually) to copy filtered resources, i.e. build is platform dependent!
2026-08-28 10:34:52,707 [Worker-83: Building workspace] INFO  o.e.m.c.i.embedder.EclipseLogger - Copying 0 resource
2026-08-28 10:34:52,707 [Worker-83: Building workspace] INFO  o.e.m.w.i.f.ResourceFilteringBuildParticipant - Changed resources require a complete clean of filtered resources of chapter03_MVC
2026-08-28 10:34:52,708 [Worker-83: Building workspace] INFO  o.e.m.w.i.f.ResourceFilteringBuildParticipant - Executing resource filtering for chapter03_MVC
2026-08-28 10:34:52,709 [Worker-83: Building workspace] WARN  o.e.m.c.i.embedder.EclipseLogger - Using platform encoding (MS949 actually) to copy filtered resources, i.e. build is platform dependent!
2026-08-28 10:34:53,791 [Worker-76: Download sources and javadoc] INFO  o.e.m.c.i.e.AbstractTransferListenerAdapter - Downloading https://repo.maven.apache.org/maven2/org/projectlombok/lombok/1.18.0/lombok-1.18.0-sources.jar
2026-08-28 10:34:53,880 [Worker-76: Download sources and javadoc] INFO  o.e.m.c.i.e.AbstractTransferListenerAdapter - Downloaded https://repo.maven.apache.org/maven2/org/projectlombok/lombok/1.18.0/lombok-1.18.0-sources.jar
2026-08-28 10:34:54,044 [Worker-76: Download sources and javadoc] INFO  o.e.m.j.internal.DownloadSourcesJob - Downloaded sources for org.projectlombok:lombok:1.18.0
2026-08-28 10:34:54,275 [Worker-82: Building workspace] WARN  o.e.m.c.i.embedder.EclipseLogger - Using platform encoding (MS949 actually) to copy filtered resources, i.e. build is platform dependent!
2026-08-28 10:34:54,276 [Worker-82: Building workspace] INFO  o.e.m.c.i.embedder.EclipseLogger - Copying 1 resource
2026-08-28 10:34:54,279 [Worker-82: Building workspace] WARN  o.e.m.c.i.embedder.EclipseLogger - Using platform encoding (MS949 actually) to copy filtered resources, i.e. build is platform dependent!
2026-08-28 10:34:54,280 [Worker-82: Building workspace] INFO  o.e.m.c.i.embedder.EclipseLogger - Copying 1 resource
2026-08-28 10:34:59,459 [Worker-83: Updating Maven Project] INFO  o.e.m.c.i.p.ProjectConfigurationManager - Update started
2026-08-28 10:34:59,633 [Worker-83: Updating Maven Project] INFO  o.e.m.c.i.l.LifecycleMappingFactory - Using org.maven.ide.eclipse.wtp.WarLifecycleMapping lifecycle mapping for MavenProject: org.joonzis:cotroller:1.0.0-BUILD-SNAPSHOT @ C:\dev\workspace\workspace-spring\chapter03_MVC\pom.xml.
2026-08-28 10:34:59,738 [Worker-83: Updating Maven Project] INFO  o.e.m.j.i.AbstractJavaProjectConfigurator - Adding source folder /chapter03_MVC/src/main/java
2026-08-28 10:34:59,738 [Worker-83: Updating Maven Project] INFO  o.e.m.j.i.AbstractJavaProjectConfigurator - Adding resource folder /chapter03_MVC/src/main/resources
2026-08-28 10:34:59,738 [Worker-83: Updating Maven Project] INFO  o.e.m.j.i.AbstractJavaProjectConfigurator - Adding source folder /chapter03_MVC/src/test/java
2026-08-28 10:34:59,739 [Worker-83: Updating Maven Project] INFO  o.e.m.j.i.AbstractJavaProjectConfigurator - Adding resource folder /chapter03_MVC/src/test/resources
2026-08-28 10:34:59,835 [Worker-83: Updating Maven Project] INFO  o.e.m.w.i.f.ResourceFilteringBuildParticipant - Cleaning filtered folder for chapter03_MVC
2026-08-28 10:34:59,839 [Worker-83: Updating Maven Project] INFO  o.e.m.c.i.p.ProjectConfigurationManager - Update completed: 0 sec
2026-08-28 10:35:00,458 [Worker-76: Building workspace] WARN  o.e.m.c.i.embedder.EclipseLogger - Using platform encoding (MS949 actually) to copy filtered resources, i.e. build is platform dependent!
2026-08-28 10:35:00,460 [Worker-76: Building workspace] INFO  o.e.m.c.i.embedder.EclipseLogger - Copying 1 resource
2026-08-28 10:35:00,462 [Worker-76: Building workspace] WARN  o.e.m.c.i.embedder.EclipseLogger - Using platform encoding (MS949 actually) to copy filtered resources, i.e. build is platform dependent!
2026-08-28 10:35:00,463 [Worker-76: Building workspace] INFO  o.e.m.c.i.embedder.EclipseLogger - Copying 1 resource
2026-08-28 10:35:00,465 [Worker-76: Building workspace] INFO  o.e.m.w.i.f.ResourceFilteringBuildParticipant - Changed resources require a complete clean of filtered resources of chapter03_MVC
2026-08-28 10:35:00,465 [Worker-76: Building workspace] INFO  o.e.m.w.i.f.ResourceFilteringBuildParticipant - Executing resource filtering for chapter03_MVC
2026-08-28 10:35:00,469 [Worker-76: Building workspace] WARN  o.e.m.c.i.embedder.EclipseLogger - Using platform encoding (MS949 actually) to copy filtered resources, i.e. build is platform dependent!
2026-08-28 10:38:06,684 [Worker-85: Building workspace] WARN  o.e.m.c.i.embedder.EclipseLogger - Using platform encoding (MS949 actually) to copy filtered resources, i.e. build is platform dependent!
2026-08-28 10:38:06,686 [Worker-85: Building workspace] INFO  o.e.m.c.i.embedder.EclipseLogger - Copying 1 resource
2026-08-28 10:38:06,686 [Worker-85: Building workspace] WARN  o.e.m.c.i.embedder.EclipseLogger - Using platform encoding (MS949 actually) to copy filtered resources, i.e. build is platform dependent!
2026-08-28 10:38:06,687 [Worker-85: Building workspace] INFO  o.e.m.c.i.embedder.EclipseLogger - Copying 0 resource
2026-08-28 10:39:00,546 [Worker-70: Building workspace] WARN  o.e.m.c.i.embedder.EclipseLogger - Using platform encoding (MS949 actually) to copy filtered resources, i.e. build is platform dependent!
2026-08-28 10:39:00,548 [Worker-70: Building workspace] INFO  o.e.m.c.i.embedder.EclipseLogger - Copying 1 resource
2026-08-28 10:39:00,549 [Worker-70: Building workspace] WARN  o.e.m.c.i.embedder.EclipseLogger - Using platform encoding (MS949 actually) to copy filtered resources, i.e. build is platform dependent!
2026-08-28 10:39:00,551 [Worker-70: Building workspace] INFO  o.e.m.c.i.embedder.EclipseLogger - Copying 0 resource
2026-08-28 10:39:18,729 [Worker-85: Building workspace] WARN  o.e.m.c.i.embedder.EclipseLogger - Using platform encoding (MS949 actually) to copy filtered resources, i.e. build is platform dependent!
2026-08-28 10:39:18,730 [Worker-85: Building workspace] INFO  o.e.m.c.i.embedder.EclipseLogger - Copying 1 resource
2026-08-28 10:39:18,731 [Worker-85: Building workspace] WARN  o.e.m.c.i.embedder.EclipseLogger - Using platform encoding (MS949 actually) to copy filtered resources, i.e. build is platform dependent!
2026-08-28 10:39:18,732 [Worker-85: Building workspace] INFO  o.e.m.c.i.embedder.EclipseLogger - Copying 0 resource
2026-08-28 10:39:22,328 [Worker-82: Building workspace] WARN  o.e.m.c.i.embedder.EclipseLogger - Using platform encoding (MS949 actually) to copy filtered resources, i.e. build is platform dependent!
2026-08-28 10:39:22,329 [Worker-82: Building workspace] INFO  o.e.m.c.i.embedder.EclipseLogger - Copying 1 resource
2026-08-28 10:39:22,330 [Worker-82: Building workspace] WARN  o.e.m.c.i.embedder.EclipseLogger - Using platform encoding (MS949 actually) to copy filtered resources, i.e. build is platform dependent!
2026-08-28 10:39:22,330 [Worker-82: Building workspace] INFO  o.e.m.c.i.embedder.EclipseLogger - Copying 0 resource
2026-08-28 10:40:05,540 [Worker-70: Building workspace] WARN  o.e.m.c.i.embedder.EclipseLogger - Using platform encoding (MS949 actually) to copy filtered resources, i.e. build is platform dependent!
2026-08-28 10:40:05,541 [Worker-70: Building workspace] INFO  o.e.m.c.i.embedder.EclipseLogger - Copying 0 resource
2026-08-28 10:40:05,541 [Worker-70: Building workspace] WARN  o.e.m.c.i.embedder.EclipseLogger - Using platform encoding (MS949 actually) to copy filtered resources, i.e. build is platform dependent!
2026-08-28 10:40:05,542 [Worker-70: Building workspace] INFO  o.e.m.c.i.embedder.EclipseLogger - Copying 0 resource
2026-08-28 10:41:08,081 [Worker-85: Building workspace] WARN  o.e.m.c.i.embedder.EclipseLogger - Using platform encoding (MS949 actually) to copy filtered resources, i.e. build is platform dependent!
2026-08-28 10:41:08,083 [Worker-85: Building workspace] INFO  o.e.m.c.i.embedder.EclipseLogger - Copying 0 resource
2026-08-28 10:41:08,085 [Worker-85: Building workspace] WARN  o.e.m.c.i.embedder.EclipseLogger - Using platform encoding (MS949 actually) to copy filtered resources, i.e. build is platform dependent!
2026-08-28 10:41:08,086 [Worker-85: Building workspace] INFO  o.e.m.c.i.embedder.EclipseLogger - Copying 0 resource
2026-08-28 10:41:50,794 [Worker-82: Building workspace] WARN  o.e.m.c.i.embedder.EclipseLogger - Using platform encoding (MS949 actually) to copy filtered resources, i.e. build is platform dependent!
2026-08-28 10:41:50,795 [Worker-82: Building workspace] INFO  o.e.m.c.i.embedder.EclipseLogger - Copying 1 resource
2026-08-28 10:41:50,796 [Worker-82: Building workspace] WARN  o.e.m.c.i.embedder.EclipseLogger - Using platform encoding (MS949 actually) to copy filtered resources, i.e. build is platform dependent!
2026-08-28 10:41:50,797 [Worker-82: Building workspace] INFO  o.e.m.c.i.embedder.EclipseLogger - Copying 0 resource
2026-08-28 10:42:43,349 [Worker-70: Building workspace] WARN  o.e.m.c.i.embedder.EclipseLogger - Using platform encoding (MS949 actually) to copy filtered resources, i.e. build is platform dependent!
2026-08-28 10:42:43,352 [Worker-70: Building workspace] INFO  o.e.m.c.i.embedder.EclipseLogger - Copying 1 resource
2026-08-28 10:42:43,354 [Worker-70: Building workspace] WARN  o.e.m.c.i.embedder.EclipseLogger - Using platform encoding (MS949 actually) to copy filtered resources, i.e. build is platform dependent!
2026-08-28 10:42:43,355 [Worker-70: Building workspace] INFO  o.e.m.c.i.embedder.EclipseLogger - Copying 0 resource
2026-08-28 10:44:49,637 [Worker-70: Building workspace] WARN  o.e.m.c.i.embedder.EclipseLogger - Using platform encoding (MS949 actually) to copy filtered resources, i.e. build is platform dependent!
2026-08-28 10:44:49,638 [Worker-70: Building workspace] INFO  o.e.m.c.i.embedder.EclipseLogger - Copying 1 resource
2026-08-28 10:44:49,638 [Worker-70: Building workspace] WARN  o.e.m.c.i.embedder.EclipseLogger - Using platform encoding (MS949 actually) to copy filtered resources, i.e. build is platform dependent!
2026-08-28 10:44:49,639 [Worker-70: Building workspace] INFO  o.e.m.c.i.embedder.EclipseLogger - Copying 0 resource
2026-08-28 10:45:27,466 [Worker-90: Building workspace] WARN  o.e.m.c.i.embedder.EclipseLogger - Using platform encoding (MS949 actually) to copy filtered resources, i.e. build is platform dependent!
2026-08-28 10:45:27,467 [Worker-90: Building workspace] INFO  o.e.m.c.i.embedder.EclipseLogger - Copying 1 resource
2026-08-28 10:45:27,468 [Worker-90: Building workspace] WARN  o.e.m.c.i.embedder.EclipseLogger - Using platform encoding (MS949 actually) to copy filtered resources, i.e. build is platform dependent!
2026-08-28 10:45:27,469 [Worker-90: Building workspace] INFO  o.e.m.c.i.embedder.EclipseLogger - Copying 0 resource
2026-08-28 10:45:35,733 [Worker-86: Building workspace] WARN  o.e.m.c.i.embedder.EclipseLogger - Using platform encoding (MS949 actually) to copy filtered resources, i.e. build is platform dependent!
2026-08-28 10:45:35,735 [Worker-86: Building workspace] INFO  o.e.m.c.i.embedder.EclipseLogger - Copying 1 resource
2026-08-28 10:45:35,736 [Worker-86: Building workspace] WARN  o.e.m.c.i.embedder.EclipseLogger - Using platform encoding (MS949 actually) to copy filtered resources, i.e. build is platform dependent!
2026-08-28 10:45:35,737 [Worker-86: Building workspace] INFO  o.e.m.c.i.embedder.EclipseLogger - Copying 0 resource
2026-08-28 10:47:18,624 [Worker-86: Building workspace] WARN  o.e.m.c.i.embedder.EclipseLogger - Using platform encoding (MS949 actually) to copy filtered resources, i.e. build is platform dependent!
2026-08-28 10:47:18,626 [Worker-86: Building workspace] INFO  o.e.m.c.i.embedder.EclipseLogger - Copying 0 resource
2026-08-28 10:47:18,628 [Worker-86: Building workspace] WARN  o.e.m.c.i.embedder.EclipseLogger - Using platform encoding (MS949 actually) to copy filtered resources, i.e. build is platform dependent!
2026-08-28 10:47:18,629 [Worker-86: Building workspace] INFO  o.e.m.c.i.embedder.EclipseLogger - Copying 0 resource
2026-08-28 10:47:22,951 [Worker-91: Building workspace] WARN  o.e.m.c.i.embedder.EclipseLogger - Using platform encoding (MS949 actually) to copy filtered resources, i.e. build is platform dependent!
2026-08-28 10:47:22,952 [Worker-91: Building workspace] INFO  o.e.m.c.i.embedder.EclipseLogger - Copying 0 resource
2026-08-28 10:47:22,954 [Worker-91: Building workspace] WARN  o.e.m.c.i.embedder.EclipseLogger - Using platform encoding (MS949 actually) to copy filtered resources, i.e. build is platform dependent!
2026-08-28 10:47:22,955 [Worker-91: Building workspace] INFO  o.e.m.c.i.embedder.EclipseLogger - Copying 0 resource
2026-08-28 11:04:08,225 [Worker-96: Building workspace] INFO  o.e.m.c.i.l.LifecycleMappingFactory - Using org.maven.ide.eclipse.wtp.WarLifecycleMapping lifecycle mapping for MavenProject: org.joonzis:controller:1.0.0-BUILD-SNAPSHOT @ C:\dev\workspace\workspace-spring\chapter04_MVC\pom.xml.
2026-08-28 11:04:08,351 [Worker-96: Building workspace] WARN  o.e.m.c.i.embedder.EclipseLogger - Using platform encoding (MS949 actually) to copy filtered resources, i.e. build is platform dependent!
2026-08-28 11:04:08,352 [Worker-96: Building workspace] INFO  o.e.m.c.i.embedder.EclipseLogger - Copying 1 resource
2026-08-28 11:04:08,355 [Worker-96: Building workspace] WARN  o.e.m.c.i.embedder.EclipseLogger - Using platform encoding (MS949 actually) to copy filtered resources, i.e. build is platform dependent!
2026-08-28 11:04:08,356 [Worker-96: Building workspace] INFO  o.e.m.c.i.embedder.EclipseLogger - Copying 1 resource
2026-08-28 11:04:09,156 [Worker-94: Building workspace] WARN  o.e.m.c.i.embedder.EclipseLogger - Using platform encoding (MS949 actually) to copy filtered resources, i.e. build is platform dependent!
2026-08-28 11:04:09,157 [Worker-94: Building workspace] INFO  o.e.m.c.i.embedder.EclipseLogger - Copying 1 resource
2026-08-28 11:04:09,160 [Worker-94: Building workspace] WARN  o.e.m.c.i.embedder.EclipseLogger - Using platform encoding (MS949 actually) to copy filtered resources, i.e. build is platform dependent!
2026-08-28 11:04:09,161 [Worker-94: Building workspace] INFO  o.e.m.c.i.embedder.EclipseLogger - Copying 1 resource
2026-08-28 11:08:10,281 [Worker-96: Building workspace] WARN  o.e.m.c.i.embedder.EclipseLogger - Using platform encoding (MS949 actually) to copy filtered resources, i.e. build is platform dependent!
2026-08-28 11:08:10,283 [Worker-96: Building workspace] INFO  o.e.m.c.i.embedder.EclipseLogger - Copying 1 resource
2026-08-28 11:08:10,284 [Worker-96: Building workspace] WARN  o.e.m.c.i.embedder.EclipseLogger - Using platform encoding (MS949 actually) to copy filtered resources, i.e. build is platform dependent!
2026-08-28 11:08:10,285 [Worker-96: Building workspace] INFO  o.e.m.c.i.embedder.EclipseLogger - Copying 0 resource
2026-08-28 11:09:42,884 [Worker-104: Building workspace] INFO  o.e.m.c.i.l.LifecycleMappingFactory - Using org.maven.ide.eclipse.wtp.WarLifecycleMapping lifecycle mapping for MavenProject: org.joonzis:controller:1.0.0-BUILD-SNAPSHOT @ C:\dev\workspace\workspace-spring\chapter04_MVC\pom.xml.
2026-08-28 11:09:43,022 [Worker-104: Building workspace] WARN  o.e.m.c.i.embedder.EclipseLogger - Using platform encoding (MS949 actually) to copy filtered resources, i.e. build is platform dependent!
2026-08-28 11:09:43,022 [Worker-104: Building workspace] INFO  o.e.m.c.i.embedder.EclipseLogger - Copying 0 resource
2026-08-28 11:09:43,023 [Worker-104: Building workspace] WARN  o.e.m.c.i.embedder.EclipseLogger - Using platform encoding (MS949 actually) to copy filtered resources, i.e. build is platform dependent!
2026-08-28 11:09:43,024 [Worker-104: Building workspace] INFO  o.e.m.c.i.embedder.EclipseLogger - Copying 0 resource
2026-08-28 11:09:43,024 [Worker-104: Building workspace] INFO  o.e.m.w.i.f.ResourceFilteringBuildParticipant - Changed resources require a complete clean of filtered resources of chapter04_MVC
2026-08-28 11:09:43,024 [Worker-104: Building workspace] INFO  o.e.m.w.i.f.ResourceFilteringBuildParticipant - Executing resource filtering for chapter04_MVC
2026-08-28 11:09:43,026 [Worker-104: Building workspace] WARN  o.e.m.c.i.embedder.EclipseLogger - Using platform encoding (MS949 actually) to copy filtered resources, i.e. build is platform dependent!
2026-08-28 11:09:44,318 [Worker-96: Building workspace] WARN  o.e.m.c.i.embedder.EclipseLogger - Using platform encoding (MS949 actually) to copy filtered resources, i.e. build is platform dependent!
2026-08-28 11:09:44,318 [Worker-96: Building workspace] INFO  o.e.m.c.i.embedder.EclipseLogger - Copying 1 resource
2026-08-28 11:09:44,320 [Worker-96: Building workspace] WARN  o.e.m.c.i.embedder.EclipseLogger - Using platform encoding (MS949 actually) to copy filtered resources, i.e. build is platform dependent!
2026-08-28 11:09:44,321 [Worker-96: Building workspace] INFO  o.e.m.c.i.embedder.EclipseLogger - Copying 1 resource
2026-08-28 11:10:02,346 [Worker-104: Updating Maven Project] INFO  o.e.m.c.i.p.ProjectConfigurationManager - Update started
2026-08-28 11:10:02,517 [Worker-104: Updating Maven Project] INFO  o.e.m.c.i.l.LifecycleMappingFactory - Using org.maven.ide.eclipse.wtp.WarLifecycleMapping lifecycle mapping for MavenProject: org.joonzis:controller:1.0.0-BUILD-SNAPSHOT @ C:\dev\workspace\workspace-spring\chapter04_MVC\pom.xml.
2026-08-28 11:10:02,600 [Worker-104: Updating Maven Project] INFO  o.e.m.j.i.AbstractJavaProjectConfigurator - Adding source folder /chapter04_MVC/src/main/java
2026-08-28 11:10:02,601 [Worker-104: Updating Maven Project] INFO  o.e.m.j.i.AbstractJavaProjectConfigurator - Adding resource folder /chapter04_MVC/src/main/resources
2026-08-28 11:10:02,601 [Worker-104: Updating Maven Project] INFO  o.e.m.j.i.AbstractJavaProjectConfigurator - Adding source folder /chapter04_MVC/src/test/java
2026-08-28 11:10:02,601 [Worker-104: Updating Maven Project] INFO  o.e.m.j.i.AbstractJavaProjectConfigurator - Adding resource folder /chapter04_MVC/src/test/resources
2026-08-28 11:10:03,021 [Worker-104: Updating Maven Project] INFO  o.e.m.w.i.f.ResourceFilteringBuildParticipant - Cleaning filtered folder for chapter04_MVC
2026-08-28 11:10:03,025 [Worker-104: Updating Maven Project] INFO  o.e.m.c.i.p.ProjectConfigurationManager - Update completed: 0 sec
2026-08-28 11:10:03,746 [Worker-104: Building Project chapter04_MVC] WARN  o.e.m.c.i.embedder.EclipseLogger - Using platform encoding (MS949 actually) to copy filtered resources, i.e. build is platform dependent!
2026-08-28 11:10:03,747 [Worker-104: Building Project chapter04_MVC] INFO  o.e.m.c.i.embedder.EclipseLogger - Copying 1 resource
2026-08-28 11:10:03,749 [Worker-104: Building Project chapter04_MVC] WARN  o.e.m.c.i.embedder.EclipseLogger - Using platform encoding (MS949 actually) to copy filtered resources, i.e. build is platform dependent!
2026-08-28 11:10:03,750 [Worker-104: Building Project chapter04_MVC] INFO  o.e.m.c.i.embedder.EclipseLogger - Copying 1 resource
2026-08-28 11:10:03,751 [Worker-104: Building Project chapter04_MVC] INFO  o.e.m.w.i.f.ResourceFilteringBuildParticipant - Changed resources require a complete clean of filtered resources of chapter04_MVC
2026-08-28 11:10:03,752 [Worker-104: Building Project chapter04_MVC] INFO  o.e.m.w.i.f.ResourceFilteringBuildParticipant - Executing resource filtering for chapter04_MVC
2026-08-28 11:10:03,755 [Worker-104: Building Project chapter04_MVC] WARN  o.e.m.c.i.embedder.EclipseLogger - Using platform encoding (MS949 actually) to copy filtered resources, i.e. build is platform dependent!
2026-08-28 11:11:08,560 [Worker-106: Building workspace] WARN  o.e.m.c.i.embedder.EclipseLogger - Using platform encoding (MS949 actually) to copy filtered resources, i.e. build is platform dependent!
2026-08-28 11:11:08,562 [Worker-106: Building workspace] INFO  o.e.m.c.i.embedder.EclipseLogger - Copying 0 resource
2026-08-28 11:11:08,564 [Worker-106: Building workspace] WARN  o.e.m.c.i.embedder.EclipseLogger - Using platform encoding (MS949 actually) to copy filtered resources, i.e. build is platform dependent!
2026-08-28 11:11:08,565 [Worker-106: Building workspace] INFO  o.e.m.c.i.embedder.EclipseLogger - Copying 0 resource
2026-08-28 11:12:29,938 [Worker-104: Updating Maven Project] INFO  o.e.m.c.i.p.ProjectConfigurationManager - Update started
2026-08-28 11:12:30,111 [Worker-104: Updating Maven Project] INFO  o.e.m.c.i.l.LifecycleMappingFactory - Using org.maven.ide.eclipse.wtp.WarLifecycleMapping lifecycle mapping for MavenProject: org.joonzis:controller:1.0.0-BUILD-SNAPSHOT @ C:\dev\workspace\workspace-spring\chapter04_MVC\pom.xml.
2026-08-28 11:12:30,205 [Worker-104: Updating Maven Project] INFO  o.e.m.j.i.AbstractJavaProjectConfigurator - Adding source folder /chapter04_MVC/src/main/java
2026-08-28 11:12:30,205 [Worker-104: Updating Maven Project] INFO  o.e.m.j.i.AbstractJavaProjectConfigurator - Adding resource folder /chapter04_MVC/src/main/resources
2026-08-28 11:12:30,205 [Worker-104: Updating Maven Project] INFO  o.e.m.j.i.AbstractJavaProjectConfigurator - Adding source folder /chapter04_MVC/src/test/java
2026-08-28 11:12:30,205 [Worker-104: Updating Maven Project] INFO  o.e.m.j.i.AbstractJavaProjectConfigurator - Adding resource folder /chapter04_MVC/src/test/resources
2026-08-28 11:12:30,328 [Worker-104: Updating Maven Project] INFO  o.e.m.w.i.f.ResourceFilteringBuildParticipant - Cleaning filtered folder for chapter04_MVC
2026-08-28 11:12:30,331 [Worker-104: Updating Maven Project] INFO  o.e.m.c.i.p.ProjectConfigurationManager - Update completed: 0 sec
2026-08-28 11:12:30,942 [Worker-105: Building workspace] WARN  o.e.m.c.i.embedder.EclipseLogger - Using platform encoding (MS949 actually) to copy filtered resources, i.e. build is platform dependent!
2026-08-28 11:12:30,943 [Worker-105: Building workspace] INFO  o.e.m.c.i.embedder.EclipseLogger - Copying 1 resource
2026-08-28 11:12:30,945 [Worker-105: Building workspace] WARN  o.e.m.c.i.embedder.EclipseLogger - Using platform encoding (MS949 actually) to copy filtered resources, i.e. build is platform dependent!
2026-08-28 11:12:30,946 [Worker-105: Building workspace] INFO  o.e.m.c.i.embedder.EclipseLogger - Copying 1 resource
2026-08-28 11:12:30,948 [Worker-105: Building workspace] INFO  o.e.m.w.i.f.ResourceFilteringBuildParticipant - Changed resources require a complete clean of filtered resources of chapter04_MVC
2026-08-28 11:12:30,948 [Worker-105: Building workspace] INFO  o.e.m.w.i.f.ResourceFilteringBuildParticipant - Executing resource filtering for chapter04_MVC
2026-08-28 11:12:30,950 [Worker-105: Building workspace] WARN  o.e.m.c.i.embedder.EclipseLogger - Using platform encoding (MS949 actually) to copy filtered resources, i.e. build is platform dependent!
2026-08-28 11:13:30,610 [Worker-106: Building workspace] WARN  o.e.m.c.i.embedder.EclipseLogger - Using platform encoding (MS949 actually) to copy filtered resources, i.e. build is platform dependent!
2026-08-28 11:13:30,612 [Worker-106: Building workspace] INFO  o.e.m.c.i.embedder.EclipseLogger - Copying 1 resource
2026-08-28 11:13:30,615 [Worker-106: Building workspace] WARN  o.e.m.c.i.embedder.EclipseLogger - Using platform encoding (MS949 actually) to copy filtered resources, i.e. build is platform dependent!
2026-08-28 11:13:30,616 [Worker-106: Building workspace] INFO  o.e.m.c.i.embedder.EclipseLogger - Copying 1 resource
2026-08-28 11:14:58,814 [Worker-110: Building workspace] WARN  o.e.m.c.i.embedder.EclipseLogger - Using platform encoding (MS949 actually) to copy filtered resources, i.e. build is platform dependent!
2026-08-28 11:14:58,816 [Worker-110: Building workspace] INFO  o.e.m.c.i.embedder.EclipseLogger - Copying 0 resource
2026-08-28 11:14:58,817 [Worker-110: Building workspace] WARN  o.e.m.c.i.embedder.EclipseLogger - Using platform encoding (MS949 actually) to copy filtered resources, i.e. build is platform dependent!
2026-08-28 11:14:58,818 [Worker-110: Building workspace] INFO  o.e.m.c.i.embedder.EclipseLogger - Copying 0 resource
2026-08-28 11:22:42,323 [Worker-115: Building workspace] INFO  o.e.m.c.i.l.LifecycleMappingFactory - Using org.maven.ide.eclipse.wtp.WarLifecycleMapping lifecycle mapping for MavenProject: org.joonzis:controller:1.0.0-BUILD-SNAPSHOT @ C:\dev\workspace\workspace-spring\chapter04_MVC\pom.xml.
2026-08-28 11:22:42,776 [Worker-115: Building workspace] INFO  o.e.m.c.i.e.AbstractTransferListenerAdapter - Downloaded https://repo.maven.apache.org/maven2/com/oracle/database/jdbc/ojdbc6/5.0.7.RELEASE/ojdbc6-5.0.7.RELEASE.pom
2026-08-28 11:22:42,779 [Worker-115: Building workspace] WARN  o.e.m.c.i.embedder.EclipseLogger - The POM for com.oracle.database.jdbc:ojdbc6:jar:5.0.7.RELEASE is missing, no dependency information available
2026-08-28 11:22:42,838 [Worker-115: Building workspace] INFO  o.e.m.c.i.e.AbstractTransferListenerAdapter - Downloaded https://repo.maven.apache.org/maven2/org/springframework/spring-tx/5.0.7.RELEASE/spring-tx-5.0.7.RELEASE.pom
2026-08-28 11:22:43,212 [Worker-115: Building workspace] INFO  o.e.m.c.i.e.AbstractTransferListenerAdapter - Downloaded https://repo.maven.apache.org/maven2/com/oracle/database/jdbc/ojdbc6/5.0.7.RELEASE/ojdbc6-5.0.7.RELEASE.jar
2026-08-28 11:22:43,228 [Worker-115: Building workspace] INFO  o.e.m.c.i.e.AbstractTransferListenerAdapter - Downloading https://repo.maven.apache.org/maven2/org/springframework/spring-tx/5.0.7.RELEASE/spring-tx-5.0.7.RELEASE.jar
2026-08-28 11:22:43,269 [Worker-115: Building workspace] INFO  o.e.m.c.i.e.AbstractTransferListenerAdapter - Downloaded https://repo.maven.apache.org/maven2/org/springframework/spring-tx/5.0.7.RELEASE/spring-tx-5.0.7.RELEASE.jar
2026-08-28 11:22:43,483 [Worker-115: Building workspace] WARN  o.e.m.c.i.embedder.EclipseLogger - The POM for com.oracle.database.jdbc:ojdbc6:jar:5.0.7.RELEASE is missing, no dependency information available
2026-08-28 11:22:43,543 [Worker-115: Building workspace] WARN  o.e.m.c.i.embedder.EclipseLogger - Using platform encoding (MS949 actually) to copy filtered resources, i.e. build is platform dependent!
2026-08-28 11:22:43,543 [Worker-115: Building workspace] INFO  o.e.m.c.i.embedder.EclipseLogger - Copying 0 resource
2026-08-28 11:22:43,544 [Worker-115: Building workspace] WARN  o.e.m.c.i.embedder.EclipseLogger - Using platform encoding (MS949 actually) to copy filtered resources, i.e. build is platform dependent!
2026-08-28 11:22:43,544 [Worker-115: Building workspace] INFO  o.e.m.c.i.embedder.EclipseLogger - Copying 0 resource
2026-08-28 11:22:43,545 [Worker-115: Building workspace] INFO  o.e.m.w.i.f.ResourceFilteringBuildParticipant - Changed resources require a complete clean of filtered resources of chapter04_MVC
2026-08-28 11:22:43,545 [Worker-115: Building workspace] INFO  o.e.m.w.i.f.ResourceFilteringBuildParticipant - Executing resource filtering for chapter04_MVC
2026-08-28 11:22:43,546 [Worker-115: Building workspace] WARN  o.e.m.c.i.embedder.EclipseLogger - Using platform encoding (MS949 actually) to copy filtered resources, i.e. build is platform dependent!
2026-08-28 11:22:44,663 [Worker-116: Download sources and javadoc] WARN  o.e.m.c.i.embedder.EclipseLogger - The POM for com.oracle.database.jdbc:ojdbc6:jar:5.0.7.RELEASE is missing, no dependency information available
2026-08-28 11:22:44,814 [Worker-117: Building workspace] WARN  o.e.m.c.i.embedder.EclipseLogger - Using platform encoding (MS949 actually) to copy filtered resources, i.e. build is platform dependent!
2026-08-28 11:22:44,815 [Worker-117: Building workspace] INFO  o.e.m.c.i.embedder.EclipseLogger - Copying 0 resource
2026-08-28 11:22:44,816 [Worker-117: Building workspace] WARN  o.e.m.c.i.embedder.EclipseLogger - Using platform encoding (MS949 actually) to copy filtered resources, i.e. build is platform dependent!
2026-08-28 11:22:44,817 [Worker-117: Building workspace] INFO  o.e.m.c.i.embedder.EclipseLogger - Copying 0 resource
2026-08-28 11:22:44,896 [Worker-116: Download sources and javadoc] INFO  o.e.m.c.i.e.AbstractTransferListenerAdapter - Downloaded https://repo.maven.apache.org/maven2/com/oracle/database/jdbc/ojdbc6/5.0.7.RELEASE/ojdbc6-5.0.7.RELEASE-sources.jar
2026-08-28 11:22:45,076 [Worker-116: Download sources and javadoc] ERROR o.e.m.j.internal.DownloadSourcesJob - Could not download sources for com.oracle.database.jdbc:ojdbc6:5.0.7.RELEASE
org.eclipse.core.runtime.CoreException: Could not resolve artifact com.oracle.database.jdbc:ojdbc6:jar:sources:5.0.7.RELEASE
	at org.eclipse.m2e.core.internal.embedder.MavenImpl.lambda$4(MavenImpl.java:801) ~[na:na]
	at org.eclipse.m2e.core.internal.embedder.MavenExecutionContext.executeBare(MavenExecutionContext.java:177) ~[na:na]
	at org.eclipse.m2e.core.internal.embedder.MavenExecutionContext.execute(MavenExecutionContext.java:112) ~[na:na]
	at org.eclipse.m2e.core.internal.embedder.MavenExecutionContext.execute(MavenExecutionContext.java:99) ~[na:na]
	at org.eclipse.m2e.core.internal.embedder.MavenImpl.resolve(MavenImpl.java:769) ~[na:na]
	at org.eclipse.m2e.core.internal.embedder.MavenImpl.resolve(MavenImpl.java:746) ~[na:na]
	at org.eclipse.m2e.jdt.internal.DownloadSourcesJob.download(DownloadSourcesJob.java:328) ~[na:na]
	at org.eclipse.m2e.jdt.internal.DownloadSourcesJob.downloadAttachments(DownloadSourcesJob.java:302) ~[na:na]
	at org.eclipse.m2e.jdt.internal.DownloadSourcesJob.downloadMaven(DownloadSourcesJob.java:267) ~[na:na]
	at org.eclipse.m2e.jdt.internal.DownloadSourcesJob.downloadFilesAndPopulateToUpdate(DownloadSourcesJob.java:231) ~[na:na]
	at org.eclipse.m2e.jdt.internal.DownloadSourcesJob.lambda$0(DownloadSourcesJob.java:159) ~[na:na]
	at org.eclipse.m2e.core.internal.embedder.MavenExecutionContext.executeBare(MavenExecutionContext.java:177) ~[na:na]
	at org.eclipse.m2e.core.internal.embedder.MavenExecutionContext.execute(MavenExecutionContext.java:151) ~[na:na]
	at org.eclipse.m2e.core.internal.embedder.MavenExecutionContext.execute(MavenExecutionContext.java:99) ~[na:na]
	at org.eclipse.m2e.core.internal.embedder.MavenImpl.execute(MavenImpl.java:1374) ~[na:na]
	at org.eclipse.m2e.jdt.internal.DownloadSourcesJob.run(DownloadSourcesJob.java:159) ~[na:na]
	at org.eclipse.core.internal.jobs.Worker.run(Worker.java:63) ~[org.eclipse.core.jobs_3.10.400.v20190506-1457.jar:na]
2026-08-28 11:22:45,109 [Worker-116: Download sources and javadoc] INFO  o.e.m.c.i.e.AbstractTransferListenerAdapter - Downloading https://repo.maven.apache.org/maven2/org/springframework/spring-tx/5.0.7.RELEASE/spring-tx-5.0.7.RELEASE-sources.jar
2026-08-28 11:22:45,152 [Worker-116: Download sources and javadoc] INFO  o.e.m.c.i.e.AbstractTransferListenerAdapter - Downloaded https://repo.maven.apache.org/maven2/org/springframework/spring-tx/5.0.7.RELEASE/spring-tx-5.0.7.RELEASE-sources.jar
2026-08-28 11:22:45,299 [Worker-116: Download sources and javadoc] INFO  o.e.m.j.internal.DownloadSourcesJob - Downloaded sources for org.springframework:spring-tx:5.0.7.RELEASE
2026-08-28 11:22:45,880 [Worker-116: Building workspace] WARN  o.e.m.c.i.embedder.EclipseLogger - Using platform encoding (MS949 actually) to copy filtered resources, i.e. build is platform dependent!
2026-08-28 11:22:45,882 [Worker-116: Building workspace] INFO  o.e.m.c.i.embedder.EclipseLogger - Copying 0 resource
2026-08-28 11:22:45,884 [Worker-116: Building workspace] WARN  o.e.m.c.i.embedder.EclipseLogger - Using platform encoding (MS949 actually) to copy filtered resources, i.e. build is platform dependent!
2026-08-28 11:22:45,885 [Worker-116: Building workspace] INFO  o.e.m.c.i.embedder.EclipseLogger - Copying 0 resource
2026-08-28 11:22:46,650 [Worker-113: Download sources and javadoc] INFO  o.e.m.c.i.e.AbstractTransferListenerAdapter - Downloaded https://repo.maven.apache.org/maven2/com/oracle/database/jdbc/ojdbc6/5.0.7.RELEASE/ojdbc6-5.0.7.RELEASE-javadoc.jar
2026-08-28 11:22:46,656 [Worker-113: Download sources and javadoc] ERROR o.e.m.j.internal.DownloadSourcesJob - Could not download javadoc for com.oracle.database.jdbc:ojdbc6:5.0.7.RELEASE
org.eclipse.core.runtime.CoreException: Could not resolve artifact com.oracle.database.jdbc:ojdbc6:jar:javadoc:5.0.7.RELEASE
	at org.eclipse.m2e.core.internal.embedder.MavenImpl.lambda$4(MavenImpl.java:801) ~[na:na]
	at org.eclipse.m2e.core.internal.embedder.MavenExecutionContext.executeBare(MavenExecutionContext.java:177) ~[na:na]
	at org.eclipse.m2e.core.internal.embedder.MavenExecutionContext.execute(MavenExecutionContext.java:112) ~[na:na]
	at org.eclipse.m2e.core.internal.embedder.MavenExecutionContext.execute(MavenExecutionContext.java:99) ~[na:na]
	at org.eclipse.m2e.core.internal.embedder.MavenImpl.resolve(MavenImpl.java:769) ~[na:na]
	at org.eclipse.m2e.core.internal.embedder.MavenImpl.resolve(MavenImpl.java:746) ~[na:na]
	at org.eclipse.m2e.jdt.internal.DownloadSourcesJob.download(DownloadSourcesJob.java:328) ~[na:na]
	at org.eclipse.m2e.jdt.internal.DownloadSourcesJob.downloadAttachments(DownloadSourcesJob.java:314) ~[na:na]
	at org.eclipse.m2e.jdt.internal.DownloadSourcesJob.downloadMaven(DownloadSourcesJob.java:267) ~[na:na]
	at org.eclipse.m2e.jdt.internal.DownloadSourcesJob.downloadFilesAndPopulateToUpdate(DownloadSourcesJob.java:231) ~[na:na]
	at org.eclipse.m2e.jdt.internal.DownloadSourcesJob.lambda$0(DownloadSourcesJob.java:159) ~[na:na]
	at org.eclipse.m2e.core.internal.embedder.MavenExecutionContext.executeBare(MavenExecutionContext.java:177) ~[na:na]
	at org.eclipse.m2e.core.internal.embedder.MavenExecutionContext.execute(MavenExecutionContext.java:151) ~[na:na]
	at org.eclipse.m2e.core.internal.embedder.MavenExecutionContext.execute(MavenExecutionContext.java:99) ~[na:na]
	at org.eclipse.m2e.core.internal.embedder.MavenImpl.execute(MavenImpl.java:1374) ~[na:na]
	at org.eclipse.m2e.jdt.internal.DownloadSourcesJob.run(DownloadSourcesJob.java:159) ~[na:na]
	at org.eclipse.core.internal.jobs.Worker.run(Worker.java:63) ~[org.eclipse.core.jobs_3.10.400.v20190506-1457.jar:na]
2026-08-28 11:23:39,409 [Worker-119: Building workspace] INFO  o.e.m.c.i.l.LifecycleMappingFactory - Using org.maven.ide.eclipse.wtp.WarLifecycleMapping lifecycle mapping for MavenProject: org.joonzis:controller:1.0.0-BUILD-SNAPSHOT @ C:\dev\workspace\workspace-spring\chapter04_MVC\pom.xml.
2026-08-28 11:23:39,446 [Worker-119: Building workspace] WARN  o.e.m.c.i.embedder.EclipseLogger - The POM for com.oracle.database.jdbc:ojdbc6:jar:5.0.7.RELEASE is missing, no dependency information available
2026-08-28 11:23:39,517 [Worker-119: Building workspace] INFO  o.e.m.c.i.e.AbstractTransferListenerAdapter - Downloaded https://repo.maven.apache.org/maven2/org/springframework/spring-jdbc/5.0.7.RELEASE/spring-jdbc-5.0.7.RELEASE.pom
2026-08-28 11:23:39,578 [Worker-119: Building workspace] INFO  o.e.m.c.i.e.AbstractTransferListenerAdapter - Downloading https://repo.maven.apache.org/maven2/org/springframework/spring-jdbc/5.0.7.RELEASE/spring-jdbc-5.0.7.RELEASE.jar
2026-08-28 11:23:39,632 [Worker-119: Building workspace] INFO  o.e.m.c.i.e.AbstractTransferListenerAdapter - Downloaded https://repo.maven.apache.org/maven2/org/springframework/spring-jdbc/5.0.7.RELEASE/spring-jdbc-5.0.7.RELEASE.jar
2026-08-28 11:23:39,871 [Worker-119: Building workspace] WARN  o.e.m.c.i.embedder.EclipseLogger - The POM for com.oracle.database.jdbc:ojdbc6:jar:5.0.7.RELEASE is missing, no dependency information available
2026-08-28 11:23:39,934 [Worker-119: Building workspace] WARN  o.e.m.c.i.embedder.EclipseLogger - Using platform encoding (MS949 actually) to copy filtered resources, i.e. build is platform dependent!
2026-08-28 11:23:39,935 [Worker-119: Building workspace] INFO  o.e.m.c.i.embedder.EclipseLogger - Copying 0 resource
2026-08-28 11:23:39,935 [Worker-119: Building workspace] WARN  o.e.m.c.i.embedder.EclipseLogger - Using platform encoding (MS949 actually) to copy filtered resources, i.e. build is platform dependent!
2026-08-28 11:23:39,936 [Worker-119: Building workspace] INFO  o.e.m.c.i.embedder.EclipseLogger - Copying 0 resource
2026-08-28 11:23:39,936 [Worker-119: Building workspace] INFO  o.e.m.w.i.f.ResourceFilteringBuildParticipant - Changed resources require a complete clean of filtered resources of chapter04_MVC
2026-08-28 11:23:39,936 [Worker-119: Building workspace] INFO  o.e.m.w.i.f.ResourceFilteringBuildParticipant - Executing resource filtering for chapter04_MVC
2026-08-28 11:23:39,938 [Worker-119: Building workspace] WARN  o.e.m.c.i.embedder.EclipseLogger - Using platform encoding (MS949 actually) to copy filtered resources, i.e. build is platform dependent!
2026-08-28 11:23:41,000 [Worker-117: Download sources and javadoc] WARN  o.e.m.c.i.embedder.EclipseLogger - The POM for com.oracle.database.jdbc:ojdbc6:jar:5.0.7.RELEASE is missing, no dependency information available
2026-08-28 11:23:41,048 [Worker-117: Download sources and javadoc] INFO  o.e.m.c.i.e.AbstractTransferListenerAdapter - Downloading https://repo.maven.apache.org/maven2/org/springframework/spring-jdbc/5.0.7.RELEASE/spring-jdbc-5.0.7.RELEASE-sources.jar
2026-08-28 11:23:41,101 [Worker-117: Download sources and javadoc] INFO  o.e.m.c.i.e.AbstractTransferListenerAdapter - Downloaded https://repo.maven.apache.org/maven2/org/springframework/spring-jdbc/5.0.7.RELEASE/spring-jdbc-5.0.7.RELEASE-sources.jar
2026-08-28 11:23:41,183 [Worker-117: Download sources and javadoc] INFO  o.e.m.j.internal.DownloadSourcesJob - Downloaded sources for org.springframework:spring-jdbc:5.0.7.RELEASE
2026-08-28 11:23:41,436 [Worker-116: Building workspace] WARN  o.e.m.c.i.embedder.EclipseLogger - Using platform encoding (MS949 actually) to copy filtered resources, i.e. build is platform dependent!
2026-08-28 11:23:41,437 [Worker-116: Building workspace] INFO  o.e.m.c.i.embedder.EclipseLogger - Copying 0 resource
2026-08-28 11:23:41,439 [Worker-116: Building workspace] WARN  o.e.m.c.i.embedder.EclipseLogger - Using platform encoding (MS949 actually) to copy filtered resources, i.e. build is platform dependent!
2026-08-28 11:23:41,440 [Worker-116: Building workspace] INFO  o.e.m.c.i.embedder.EclipseLogger - Copying 0 resource
2026-08-28 11:25:29,791 [Worker-116: Building workspace] INFO  o.e.m.c.i.l.LifecycleMappingFactory - Using org.maven.ide.eclipse.wtp.WarLifecycleMapping lifecycle mapping for MavenProject: org.joonzis:controller:1.0.0-BUILD-SNAPSHOT @ C:\dev\workspace\workspace-spring\chapter04_MVC\pom.xml.
2026-08-28 11:25:29,823 [Worker-116: Building workspace] WARN  o.e.m.c.i.embedder.EclipseLogger - The POM for com.oracle.database.jdbc:ojdbc6:jar:5.0.7.RELEASE is missing, no dependency information available
2026-08-28 11:25:29,898 [Worker-116: Building workspace] INFO  o.e.m.c.i.e.AbstractTransferListenerAdapter - Downloaded https://repo.maven.apache.org/maven2/org/springframework/spring-test/5.0.7.RELEASE/spring-test-5.0.7.RELEASE.pom
2026-08-28 11:25:29,919 [Worker-116: Building workspace] INFO  o.e.m.c.i.e.AbstractTransferListenerAdapter - Downloaded https://repo.maven.apache.org/maven2/com/zaxxer/HikariCP/5.0.7.RELEASE/HikariCP-5.0.7.RELEASE.pom
2026-08-28 11:25:29,920 [Worker-116: Building workspace] WARN  o.e.m.c.i.embedder.EclipseLogger - The POM for com.zaxxer:HikariCP:jar:5.0.7.RELEASE is missing, no dependency information available
2026-08-28 11:25:29,951 [Worker-116: Building workspace] INFO  o.e.m.c.i.e.AbstractTransferListenerAdapter - Downloading https://repo.maven.apache.org/maven2/org/springframework/spring-test/5.0.7.RELEASE/spring-test-5.0.7.RELEASE.jar
2026-08-28 11:25:30,054 [Worker-116: Building workspace] INFO  o.e.m.c.i.e.AbstractTransferListenerAdapter - Downloaded https://repo.maven.apache.org/maven2/org/springframework/spring-test/5.0.7.RELEASE/spring-test-5.0.7.RELEASE.jar
2026-08-28 11:25:30,069 [Worker-116: Building workspace] INFO  o.e.m.c.i.e.AbstractTransferListenerAdapter - Downloaded https://repo.maven.apache.org/maven2/com/zaxxer/HikariCP/5.0.7.RELEASE/HikariCP-5.0.7.RELEASE.jar
2026-08-28 11:25:30,227 [Worker-116: Building workspace] WARN  o.e.m.c.i.embedder.EclipseLogger - The POM for com.oracle.database.jdbc:ojdbc6:jar:5.0.7.RELEASE is missing, no dependency information available
2026-08-28 11:25:30,235 [Worker-116: Building workspace] WARN  o.e.m.c.i.embedder.EclipseLogger - The POM for com.zaxxer:HikariCP:jar:5.0.7.RELEASE is missing, no dependency information available
2026-08-28 11:25:30,290 [Worker-116: Building workspace] WARN  o.e.m.c.i.embedder.EclipseLogger - Using platform encoding (MS949 actually) to copy filtered resources, i.e. build is platform dependent!
2026-08-28 11:25:30,291 [Worker-116: Building workspace] INFO  o.e.m.c.i.embedder.EclipseLogger - Copying 0 resource
2026-08-28 11:25:30,292 [Worker-116: Building workspace] WARN  o.e.m.c.i.embedder.EclipseLogger - Using platform encoding (MS949 actually) to copy filtered resources, i.e. build is platform dependent!
2026-08-28 11:25:30,293 [Worker-116: Building workspace] INFO  o.e.m.c.i.embedder.EclipseLogger - Copying 0 resource
2026-08-28 11:25:30,293 [Worker-116: Building workspace] INFO  o.e.m.w.i.f.ResourceFilteringBuildParticipant - Changed resources require a complete clean of filtered resources of chapter04_MVC
2026-08-28 11:25:30,293 [Worker-116: Building workspace] INFO  o.e.m.w.i.f.ResourceFilteringBuildParticipant - Executing resource filtering for chapter04_MVC
2026-08-28 11:25:30,294 [Worker-116: Building workspace] WARN  o.e.m.c.i.embedder.EclipseLogger - Using platform encoding (MS949 actually) to copy filtered resources, i.e. build is platform dependent!
2026-08-28 11:25:31,397 [Worker-117: Download sources and javadoc] WARN  o.e.m.c.i.embedder.EclipseLogger - The POM for com.oracle.database.jdbc:ojdbc6:jar:5.0.7.RELEASE is missing, no dependency information available
2026-08-28 11:25:31,403 [Worker-117: Download sources and javadoc] WARN  o.e.m.c.i.embedder.EclipseLogger - The POM for com.zaxxer:HikariCP:jar:5.0.7.RELEASE is missing, no dependency information available
2026-08-28 11:25:31,454 [Worker-117: Download sources and javadoc] INFO  o.e.m.c.i.e.AbstractTransferListenerAdapter - Downloading https://repo.maven.apache.org/maven2/org/springframework/spring-test/5.0.7.RELEASE/spring-test-5.0.7.RELEASE-sources.jar
2026-08-28 11:25:31,516 [Worker-117: Download sources and javadoc] INFO  o.e.m.c.i.e.AbstractTransferListenerAdapter - Downloaded https://repo.maven.apache.org/maven2/org/springframework/spring-test/5.0.7.RELEASE/spring-test-5.0.7.RELEASE-sources.jar
2026-08-28 11:25:31,583 [Worker-114: Building workspace] WARN  o.e.m.c.i.embedder.EclipseLogger - Using platform encoding (MS949 actually) to copy filtered resources, i.e. build is platform dependent!
2026-08-28 11:25:31,584 [Worker-114: Building workspace] INFO  o.e.m.c.i.embedder.EclipseLogger - Copying 0 resource
2026-08-28 11:25:31,585 [Worker-114: Building workspace] WARN  o.e.m.c.i.embedder.EclipseLogger - Using platform encoding (MS949 actually) to copy filtered resources, i.e. build is platform dependent!
2026-08-28 11:25:31,586 [Worker-114: Building workspace] INFO  o.e.m.c.i.embedder.EclipseLogger - Copying 0 resource
2026-08-28 11:25:31,661 [Worker-117: Download sources and javadoc] INFO  o.e.m.j.internal.DownloadSourcesJob - Downloaded sources for org.springframework:spring-test:5.0.7.RELEASE
2026-08-28 11:25:31,698 [Worker-117: Download sources and javadoc] INFO  o.e.m.c.i.e.AbstractTransferListenerAdapter - Downloaded https://repo.maven.apache.org/maven2/com/zaxxer/HikariCP/5.0.7.RELEASE/HikariCP-5.0.7.RELEASE-sources.jar
2026-08-28 11:25:31,701 [Worker-117: Download sources and javadoc] ERROR o.e.m.j.internal.DownloadSourcesJob - Could not download sources for com.zaxxer:HikariCP:5.0.7.RELEASE
org.eclipse.core.runtime.CoreException: Could not resolve artifact com.zaxxer:HikariCP:jar:sources:5.0.7.RELEASE
	at org.eclipse.m2e.core.internal.embedder.MavenImpl.lambda$4(MavenImpl.java:801) ~[na:na]
	at org.eclipse.m2e.core.internal.embedder.MavenExecutionContext.executeBare(MavenExecutionContext.java:177) ~[na:na]
	at org.eclipse.m2e.core.internal.embedder.MavenExecutionContext.execute(MavenExecutionContext.java:112) ~[na:na]
	at org.eclipse.m2e.core.internal.embedder.MavenExecutionContext.execute(MavenExecutionContext.java:99) ~[na:na]
	at org.eclipse.m2e.core.internal.embedder.MavenImpl.resolve(MavenImpl.java:769) ~[na:na]
	at org.eclipse.m2e.core.internal.embedder.MavenImpl.resolve(MavenImpl.java:746) ~[na:na]
	at org.eclipse.m2e.jdt.internal.DownloadSourcesJob.download(DownloadSourcesJob.java:328) ~[na:na]
	at org.eclipse.m2e.jdt.internal.DownloadSourcesJob.downloadAttachments(DownloadSourcesJob.java:302) ~[na:na]
	at org.eclipse.m2e.jdt.internal.DownloadSourcesJob.downloadMaven(DownloadSourcesJob.java:267) ~[na:na]
	at org.eclipse.m2e.jdt.internal.DownloadSourcesJob.downloadFilesAndPopulateToUpdate(DownloadSourcesJob.java:231) ~[na:na]
	at org.eclipse.m2e.jdt.internal.DownloadSourcesJob.lambda$0(DownloadSourcesJob.java:159) ~[na:na]
	at org.eclipse.m2e.core.internal.embedder.MavenExecutionContext.executeBare(MavenExecutionContext.java:177) ~[na:na]
	at org.eclipse.m2e.core.internal.embedder.MavenExecutionContext.execute(MavenExecutionContext.java:151) ~[na:na]
	at org.eclipse.m2e.core.internal.embedder.MavenExecutionContext.execute(MavenExecutionContext.java:99) ~[na:na]
	at org.eclipse.m2e.core.internal.embedder.MavenImpl.execute(MavenImpl.java:1374) ~[na:na]
	at org.eclipse.m2e.jdt.internal.DownloadSourcesJob.run(DownloadSourcesJob.java:159) ~[na:na]
	at org.eclipse.core.internal.jobs.Worker.run(Worker.java:63) ~[org.eclipse.core.jobs_3.10.400.v20190506-1457.jar:na]
2026-08-28 11:25:32,663 [Worker-116: Building workspace] WARN  o.e.m.c.i.embedder.EclipseLogger - Using platform encoding (MS949 actually) to copy filtered resources, i.e. build is platform dependent!
2026-08-28 11:25:32,665 [Worker-116: Building workspace] INFO  o.e.m.c.i.embedder.EclipseLogger - Copying 0 resource
2026-08-28 11:25:32,667 [Worker-116: Building workspace] WARN  o.e.m.c.i.embedder.EclipseLogger - Using platform encoding (MS949 actually) to copy filtered resources, i.e. build is platform dependent!
2026-08-28 11:25:32,668 [Worker-116: Building workspace] INFO  o.e.m.c.i.embedder.EclipseLogger - Copying 0 resource
2026-08-28 11:25:32,914 [Worker-116: Download sources and javadoc] INFO  o.e.m.c.i.e.AbstractTransferListenerAdapter - Downloaded https://repo.maven.apache.org/maven2/com/zaxxer/HikariCP/5.0.7.RELEASE/HikariCP-5.0.7.RELEASE-javadoc.jar
2026-08-28 11:25:32,917 [Worker-116: Download sources and javadoc] ERROR o.e.m.j.internal.DownloadSourcesJob - Could not download javadoc for com.zaxxer:HikariCP:5.0.7.RELEASE
org.eclipse.core.runtime.CoreException: Could not resolve artifact com.zaxxer:HikariCP:jar:javadoc:5.0.7.RELEASE
	at org.eclipse.m2e.core.internal.embedder.MavenImpl.lambda$4(MavenImpl.java:801) ~[na:na]
	at org.eclipse.m2e.core.internal.embedder.MavenExecutionContext.executeBare(MavenExecutionContext.java:177) ~[na:na]
	at org.eclipse.m2e.core.internal.embedder.MavenExecutionContext.execute(MavenExecutionContext.java:112) ~[na:na]
	at org.eclipse.m2e.core.internal.embedder.MavenExecutionContext.execute(MavenExecutionContext.java:99) ~[na:na]
	at org.eclipse.m2e.core.internal.embedder.MavenImpl.resolve(MavenImpl.java:769) ~[na:na]
	at org.eclipse.m2e.core.internal.embedder.MavenImpl.resolve(MavenImpl.java:746) ~[na:na]
	at org.eclipse.m2e.jdt.internal.DownloadSourcesJob.download(DownloadSourcesJob.java:328) ~[na:na]
	at org.eclipse.m2e.jdt.internal.DownloadSourcesJob.downloadAttachments(DownloadSourcesJob.java:314) ~[na:na]
	at org.eclipse.m2e.jdt.internal.DownloadSourcesJob.downloadMaven(DownloadSourcesJob.java:267) ~[na:na]
	at org.eclipse.m2e.jdt.internal.DownloadSourcesJob.downloadFilesAndPopulateToUpdate(DownloadSourcesJob.java:231) ~[na:na]
	at org.eclipse.m2e.jdt.internal.DownloadSourcesJob.lambda$0(DownloadSourcesJob.java:159) ~[na:na]
	at org.eclipse.m2e.core.internal.embedder.MavenExecutionContext.executeBare(MavenExecutionContext.java:177) ~[na:na]
	at org.eclipse.m2e.core.internal.embedder.MavenExecutionContext.execute(MavenExecutionContext.java:151) ~[na:na]
	at org.eclipse.m2e.core.internal.embedder.MavenExecutionContext.execute(MavenExecutionContext.java:99) ~[na:na]
	at org.eclipse.m2e.core.internal.embedder.MavenImpl.execute(MavenImpl.java:1374) ~[na:na]
	at org.eclipse.m2e.jdt.internal.DownloadSourcesJob.run(DownloadSourcesJob.java:159) ~[na:na]
	at org.eclipse.core.internal.jobs.Worker.run(Worker.java:63) ~[org.eclipse.core.jobs_3.10.400.v20190506-1457.jar:na]
2026-08-28 11:26:02,069 [Worker-120: Building workspace] INFO  o.e.m.c.i.l.LifecycleMappingFactory - Using org.maven.ide.eclipse.wtp.WarLifecycleMapping lifecycle mapping for MavenProject: org.joonzis:controller:1.0.0-BUILD-SNAPSHOT @ C:\dev\workspace\workspace-spring\chapter04_MVC\pom.xml.
2026-08-28 11:26:02,111 [Worker-120: Building workspace] WARN  o.e.m.c.i.embedder.EclipseLogger - The POM for com.oracle.database.jdbc:ojdbc6:jar:5.0.7.RELEASE is missing, no dependency information available
2026-08-28 11:26:02,117 [Worker-120: Building workspace] WARN  o.e.m.c.i.embedder.EclipseLogger - The POM for com.zaxxer:HikariCP:jar:5.0.7.RELEASE is missing, no dependency information available
2026-08-28 11:26:02,173 [Worker-120: Building workspace] INFO  o.e.m.c.i.e.AbstractTransferListenerAdapter - Downloaded https://repo.maven.apache.org/maven2/org/mybatis/mybatis/3.4.6/mybatis-3.4.6.pom
2026-08-28 11:26:02,227 [Worker-120: Building workspace] INFO  o.e.m.c.i.e.AbstractTransferListenerAdapter - Downloaded https://repo.maven.apache.org/maven2/org/mybatis/mybatis-parent/29/mybatis-parent-29.pom
2026-08-28 11:26:02,266 [Worker-120: Building workspace] INFO  o.e.m.c.i.e.AbstractTransferListenerAdapter - Downloading https://repo.maven.apache.org/maven2/org/mybatis/mybatis/3.4.6/mybatis-3.4.6.jar
2026-08-28 11:26:02,427 [Worker-120: Building workspace] INFO  o.e.m.c.i.e.AbstractTransferListenerAdapter - Downloaded https://repo.maven.apache.org/maven2/org/mybatis/mybatis/3.4.6/mybatis-3.4.6.jar
2026-08-28 11:26:02,757 [Worker-120: Building workspace] WARN  o.e.m.c.i.embedder.EclipseLogger - The POM for com.oracle.database.jdbc:ojdbc6:jar:5.0.7.RELEASE is missing, no dependency information available
2026-08-28 11:26:02,769 [Worker-120: Building workspace] WARN  o.e.m.c.i.embedder.EclipseLogger - The POM for com.zaxxer:HikariCP:jar:5.0.7.RELEASE is missing, no dependency information available
2026-08-28 11:26:02,852 [Worker-120: Building workspace] WARN  o.e.m.c.i.embedder.EclipseLogger - Using platform encoding (MS949 actually) to copy filtered resources, i.e. build is platform dependent!
2026-08-28 11:26:02,853 [Worker-120: Building workspace] INFO  o.e.m.c.i.embedder.EclipseLogger - Copying 0 resource
2026-08-28 11:26:02,854 [Worker-120: Building workspace] WARN  o.e.m.c.i.embedder.EclipseLogger - Using platform encoding (MS949 actually) to copy filtered resources, i.e. build is platform dependent!
2026-08-28 11:26:02,854 [Worker-120: Building workspace] INFO  o.e.m.c.i.embedder.EclipseLogger - Copying 0 resource
2026-08-28 11:26:02,854 [Worker-120: Building workspace] INFO  o.e.m.w.i.f.ResourceFilteringBuildParticipant - Changed resources require a complete clean of filtered resources of chapter04_MVC
2026-08-28 11:26:02,854 [Worker-120: Building workspace] INFO  o.e.m.w.i.f.ResourceFilteringBuildParticipant - Executing resource filtering for chapter04_MVC
2026-08-28 11:26:02,857 [Worker-120: Building workspace] WARN  o.e.m.c.i.embedder.EclipseLogger - Using platform encoding (MS949 actually) to copy filtered resources, i.e. build is platform dependent!
2026-08-28 11:26:03,896 [Worker-120: Download sources and javadoc] WARN  o.e.m.c.i.embedder.EclipseLogger - The POM for com.oracle.database.jdbc:ojdbc6:jar:5.0.7.RELEASE is missing, no dependency information available
2026-08-28 11:26:03,907 [Worker-120: Download sources and javadoc] WARN  o.e.m.c.i.embedder.EclipseLogger - The POM for com.zaxxer:HikariCP:jar:5.0.7.RELEASE is missing, no dependency information available
2026-08-28 11:26:03,989 [Worker-120: Download sources and javadoc] INFO  o.e.m.c.i.e.AbstractTransferListenerAdapter - Downloading https://repo.maven.apache.org/maven2/org/mybatis/mybatis/3.4.6/mybatis-3.4.6-sources.jar
2026-08-28 11:26:04,046 [Worker-120: Download sources and javadoc] INFO  o.e.m.c.i.e.AbstractTransferListenerAdapter - Downloaded https://repo.maven.apache.org/maven2/org/mybatis/mybatis/3.4.6/mybatis-3.4.6-sources.jar
2026-08-28 11:26:04,165 [Worker-115: Building workspace] WARN  o.e.m.c.i.embedder.EclipseLogger - Using platform encoding (MS949 actually) to copy filtered resources, i.e. build is platform dependent!
2026-08-28 11:26:04,166 [Worker-115: Building workspace] INFO  o.e.m.c.i.embedder.EclipseLogger - Copying 0 resource
2026-08-28 11:26:04,167 [Worker-115: Building workspace] WARN  o.e.m.c.i.embedder.EclipseLogger - Using platform encoding (MS949 actually) to copy filtered resources, i.e. build is platform dependent!
2026-08-28 11:26:04,168 [Worker-115: Building workspace] INFO  o.e.m.c.i.embedder.EclipseLogger - Copying 0 resource
2026-08-28 11:26:04,178 [Worker-120: Download sources and javadoc] INFO  o.e.m.j.internal.DownloadSourcesJob - Downloaded sources for org.mybatis:mybatis:3.4.6
2026-08-28 11:26:05,243 [Worker-117: Building workspace] WARN  o.e.m.c.i.embedder.EclipseLogger - Using platform encoding (MS949 actually) to copy filtered resources, i.e. build is platform dependent!
2026-08-28 11:26:05,245 [Worker-117: Building workspace] INFO  o.e.m.c.i.embedder.EclipseLogger - Copying 0 resource
2026-08-28 11:26:05,246 [Worker-117: Building workspace] WARN  o.e.m.c.i.embedder.EclipseLogger - Using platform encoding (MS949 actually) to copy filtered resources, i.e. build is platform dependent!
2026-08-28 11:26:05,248 [Worker-117: Building workspace] INFO  o.e.m.c.i.embedder.EclipseLogger - Copying 0 resource
2026-08-28 11:29:51,923 [Worker-115: Building workspace] WARN  o.e.m.c.i.embedder.EclipseLogger - Using platform encoding (MS949 actually) to copy filtered resources, i.e. build is platform dependent!
2026-08-28 11:29:51,925 [Worker-115: Building workspace] INFO  o.e.m.c.i.embedder.EclipseLogger - Copying 0 resource
2026-08-28 11:29:51,926 [Worker-115: Building workspace] WARN  o.e.m.c.i.embedder.EclipseLogger - Using platform encoding (MS949 actually) to copy filtered resources, i.e. build is platform dependent!
2026-08-28 11:29:51,927 [Worker-115: Building workspace] INFO  o.e.m.c.i.embedder.EclipseLogger - Copying 0 resource
2026-08-28 11:30:24,351 [Worker-121: Building workspace] WARN  o.e.m.c.i.embedder.EclipseLogger - Using platform encoding (MS949 actually) to copy filtered resources, i.e. build is platform dependent!
2026-08-28 11:30:24,353 [Worker-121: Building workspace] INFO  o.e.m.c.i.embedder.EclipseLogger - Copying 0 resource
2026-08-28 11:30:24,355 [Worker-121: Building workspace] WARN  o.e.m.c.i.embedder.EclipseLogger - Using platform encoding (MS949 actually) to copy filtered resources, i.e. build is platform dependent!
2026-08-28 11:30:24,356 [Worker-121: Building workspace] INFO  o.e.m.c.i.embedder.EclipseLogger - Copying 0 resource
2026-08-28 11:30:31,706 [Worker-116: Building workspace] WARN  o.e.m.c.i.embedder.EclipseLogger - Using platform encoding (MS949 actually) to copy filtered resources, i.e. build is platform dependent!
2026-08-28 11:30:31,707 [Worker-116: Building workspace] INFO  o.e.m.c.i.embedder.EclipseLogger - Copying 1 resource
2026-08-28 11:30:31,709 [Worker-116: Building workspace] WARN  o.e.m.c.i.embedder.EclipseLogger - Using platform encoding (MS949 actually) to copy filtered resources, i.e. build is platform dependent!
2026-08-28 11:30:31,710 [Worker-116: Building workspace] INFO  o.e.m.c.i.embedder.EclipseLogger - Copying 0 resource
2026-08-28 11:31:36,323 [Worker-116: Building workspace] WARN  o.e.m.c.i.embedder.EclipseLogger - Using platform encoding (MS949 actually) to copy filtered resources, i.e. build is platform dependent!
2026-08-28 11:31:36,324 [Worker-116: Building workspace] INFO  o.e.m.c.i.embedder.EclipseLogger - Copying 0 resource
2026-08-28 11:31:36,325 [Worker-116: Building workspace] WARN  o.e.m.c.i.embedder.EclipseLogger - Using platform encoding (MS949 actually) to copy filtered resources, i.e. build is platform dependent!
2026-08-28 11:31:36,326 [Worker-116: Building workspace] INFO  o.e.m.c.i.embedder.EclipseLogger - Copying 0 resource
2026-08-28 11:32:03,600 [Worker-123: Updating Maven Project] INFO  o.e.m.c.i.p.ProjectConfigurationManager - Update started
2026-08-28 11:32:03,793 [Worker-123: Updating Maven Project] INFO  o.e.m.c.i.l.LifecycleMappingFactory - Using org.maven.ide.eclipse.wtp.WarLifecycleMapping lifecycle mapping for MavenProject: org.joonzis:controller:1.0.0-BUILD-SNAPSHOT @ C:\dev\workspace\workspace-spring\chapter04_MVC\pom.xml.
2026-08-28 11:32:03,837 [Worker-123: Updating Maven Project] WARN  o.e.m.c.i.embedder.EclipseLogger - The POM for com.oracle.database.jdbc:ojdbc6:jar:5.0.7.RELEASE is missing, no dependency information available
2026-08-28 11:32:03,844 [Worker-123: Updating Maven Project] WARN  o.e.m.c.i.embedder.EclipseLogger - The POM for com.zaxxer:HikariCP:jar:5.0.7.RELEASE is missing, no dependency information available
2026-08-28 11:32:03,911 [Worker-123: Updating Maven Project] INFO  o.e.m.j.i.AbstractJavaProjectConfigurator - Adding source folder /chapter04_MVC/src/main/java
2026-08-28 11:32:03,911 [Worker-123: Updating Maven Project] INFO  o.e.m.j.i.AbstractJavaProjectConfigurator - Adding resource folder /chapter04_MVC/src/main/resources
2026-08-28 11:32:03,912 [Worker-123: Updating Maven Project] INFO  o.e.m.j.i.AbstractJavaProjectConfigurator - Adding source folder /chapter04_MVC/src/test/java
2026-08-28 11:32:03,912 [Worker-123: Updating Maven Project] INFO  o.e.m.j.i.AbstractJavaProjectConfigurator - Adding resource folder /chapter04_MVC/src/test/resources
2026-08-28 11:32:04,042 [Worker-123: Updating Maven Project] INFO  o.e.m.w.i.f.ResourceFilteringBuildParticipant - Cleaning filtered folder for chapter04_MVC
2026-08-28 11:32:04,046 [Worker-123: Updating Maven Project] INFO  o.e.m.c.i.p.ProjectConfigurationManager - Update completed: 0 sec
2026-08-28 11:32:04,784 [Worker-116: Building workspace] WARN  o.e.m.c.i.embedder.EclipseLogger - The POM for com.oracle.database.jdbc:ojdbc6:jar:5.0.7.RELEASE is missing, no dependency information available
2026-08-28 11:32:04,791 [Worker-116: Building workspace] WARN  o.e.m.c.i.embedder.EclipseLogger - The POM for com.zaxxer:HikariCP:jar:5.0.7.RELEASE is missing, no dependency information available
2026-08-28 11:32:04,826 [Worker-116: Building workspace] WARN  o.e.m.c.i.embedder.EclipseLogger - Using platform encoding (MS949 actually) to copy filtered resources, i.e. build is platform dependent!
2026-08-28 11:32:04,827 [Worker-116: Building workspace] INFO  o.e.m.c.i.embedder.EclipseLogger - Copying 2 resources
2026-08-28 11:32:04,832 [Worker-116: Building workspace] WARN  o.e.m.c.i.embedder.EclipseLogger - Using platform encoding (MS949 actually) to copy filtered resources, i.e. build is platform dependent!
2026-08-28 11:32:04,833 [Worker-116: Building workspace] INFO  o.e.m.c.i.embedder.EclipseLogger - Copying 1 resource
2026-08-28 11:32:04,835 [Worker-116: Building workspace] INFO  o.e.m.w.i.f.ResourceFilteringBuildParticipant - Changed resources require a complete clean of filtered resources of chapter04_MVC
2026-08-28 11:32:04,835 [Worker-116: Building workspace] INFO  o.e.m.w.i.f.ResourceFilteringBuildParticipant - Executing resource filtering for chapter04_MVC
2026-08-28 11:32:04,837 [Worker-116: Building workspace] WARN  o.e.m.c.i.embedder.EclipseLogger - Using platform encoding (MS949 actually) to copy filtered resources, i.e. build is platform dependent!
2026-08-28 11:33:32,353 [Worker-121: Building workspace] INFO  o.e.m.c.i.l.LifecycleMappingFactory - Using org.maven.ide.eclipse.wtp.WarLifecycleMapping lifecycle mapping for MavenProject: org.joonzis:controller:1.0.0-BUILD-SNAPSHOT @ C:\dev\workspace\workspace-spring\chapter04_MVC\pom.xml.
2026-08-28 11:33:32,515 [Worker-121: Building workspace] INFO  o.e.m.c.i.e.AbstractTransferListenerAdapter - Downloaded https://repo.maven.apache.org/maven2/com/oracle/database/jdbc/ojdbc6/11.2.0.4/ojdbc6-11.2.0.4.pom
2026-08-28 11:33:32,570 [Worker-121: Building workspace] INFO  o.e.m.c.i.e.AbstractTransferListenerAdapter - Downloaded https://repo.maven.apache.org/maven2/com/oracle/database/jdbc/ucp/11.2.0.4/ucp-11.2.0.4.pom
2026-08-28 11:33:32,615 [Worker-121: Building workspace] INFO  o.e.m.c.i.e.AbstractTransferListenerAdapter - Downloaded https://repo.maven.apache.org/maven2/com/oracle/database/security/oraclepki/11.2.0.4/oraclepki-11.2.0.4.pom
2026-08-28 11:33:32,679 [Worker-121: Building workspace] INFO  o.e.m.c.i.e.AbstractTransferListenerAdapter - Downloaded https://repo.maven.apache.org/maven2/com/oracle/database/security/osdt_cert/11.2.0.4/osdt_cert-11.2.0.4.pom
2026-08-28 11:33:32,721 [Worker-121: Building workspace] INFO  o.e.m.c.i.e.AbstractTransferListenerAdapter - Downloaded https://repo.maven.apache.org/maven2/com/oracle/database/security/osdt_core/11.2.0.4/osdt_core-11.2.0.4.pom
2026-08-28 11:33:32,759 [Worker-121: Building workspace] INFO  o.e.m.c.i.e.AbstractTransferListenerAdapter - Downloaded https://repo.maven.apache.org/maven2/com/oracle/database/ha/simplefan/11.2.0.4/simplefan-11.2.0.4.pom
2026-08-28 11:33:32,805 [Worker-121: Building workspace] INFO  o.e.m.c.i.e.AbstractTransferListenerAdapter - Downloaded https://repo.maven.apache.org/maven2/com/oracle/database/ha/ons/11.2.0.4/ons-11.2.0.4.pom
2026-08-28 11:33:32,867 [Worker-121: Building workspace] INFO  o.e.m.c.i.e.AbstractTransferListenerAdapter - Downloaded https://repo.maven.apache.org/maven2/com/zaxxer/HikariCP/2.7.8/HikariCP-2.7.8.pom
2026-08-28 11:33:32,919 [Worker-121: Building workspace] INFO  o.e.m.c.i.e.AbstractTransferListenerAdapter - Downloaded https://repo.maven.apache.org/maven2/org/sonatype/oss/oss-parent/9/oss-parent-9.pom
2026-08-28 11:33:32,965 [Worker-121: Building workspace] INFO  o.e.m.c.i.e.AbstractTransferListenerAdapter - Downloaded https://repo.maven.apache.org/maven2/org/slf4j/slf4j-api/1.7.25/slf4j-api-1.7.25.pom
2026-08-28 11:33:33,014 [Worker-121: Building workspace] INFO  o.e.m.c.i.e.AbstractTransferListenerAdapter - Downloaded https://repo.maven.apache.org/maven2/org/slf4j/slf4j-parent/1.7.25/slf4j-parent-1.7.25.pom
2026-08-28 11:33:33,077 [Worker-121: Building workspace] INFO  o.e.m.c.i.e.AbstractTransferListenerAdapter - Downloaded https://repo.maven.apache.org/maven2/org/mybatis/mybatis-spring/1.3.2/mybatis-spring-1.3.2.pom
2026-08-28 11:33:33,133 [Worker-121: Building workspace] INFO  o.e.m.c.i.e.AbstractTransferListenerAdapter - Downloaded https://repo.maven.apache.org/maven2/org/bgee/log4jdbc-log4j2/log4jdbc-log4j2-jdbc4.1/1.16/log4jdbc-log4j2-jdbc4.1-1.16.pom
2026-08-28 11:33:33,180 [Worker-121: Building workspace] INFO  o.e.m.c.i.e.AbstractTransferListenerAdapter - Downloaded https://repo.maven.apache.org/maven2/org/bgee/log4jdbc-log4j2/log4jdbc-log4j2/1.16/log4jdbc-log4j2-1.16.pom
2026-08-28 11:33:33,217 [Worker-121: Building workspace] INFO  o.e.m.c.i.e.AbstractTransferListenerAdapter - Downloaded https://repo.maven.apache.org/maven2/org/sonatype/oss/oss-parent/7/oss-parent-7.pom
2026-08-28 11:33:33,255 [Worker-121: Building workspace] INFO  o.e.m.c.i.e.AbstractTransferListenerAdapter - Downloading https://repo.maven.apache.org/maven2/com/oracle/database/jdbc/ojdbc6/11.2.0.4/ojdbc6-11.2.0.4.jar
2026-08-28 11:33:33,513 [Worker-121: Building workspace] INFO  o.e.m.c.i.e.AbstractTransferListenerAdapter - Downloaded https://repo.maven.apache.org/maven2/com/oracle/database/jdbc/ojdbc6/11.2.0.4/ojdbc6-11.2.0.4.jar
2026-08-28 11:33:33,528 [Worker-121: Building workspace] INFO  o.e.m.c.i.e.AbstractTransferListenerAdapter - Downloading https://repo.maven.apache.org/maven2/com/oracle/database/jdbc/ucp/11.2.0.4/ucp-11.2.0.4.jar
2026-08-28 11:33:33,590 [Worker-121: Building workspace] INFO  o.e.m.c.i.e.AbstractTransferListenerAdapter - Downloaded https://repo.maven.apache.org/maven2/com/oracle/database/jdbc/ucp/11.2.0.4/ucp-11.2.0.4.jar
2026-08-28 11:33:33,605 [Worker-121: Building workspace] INFO  o.e.m.c.i.e.AbstractTransferListenerAdapter - Downloading https://repo.maven.apache.org/maven2/com/oracle/database/security/oraclepki/11.2.0.4/oraclepki-11.2.0.4.jar
2026-08-28 11:33:33,640 [Worker-121: Building workspace] INFO  o.e.m.c.i.e.AbstractTransferListenerAdapter - Downloaded https://repo.maven.apache.org/maven2/com/oracle/database/security/oraclepki/11.2.0.4/oraclepki-11.2.0.4.jar
2026-08-28 11:33:33,657 [Worker-121: Building workspace] INFO  o.e.m.c.i.e.AbstractTransferListenerAdapter - Downloading https://repo.maven.apache.org/maven2/com/oracle/database/security/osdt_cert/11.2.0.4/osdt_cert-11.2.0.4.jar
2026-08-28 11:33:33,688 [Worker-121: Building workspace] INFO  o.e.m.c.i.e.AbstractTransferListenerAdapter - Downloaded https://repo.maven.apache.org/maven2/com/oracle/database/security/osdt_cert/11.2.0.4/osdt_cert-11.2.0.4.jar
2026-08-28 11:33:33,701 [Worker-121: Building workspace] INFO  o.e.m.c.i.e.AbstractTransferListenerAdapter - Downloading https://repo.maven.apache.org/maven2/com/oracle/database/security/osdt_core/11.2.0.4/osdt_core-11.2.0.4.jar
2026-08-28 11:33:33,739 [Worker-121: Building workspace] INFO  o.e.m.c.i.e.AbstractTransferListenerAdapter - Downloaded https://repo.maven.apache.org/maven2/com/oracle/database/security/osdt_core/11.2.0.4/osdt_core-11.2.0.4.jar
2026-08-28 11:33:33,752 [Worker-121: Building workspace] INFO  o.e.m.c.i.e.AbstractTransferListenerAdapter - Downloading https://repo.maven.apache.org/maven2/com/oracle/database/ha/simplefan/11.2.0.4/simplefan-11.2.0.4.jar
2026-08-28 11:33:33,770 [Worker-121: Building workspace] INFO  o.e.m.c.i.e.AbstractTransferListenerAdapter - Downloaded https://repo.maven.apache.org/maven2/com/oracle/database/ha/simplefan/11.2.0.4/simplefan-11.2.0.4.jar
2026-08-28 11:33:33,784 [Worker-121: Building workspace] INFO  o.e.m.c.i.e.AbstractTransferListenerAdapter - Downloading https://repo.maven.apache.org/maven2/com/oracle/database/ha/ons/11.2.0.4/ons-11.2.0.4.jar
2026-08-28 11:33:33,807 [Worker-121: Building workspace] INFO  o.e.m.c.i.e.AbstractTransferListenerAdapter - Downloaded https://repo.maven.apache.org/maven2/com/oracle/database/ha/ons/11.2.0.4/ons-11.2.0.4.jar
2026-08-28 11:33:33,820 [Worker-121: Building workspace] INFO  o.e.m.c.i.e.AbstractTransferListenerAdapter - Downloading https://repo.maven.apache.org/maven2/com/zaxxer/HikariCP/2.7.8/HikariCP-2.7.8.jar
2026-08-28 11:33:33,850 [Worker-121: Building workspace] INFO  o.e.m.c.i.e.AbstractTransferListenerAdapter - Downloaded https://repo.maven.apache.org/maven2/com/zaxxer/HikariCP/2.7.8/HikariCP-2.7.8.jar
2026-08-28 11:33:33,864 [Worker-121: Building workspace] INFO  o.e.m.c.i.e.AbstractTransferListenerAdapter - Downloading https://repo.maven.apache.org/maven2/org/mybatis/mybatis-spring/1.3.2/mybatis-spring-1.3.2.jar
2026-08-28 11:33:33,886 [Worker-121: Building workspace] INFO  o.e.m.c.i.e.AbstractTransferListenerAdapter - Downloaded https://repo.maven.apache.org/maven2/org/mybatis/mybatis-spring/1.3.2/mybatis-spring-1.3.2.jar
2026-08-28 11:33:33,902 [Worker-121: Building workspace] INFO  o.e.m.c.i.e.AbstractTransferListenerAdapter - Downloading https://repo.maven.apache.org/maven2/org/bgee/log4jdbc-log4j2/log4jdbc-log4j2-jdbc4.1/1.16/log4jdbc-log4j2-jdbc4.1-1.16.jar
2026-08-28 11:33:33,925 [Worker-121: Building workspace] INFO  o.e.m.c.i.e.AbstractTransferListenerAdapter - Downloaded https://repo.maven.apache.org/maven2/org/bgee/log4jdbc-log4j2/log4jdbc-log4j2-jdbc4.1/1.16/log4jdbc-log4j2-jdbc4.1-1.16.jar
2026-08-28 11:33:35,078 [Worker-121: Building workspace] WARN  o.e.m.c.i.embedder.EclipseLogger - Using platform encoding (MS949 actually) to copy filtered resources, i.e. build is platform dependent!
2026-08-28 11:33:35,079 [Worker-121: Building workspace] INFO  o.e.m.c.i.embedder.EclipseLogger - Copying 0 resource
2026-08-28 11:33:35,080 [Worker-121: Building workspace] WARN  o.e.m.c.i.embedder.EclipseLogger - Using platform encoding (MS949 actually) to copy filtered resources, i.e. build is platform dependent!
2026-08-28 11:33:35,080 [Worker-121: Building workspace] INFO  o.e.m.c.i.embedder.EclipseLogger - Copying 0 resource
2026-08-28 11:33:35,080 [Worker-121: Building workspace] INFO  o.e.m.w.i.f.ResourceFilteringBuildParticipant - Changed resources require a complete clean of filtered resources of chapter04_MVC
2026-08-28 11:33:35,081 [Worker-121: Building workspace] INFO  o.e.m.w.i.f.ResourceFilteringBuildParticipant - Executing resource filtering for chapter04_MVC
2026-08-28 11:33:35,083 [Worker-121: Building workspace] WARN  o.e.m.c.i.embedder.EclipseLogger - Using platform encoding (MS949 actually) to copy filtered resources, i.e. build is platform dependent!
2026-08-28 11:33:36,235 [Worker-121: Download sources and javadoc] INFO  o.e.m.c.i.e.AbstractTransferListenerAdapter - Downloading https://repo.maven.apache.org/maven2/com/oracle/database/jdbc/ojdbc6/11.2.0.4/ojdbc6-11.2.0.4-sources.jar
2026-08-28 11:33:36,268 [Worker-121: Download sources and javadoc] INFO  o.e.m.c.i.e.AbstractTransferListenerAdapter - Downloaded https://repo.maven.apache.org/maven2/com/oracle/database/jdbc/ojdbc6/11.2.0.4/ojdbc6-11.2.0.4-sources.jar
2026-08-28 11:33:36,382 [Worker-121: Download sources and javadoc] INFO  o.e.m.j.internal.DownloadSourcesJob - Downloaded sources for com.oracle.database.jdbc:ojdbc6:11.2.0.4
2026-08-28 11:33:36,418 [Worker-121: Download sources and javadoc] INFO  o.e.m.c.i.e.AbstractTransferListenerAdapter - Downloading https://repo.maven.apache.org/maven2/com/oracle/database/jdbc/ucp/11.2.0.4/ucp-11.2.0.4-sources.jar
2026-08-28 11:33:36,449 [Worker-121: Download sources and javadoc] INFO  o.e.m.c.i.e.AbstractTransferListenerAdapter - Downloaded https://repo.maven.apache.org/maven2/com/oracle/database/jdbc/ucp/11.2.0.4/ucp-11.2.0.4-sources.jar
2026-08-28 11:33:36,517 [Worker-127: Building workspace] WARN  o.e.m.c.i.embedder.EclipseLogger - Using platform encoding (MS949 actually) to copy filtered resources, i.e. build is platform dependent!
2026-08-28 11:33:36,519 [Worker-127: Building workspace] INFO  o.e.m.c.i.embedder.EclipseLogger - Copying 2 resources
2026-08-28 11:33:36,522 [Worker-127: Building workspace] WARN  o.e.m.c.i.embedder.EclipseLogger - Using platform encoding (MS949 actually) to copy filtered resources, i.e. build is platform dependent!
2026-08-28 11:33:36,523 [Worker-127: Building workspace] INFO  o.e.m.c.i.embedder.EclipseLogger - Copying 1 resource
2026-08-28 11:33:36,538 [Worker-121: Download sources and javadoc] INFO  o.e.m.j.internal.DownloadSourcesJob - Downloaded sources for com.oracle.database.jdbc:ucp:11.2.0.4
2026-08-28 11:33:36,579 [Worker-121: Download sources and javadoc] INFO  o.e.m.c.i.e.AbstractTransferListenerAdapter - Downloading https://repo.maven.apache.org/maven2/com/oracle/database/security/oraclepki/11.2.0.4/oraclepki-11.2.0.4-sources.jar
2026-08-28 11:33:36,596 [Worker-121: Download sources and javadoc] INFO  o.e.m.c.i.e.AbstractTransferListenerAdapter - Downloaded https://repo.maven.apache.org/maven2/com/oracle/database/security/oraclepki/11.2.0.4/oraclepki-11.2.0.4-sources.jar
2026-08-28 11:33:36,677 [Worker-121: Download sources and javadoc] INFO  o.e.m.j.internal.DownloadSourcesJob - Downloaded sources for com.oracle.database.security:oraclepki:11.2.0.4
2026-08-28 11:33:36,715 [Worker-121: Download sources and javadoc] INFO  o.e.m.c.i.e.AbstractTransferListenerAdapter - Downloading https://repo.maven.apache.org/maven2/com/oracle/database/security/osdt_cert/11.2.0.4/osdt_cert-11.2.0.4-sources.jar
2026-08-28 11:33:36,739 [Worker-121: Download sources and javadoc] INFO  o.e.m.c.i.e.AbstractTransferListenerAdapter - Downloaded https://repo.maven.apache.org/maven2/com/oracle/database/security/osdt_cert/11.2.0.4/osdt_cert-11.2.0.4-sources.jar
2026-08-28 11:33:36,910 [Worker-121: Download sources and javadoc] INFO  o.e.m.j.internal.DownloadSourcesJob - Downloaded sources for com.oracle.database.security:osdt_cert:11.2.0.4
2026-08-28 11:33:36,969 [Worker-121: Download sources and javadoc] INFO  o.e.m.c.i.e.AbstractTransferListenerAdapter - Downloading https://repo.maven.apache.org/maven2/com/oracle/database/security/osdt_core/11.2.0.4/osdt_core-11.2.0.4-sources.jar
2026-08-28 11:33:36,997 [Worker-121: Download sources and javadoc] INFO  o.e.m.c.i.e.AbstractTransferListenerAdapter - Downloaded https://repo.maven.apache.org/maven2/com/oracle/database/security/osdt_core/11.2.0.4/osdt_core-11.2.0.4-sources.jar
2026-08-28 11:33:37,128 [Worker-121: Download sources and javadoc] INFO  o.e.m.j.internal.DownloadSourcesJob - Downloaded sources for com.oracle.database.security:osdt_core:11.2.0.4
2026-08-28 11:33:37,175 [Worker-121: Download sources and javadoc] INFO  o.e.m.c.i.e.AbstractTransferListenerAdapter - Downloading https://repo.maven.apache.org/maven2/com/oracle/database/ha/simplefan/11.2.0.4/simplefan-11.2.0.4-sources.jar
2026-08-28 11:33:37,193 [Worker-121: Download sources and javadoc] INFO  o.e.m.c.i.e.AbstractTransferListenerAdapter - Downloaded https://repo.maven.apache.org/maven2/com/oracle/database/ha/simplefan/11.2.0.4/simplefan-11.2.0.4-sources.jar
2026-08-28 11:33:37,330 [Worker-121: Download sources and javadoc] INFO  o.e.m.j.internal.DownloadSourcesJob - Downloaded sources for com.oracle.database.ha:simplefan:11.2.0.4
2026-08-28 11:33:37,366 [Worker-121: Download sources and javadoc] INFO  o.e.m.c.i.e.AbstractTransferListenerAdapter - Downloading https://repo.maven.apache.org/maven2/com/oracle/database/ha/ons/11.2.0.4/ons-11.2.0.4-sources.jar
2026-08-28 11:33:37,386 [Worker-121: Download sources and javadoc] INFO  o.e.m.c.i.e.AbstractTransferListenerAdapter - Downloaded https://repo.maven.apache.org/maven2/com/oracle/database/ha/ons/11.2.0.4/ons-11.2.0.4-sources.jar
2026-08-28 11:33:37,459 [Worker-121: Download sources and javadoc] INFO  o.e.m.j.internal.DownloadSourcesJob - Downloaded sources for com.oracle.database.ha:ons:11.2.0.4
2026-08-28 11:33:37,502 [Worker-121: Download sources and javadoc] INFO  o.e.m.c.i.e.AbstractTransferListenerAdapter - Downloading https://repo.maven.apache.org/maven2/com/zaxxer/HikariCP/2.7.8/HikariCP-2.7.8-sources.jar
2026-08-28 11:33:37,541 [Worker-121: Download sources and javadoc] INFO  o.e.m.c.i.e.AbstractTransferListenerAdapter - Downloaded https://repo.maven.apache.org/maven2/com/zaxxer/HikariCP/2.7.8/HikariCP-2.7.8-sources.jar
2026-08-28 11:33:37,622 [Worker-121: Download sources and javadoc] INFO  o.e.m.j.internal.DownloadSourcesJob - Downloaded sources for com.zaxxer:HikariCP:2.7.8
2026-08-28 11:33:37,692 [Worker-121: Download sources and javadoc] INFO  o.e.m.c.i.e.AbstractTransferListenerAdapter - Downloading https://repo.maven.apache.org/maven2/org/mybatis/mybatis-spring/1.3.2/mybatis-spring-1.3.2-sources.jar
2026-08-28 11:33:37,971 [Worker-121: Download sources and javadoc] INFO  o.e.m.c.i.e.AbstractTransferListenerAdapter - Downloaded https://repo.maven.apache.org/maven2/org/mybatis/mybatis-spring/1.3.2/mybatis-spring-1.3.2-sources.jar
2026-08-28 11:33:38,113 [Worker-121: Download sources and javadoc] INFO  o.e.m.j.internal.DownloadSourcesJob - Downloaded sources for org.mybatis:mybatis-spring:1.3.2
2026-08-28 11:33:38,167 [Worker-121: Download sources and javadoc] INFO  o.e.m.c.i.e.AbstractTransferListenerAdapter - Downloading https://repo.maven.apache.org/maven2/org/bgee/log4jdbc-log4j2/log4jdbc-log4j2-jdbc4.1/1.16/log4jdbc-log4j2-jdbc4.1-1.16-sources.jar
2026-08-28 11:33:38,205 [Worker-121: Download sources and javadoc] INFO  o.e.m.c.i.e.AbstractTransferListenerAdapter - Downloaded https://repo.maven.apache.org/maven2/org/bgee/log4jdbc-log4j2/log4jdbc-log4j2-jdbc4.1/1.16/log4jdbc-log4j2-jdbc4.1-1.16-sources.jar
2026-08-28 11:33:38,319 [Worker-121: Download sources and javadoc] INFO  o.e.m.j.internal.DownloadSourcesJob - Downloaded sources for org.bgee.log4jdbc-log4j2:log4jdbc-log4j2-jdbc4.1:1.16
2026-08-28 11:33:38,576 [Worker-126: Building workspace] WARN  o.e.m.c.i.embedder.EclipseLogger - Using platform encoding (MS949 actually) to copy filtered resources, i.e. build is platform dependent!
2026-08-28 11:33:38,578 [Worker-126: Building workspace] INFO  o.e.m.c.i.embedder.EclipseLogger - Copying 0 resource
2026-08-28 11:33:38,579 [Worker-126: Building workspace] WARN  o.e.m.c.i.embedder.EclipseLogger - Using platform encoding (MS949 actually) to copy filtered resources, i.e. build is platform dependent!
2026-08-28 11:33:38,580 [Worker-126: Building workspace] INFO  o.e.m.c.i.embedder.EclipseLogger - Copying 0 resource
2026-08-28 11:34:13,263 [Worker-121: Building workspace] INFO  o.e.m.c.i.l.LifecycleMappingFactory - Using org.maven.ide.eclipse.wtp.WarLifecycleMapping lifecycle mapping for MavenProject: org.joonzis:controller:1.0.0-BUILD-SNAPSHOT @ C:\dev\workspace\workspace-spring\chapter04_MVC\pom.xml.
2026-08-28 11:34:13,431 [Worker-121: Building workspace] WARN  o.e.m.c.i.embedder.EclipseLogger - Using platform encoding (MS949 actually) to copy filtered resources, i.e. build is platform dependent!
2026-08-28 11:34:13,432 [Worker-121: Building workspace] INFO  o.e.m.c.i.embedder.EclipseLogger - Copying 0 resource
2026-08-28 11:34:13,433 [Worker-121: Building workspace] WARN  o.e.m.c.i.embedder.EclipseLogger - Using platform encoding (MS949 actually) to copy filtered resources, i.e. build is platform dependent!
2026-08-28 11:34:13,434 [Worker-121: Building workspace] INFO  o.e.m.c.i.embedder.EclipseLogger - Copying 0 resource
2026-08-28 11:34:13,435 [Worker-121: Building workspace] INFO  o.e.m.w.i.f.ResourceFilteringBuildParticipant - Changed resources require a complete clean of filtered resources of chapter04_MVC
2026-08-28 11:34:13,435 [Worker-121: Building workspace] INFO  o.e.m.w.i.f.ResourceFilteringBuildParticipant - Executing resource filtering for chapter04_MVC
2026-08-28 11:34:13,437 [Worker-121: Building workspace] WARN  o.e.m.c.i.embedder.EclipseLogger - Using platform encoding (MS949 actually) to copy filtered resources, i.e. build is platform dependent!
2026-08-28 11:34:22,946 [Worker-125: Updating Maven Project] INFO  o.e.m.c.i.p.ProjectConfigurationManager - Update started
2026-08-28 11:34:23,089 [Worker-125: Updating Maven Project] INFO  o.e.m.c.i.l.LifecycleMappingFactory - Using org.maven.ide.eclipse.wtp.WarLifecycleMapping lifecycle mapping for MavenProject: org.joonzis:controller:1.0.0-BUILD-SNAPSHOT @ C:\dev\workspace\workspace-spring\chapter04_MVC\pom.xml.
2026-08-28 11:34:23,274 [Worker-125: Updating Maven Project] INFO  o.e.m.j.i.AbstractJavaProjectConfigurator - Adding source folder /chapter04_MVC/src/main/java
2026-08-28 11:34:23,274 [Worker-125: Updating Maven Project] INFO  o.e.m.j.i.AbstractJavaProjectConfigurator - Adding resource folder /chapter04_MVC/src/main/resources
2026-08-28 11:34:23,275 [Worker-125: Updating Maven Project] INFO  o.e.m.j.i.AbstractJavaProjectConfigurator - Adding source folder /chapter04_MVC/src/test/java
2026-08-28 11:34:23,275 [Worker-125: Updating Maven Project] INFO  o.e.m.j.i.AbstractJavaProjectConfigurator - Adding resource folder /chapter04_MVC/src/test/resources
2026-08-28 11:34:23,360 [Worker-125: Updating Maven Project] INFO  o.e.m.w.i.f.ResourceFilteringBuildParticipant - Cleaning filtered folder for chapter04_MVC
2026-08-28 11:34:23,362 [Worker-125: Updating Maven Project] INFO  o.e.m.c.i.p.ProjectConfigurationManager - Update completed: 0 sec
2026-08-28 11:34:24,008 [Worker-126: Building workspace] WARN  o.e.m.c.i.embedder.EclipseLogger - Using platform encoding (MS949 actually) to copy filtered resources, i.e. build is platform dependent!
2026-08-28 11:34:24,008 [Worker-126: Building workspace] INFO  o.e.m.c.i.embedder.EclipseLogger - Copying 2 resources
2026-08-28 11:34:24,011 [Worker-126: Building workspace] WARN  o.e.m.c.i.embedder.EclipseLogger - Using platform encoding (MS949 actually) to copy filtered resources, i.e. build is platform dependent!
2026-08-28 11:34:24,012 [Worker-126: Building workspace] INFO  o.e.m.c.i.embedder.EclipseLogger - Copying 1 resource
2026-08-28 11:34:24,014 [Worker-126: Building workspace] INFO  o.e.m.w.i.f.ResourceFilteringBuildParticipant - Changed resources require a complete clean of filtered resources of chapter04_MVC
2026-08-28 11:34:24,014 [Worker-126: Building workspace] INFO  o.e.m.w.i.f.ResourceFilteringBuildParticipant - Executing resource filtering for chapter04_MVC
2026-08-28 11:34:24,015 [Worker-126: Building workspace] WARN  o.e.m.c.i.embedder.EclipseLogger - Using platform encoding (MS949 actually) to copy filtered resources, i.e. build is platform dependent!
2026-08-28 12:07:02,107 [Worker-150: Building workspace] WARN  o.e.m.c.i.embedder.EclipseLogger - Using platform encoding (MS949 actually) to copy filtered resources, i.e. build is platform dependent!
2026-08-28 12:07:02,109 [Worker-150: Building workspace] INFO  o.e.m.c.i.embedder.EclipseLogger - Copying 0 resource
2026-08-28 12:07:02,110 [Worker-150: Building workspace] WARN  o.e.m.c.i.embedder.EclipseLogger - Using platform encoding (MS949 actually) to copy filtered resources, i.e. build is platform dependent!
2026-08-28 12:07:02,111 [Worker-150: Building workspace] INFO  o.e.m.c.i.embedder.EclipseLogger - Copying 1 resource
2026-08-28 12:07:17,936 [Worker-151: Building workspace] WARN  o.e.m.c.i.embedder.EclipseLogger - Using platform encoding (MS949 actually) to copy filtered resources, i.e. build is platform dependent!
2026-08-28 12:07:17,938 [Worker-151: Building workspace] INFO  o.e.m.c.i.embedder.EclipseLogger - Copying 0 resource
2026-08-28 12:07:17,939 [Worker-151: Building workspace] WARN  o.e.m.c.i.embedder.EclipseLogger - Using platform encoding (MS949 actually) to copy filtered resources, i.e. build is platform dependent!
2026-08-28 12:07:17,941 [Worker-151: Building workspace] INFO  o.e.m.c.i.embedder.EclipseLogger - Copying 1 resource
2026-08-28 12:07:46,976 [Worker-148: Building workspace] WARN  o.e.m.c.i.embedder.EclipseLogger - Using platform encoding (MS949 actually) to copy filtered resources, i.e. build is platform dependent!
2026-08-28 12:07:46,977 [Worker-148: Building workspace] INFO  o.e.m.c.i.embedder.EclipseLogger - Copying 0 resource
2026-08-28 12:07:46,978 [Worker-148: Building workspace] WARN  o.e.m.c.i.embedder.EclipseLogger - Using platform encoding (MS949 actually) to copy filtered resources, i.e. build is platform dependent!
2026-08-28 12:07:46,979 [Worker-148: Building workspace] INFO  o.e.m.c.i.embedder.EclipseLogger - Copying 1 resource
2026-08-28 12:08:58,978 [Worker-150: Building workspace] WARN  o.e.m.c.i.embedder.EclipseLogger - Using platform encoding (MS949 actually) to copy filtered resources, i.e. build is platform dependent!
2026-08-28 12:08:58,978 [Worker-150: Building workspace] INFO  o.e.m.c.i.embedder.EclipseLogger - Copying 0 resource
2026-08-28 12:08:58,979 [Worker-150: Building workspace] WARN  o.e.m.c.i.embedder.EclipseLogger - Using platform encoding (MS949 actually) to copy filtered resources, i.e. build is platform dependent!
2026-08-28 12:08:58,980 [Worker-150: Building workspace] INFO  o.e.m.c.i.embedder.EclipseLogger - Copying 1 resource
2026-08-28 12:09:45,039 [Worker-151: Building workspace] WARN  o.e.m.c.i.embedder.EclipseLogger - Using platform encoding (MS949 actually) to copy filtered resources, i.e. build is platform dependent!
2026-08-28 12:09:45,040 [Worker-151: Building workspace] INFO  o.e.m.c.i.embedder.EclipseLogger - Copying 2 resources
2026-08-28 12:09:45,041 [Worker-151: Building workspace] WARN  o.e.m.c.i.embedder.EclipseLogger - Using platform encoding (MS949 actually) to copy filtered resources, i.e. build is platform dependent!
2026-08-28 12:09:45,042 [Worker-151: Building workspace] INFO  o.e.m.c.i.embedder.EclipseLogger - Copying 0 resource
2026-08-28 12:12:51,124 [Worker-150: Building workspace] WARN  o.e.m.c.i.embedder.EclipseLogger - Using platform encoding (MS949 actually) to copy filtered resources, i.e. build is platform dependent!
2026-08-28 12:12:51,125 [Worker-150: Building workspace] INFO  o.e.m.c.i.embedder.EclipseLogger - Copying 0 resource
2026-08-28 12:12:51,126 [Worker-150: Building workspace] WARN  o.e.m.c.i.embedder.EclipseLogger - Using platform encoding (MS949 actually) to copy filtered resources, i.e. build is platform dependent!
2026-08-28 12:12:51,126 [Worker-150: Building workspace] INFO  o.e.m.c.i.embedder.EclipseLogger - Copying 1 resource
2026-08-28 12:13:32,145 [Worker-153: Building workspace] WARN  o.e.m.c.i.embedder.EclipseLogger - Using platform encoding (MS949 actually) to copy filtered resources, i.e. build is platform dependent!
2026-08-28 12:13:32,146 [Worker-153: Building workspace] INFO  o.e.m.c.i.embedder.EclipseLogger - Copying 0 resource
2026-08-28 12:13:32,148 [Worker-153: Building workspace] WARN  o.e.m.c.i.embedder.EclipseLogger - Using platform encoding (MS949 actually) to copy filtered resources, i.e. build is platform dependent!
2026-08-28 12:13:32,149 [Worker-153: Building workspace] INFO  o.e.m.c.i.embedder.EclipseLogger - Copying 1 resource
2026-08-28 12:13:42,944 [Worker-150: Building workspace] WARN  o.e.m.c.i.embedder.EclipseLogger - Using platform encoding (MS949 actually) to copy filtered resources, i.e. build is platform dependent!
2026-08-28 12:13:42,945 [Worker-150: Building workspace] INFO  o.e.m.c.i.embedder.EclipseLogger - Copying 0 resource
2026-08-28 12:13:42,946 [Worker-150: Building workspace] WARN  o.e.m.c.i.embedder.EclipseLogger - Using platform encoding (MS949 actually) to copy filtered resources, i.e. build is platform dependent!
2026-08-28 12:13:42,948 [Worker-150: Building workspace] INFO  o.e.m.c.i.embedder.EclipseLogger - Copying 1 resource
2026-08-28 12:14:34,614 [Worker-155: Building workspace] WARN  o.e.m.c.i.embedder.EclipseLogger - Using platform encoding (MS949 actually) to copy filtered resources, i.e. build is platform dependent!
2026-08-28 12:14:34,615 [Worker-155: Building workspace] INFO  o.e.m.c.i.embedder.EclipseLogger - Copying 0 resource
2026-08-28 12:14:34,616 [Worker-155: Building workspace] WARN  o.e.m.c.i.embedder.EclipseLogger - Using platform encoding (MS949 actually) to copy filtered resources, i.e. build is platform dependent!
2026-08-28 12:14:34,617 [Worker-155: Building workspace] INFO  o.e.m.c.i.embedder.EclipseLogger - Copying 1 resource
2026-08-28 12:19:12,545 [Worker-156: Building workspace] WARN  o.e.m.c.i.embedder.EclipseLogger - Using platform encoding (MS949 actually) to copy filtered resources, i.e. build is platform dependent!
2026-08-28 12:19:12,546 [Worker-156: Building workspace] INFO  o.e.m.c.i.embedder.EclipseLogger - Copying 0 resource
2026-08-28 12:19:12,547 [Worker-156: Building workspace] WARN  o.e.m.c.i.embedder.EclipseLogger - Using platform encoding (MS949 actually) to copy filtered resources, i.e. build is platform dependent!
2026-08-28 12:19:12,549 [Worker-156: Building workspace] INFO  o.e.m.c.i.embedder.EclipseLogger - Copying 1 resource
2026-08-28 12:19:31,784 [Worker-151: Building workspace] WARN  o.e.m.c.i.embedder.EclipseLogger - Using platform encoding (MS949 actually) to copy filtered resources, i.e. build is platform dependent!
2026-08-28 12:19:31,785 [Worker-151: Building workspace] INFO  o.e.m.c.i.embedder.EclipseLogger - Copying 0 resource
2026-08-28 12:19:31,786 [Worker-151: Building workspace] WARN  o.e.m.c.i.embedder.EclipseLogger - Using platform encoding (MS949 actually) to copy filtered resources, i.e. build is platform dependent!
2026-08-28 12:19:31,788 [Worker-151: Building workspace] INFO  o.e.m.c.i.embedder.EclipseLogger - Copying 1 resource
2026-08-28 12:22:43,624 [Worker-150: Building workspace] WARN  o.e.m.c.i.embedder.EclipseLogger - Using platform encoding (MS949 actually) to copy filtered resources, i.e. build is platform dependent!
2026-08-28 12:22:43,626 [Worker-150: Building workspace] INFO  o.e.m.c.i.embedder.EclipseLogger - Copying 0 resource
2026-08-28 12:22:43,627 [Worker-150: Building workspace] WARN  o.e.m.c.i.embedder.EclipseLogger - Using platform encoding (MS949 actually) to copy filtered resources, i.e. build is platform dependent!
2026-08-28 12:22:43,629 [Worker-150: Building workspace] INFO  o.e.m.c.i.embedder.EclipseLogger - Copying 1 resource
2026-08-28 12:23:59,069 [Worker-160: Building workspace] WARN  o.e.m.c.i.embedder.EclipseLogger - Using platform encoding (MS949 actually) to copy filtered resources, i.e. build is platform dependent!
2026-08-28 12:23:59,070 [Worker-160: Building workspace] INFO  o.e.m.c.i.embedder.EclipseLogger - Copying 0 resource
2026-08-28 12:23:59,071 [Worker-160: Building workspace] WARN  o.e.m.c.i.embedder.EclipseLogger - Using platform encoding (MS949 actually) to copy filtered resources, i.e. build is platform dependent!
2026-08-28 12:23:59,072 [Worker-160: Building workspace] INFO  o.e.m.c.i.embedder.EclipseLogger - Copying 1 resource
2026-08-28 12:24:06,407 [Worker-158: Building workspace] WARN  o.e.m.c.i.embedder.EclipseLogger - Using platform encoding (MS949 actually) to copy filtered resources, i.e. build is platform dependent!
2026-08-28 12:24:06,409 [Worker-158: Building workspace] INFO  o.e.m.c.i.embedder.EclipseLogger - Copying 0 resource
2026-08-28 12:24:06,410 [Worker-158: Building workspace] WARN  o.e.m.c.i.embedder.EclipseLogger - Using platform encoding (MS949 actually) to copy filtered resources, i.e. build is platform dependent!
2026-08-28 12:24:06,412 [Worker-158: Building workspace] INFO  o.e.m.c.i.embedder.EclipseLogger - Copying 1 resource
2026-08-28 12:25:16,077 [Worker-160: Building workspace] WARN  o.e.m.c.i.embedder.EclipseLogger - Using platform encoding (MS949 actually) to copy filtered resources, i.e. build is platform dependent!
2026-08-28 12:25:16,078 [Worker-160: Building workspace] INFO  o.e.m.c.i.embedder.EclipseLogger - Copying 0 resource
2026-08-28 12:25:16,079 [Worker-160: Building workspace] WARN  o.e.m.c.i.embedder.EclipseLogger - Using platform encoding (MS949 actually) to copy filtered resources, i.e. build is platform dependent!
2026-08-28 12:25:16,080 [Worker-160: Building workspace] INFO  o.e.m.c.i.embedder.EclipseLogger - Copying 1 resource
2026-08-28 12:25:33,506 [Worker-159: Building workspace] WARN  o.e.m.c.i.embedder.EclipseLogger - Using platform encoding (MS949 actually) to copy filtered resources, i.e. build is platform dependent!
2026-08-28 12:25:33,507 [Worker-159: Building workspace] INFO  o.e.m.c.i.embedder.EclipseLogger - Copying 0 resource
2026-08-28 12:25:33,508 [Worker-159: Building workspace] WARN  o.e.m.c.i.embedder.EclipseLogger - Using platform encoding (MS949 actually) to copy filtered resources, i.e. build is platform dependent!
2026-08-28 12:25:33,509 [Worker-159: Building workspace] INFO  o.e.m.c.i.embedder.EclipseLogger - Copying 1 resource
2026-08-28 12:27:56,842 [Worker-155: Building workspace] WARN  o.e.m.c.i.embedder.EclipseLogger - Using platform encoding (MS949 actually) to copy filtered resources, i.e. build is platform dependent!
2026-08-28 12:27:56,842 [Worker-155: Building workspace] INFO  o.e.m.c.i.embedder.EclipseLogger - Copying 0 resource
2026-08-28 12:27:56,843 [Worker-155: Building workspace] WARN  o.e.m.c.i.embedder.EclipseLogger - Using platform encoding (MS949 actually) to copy filtered resources, i.e. build is platform dependent!
2026-08-28 12:27:56,844 [Worker-155: Building workspace] INFO  o.e.m.c.i.embedder.EclipseLogger - Copying 1 resource
2026-08-28 12:34:35,622 [Worker-150: Building workspace] WARN  o.e.m.c.i.embedder.EclipseLogger - Using platform encoding (MS949 actually) to copy filtered resources, i.e. build is platform dependent!
2026-08-28 12:34:35,624 [Worker-150: Building workspace] INFO  o.e.m.c.i.embedder.EclipseLogger - Copying 2 resources
2026-08-28 12:34:35,625 [Worker-150: Building workspace] WARN  o.e.m.c.i.embedder.EclipseLogger - Using platform encoding (MS949 actually) to copy filtered resources, i.e. build is platform dependent!
2026-08-28 12:34:35,625 [Worker-150: Building workspace] INFO  o.e.m.c.i.embedder.EclipseLogger - Copying 0 resource
2026-08-28 12:34:50,328 [Worker-164: Building workspace] WARN  o.e.m.c.i.embedder.EclipseLogger - Using platform encoding (MS949 actually) to copy filtered resources, i.e. build is platform dependent!
2026-08-28 12:34:50,329 [Worker-164: Building workspace] INFO  o.e.m.c.i.embedder.EclipseLogger - Copying 2 resources
2026-08-28 12:34:50,330 [Worker-164: Building workspace] WARN  o.e.m.c.i.embedder.EclipseLogger - Using platform encoding (MS949 actually) to copy filtered resources, i.e. build is platform dependent!
2026-08-28 12:34:50,331 [Worker-164: Building workspace] INFO  o.e.m.c.i.embedder.EclipseLogger - Copying 0 resource
2026-08-28 12:38:28,200 [Worker-159: Building workspace] WARN  o.e.m.c.i.embedder.EclipseLogger - Using platform encoding (MS949 actually) to copy filtered resources, i.e. build is platform dependent!
2026-08-28 12:38:28,202 [Worker-159: Building workspace] INFO  o.e.m.c.i.embedder.EclipseLogger - Copying 2 resources
2026-08-28 12:38:28,203 [Worker-159: Building workspace] WARN  o.e.m.c.i.embedder.EclipseLogger - Using platform encoding (MS949 actually) to copy filtered resources, i.e. build is platform dependent!
2026-08-28 12:38:28,204 [Worker-159: Building workspace] INFO  o.e.m.c.i.embedder.EclipseLogger - Copying 0 resource
2026-08-28 12:38:47,235 [Worker-166: Building workspace] WARN  o.e.m.c.i.embedder.EclipseLogger - Using platform encoding (MS949 actually) to copy filtered resources, i.e. build is platform dependent!
2026-08-28 12:38:47,236 [Worker-166: Building workspace] INFO  o.e.m.c.i.embedder.EclipseLogger - Copying 2 resources
2026-08-28 12:38:47,237 [Worker-166: Building workspace] WARN  o.e.m.c.i.embedder.EclipseLogger - Using platform encoding (MS949 actually) to copy filtered resources, i.e. build is platform dependent!
2026-08-28 12:38:47,238 [Worker-166: Building workspace] INFO  o.e.m.c.i.embedder.EclipseLogger - Copying 0 resource
2026-08-28 12:41:22,509 [Worker-164: Building workspace] WARN  o.e.m.c.i.embedder.EclipseLogger - Using platform encoding (MS949 actually) to copy filtered resources, i.e. build is platform dependent!
2026-08-28 12:41:22,511 [Worker-164: Building workspace] INFO  o.e.m.c.i.embedder.EclipseLogger - Copying 2 resources
2026-08-28 12:41:22,511 [Worker-164: Building workspace] WARN  o.e.m.c.i.embedder.EclipseLogger - Using platform encoding (MS949 actually) to copy filtered resources, i.e. build is platform dependent!
2026-08-28 12:41:22,512 [Worker-164: Building workspace] INFO  o.e.m.c.i.embedder.EclipseLogger - Copying 0 resource
2026-08-28 12:41:35,425 [Worker-164: Building workspace] WARN  o.e.m.c.i.embedder.EclipseLogger - Using platform encoding (MS949 actually) to copy filtered resources, i.e. build is platform dependent!
2026-08-28 12:41:35,426 [Worker-164: Building workspace] INFO  o.e.m.c.i.embedder.EclipseLogger - Copying 2 resources
2026-08-28 12:41:35,427 [Worker-164: Building workspace] WARN  o.e.m.c.i.embedder.EclipseLogger - Using platform encoding (MS949 actually) to copy filtered resources, i.e. build is platform dependent!
2026-08-28 12:41:35,428 [Worker-164: Building workspace] INFO  o.e.m.c.i.embedder.EclipseLogger - Copying 0 resource
2026-08-28 12:44:13,776 [Worker-164: Building workspace] WARN  o.e.m.c.i.embedder.EclipseLogger - Using platform encoding (MS949 actually) to copy filtered resources, i.e. build is platform dependent!
2026-08-28 12:44:13,777 [Worker-164: Building workspace] INFO  o.e.m.c.i.embedder.EclipseLogger - Copying 0 resource
2026-08-28 12:44:13,778 [Worker-164: Building workspace] WARN  o.e.m.c.i.embedder.EclipseLogger - Using platform encoding (MS949 actually) to copy filtered resources, i.e. build is platform dependent!
2026-08-28 12:44:13,778 [Worker-164: Building workspace] INFO  o.e.m.c.i.embedder.EclipseLogger - Copying 0 resource
2026-08-28 12:44:25,878 [Worker-164: Building workspace] WARN  o.e.m.c.i.embedder.EclipseLogger - Using platform encoding (MS949 actually) to copy filtered resources, i.e. build is platform dependent!
2026-08-28 12:44:25,879 [Worker-164: Building workspace] INFO  o.e.m.c.i.embedder.EclipseLogger - Copying 0 resource
2026-08-28 12:44:25,879 [Worker-164: Building workspace] WARN  o.e.m.c.i.embedder.EclipseLogger - Using platform encoding (MS949 actually) to copy filtered resources, i.e. build is platform dependent!
2026-08-28 12:44:25,880 [Worker-164: Building workspace] INFO  o.e.m.c.i.embedder.EclipseLogger - Copying 0 resource
2026-08-28 12:44:36,915 [Worker-168: Building workspace] WARN  o.e.m.c.i.embedder.EclipseLogger - Using platform encoding (MS949 actually) to copy filtered resources, i.e. build is platform dependent!
2026-08-28 12:44:36,916 [Worker-168: Building workspace] INFO  o.e.m.c.i.embedder.EclipseLogger - Copying 0 resource
2026-08-28 12:44:36,917 [Worker-168: Building workspace] WARN  o.e.m.c.i.embedder.EclipseLogger - Using platform encoding (MS949 actually) to copy filtered resources, i.e. build is platform dependent!
2026-08-28 12:44:36,918 [Worker-168: Building workspace] INFO  o.e.m.c.i.embedder.EclipseLogger - Copying 0 resource
2026-08-28 12:44:45,431 [Worker-168: Building workspace] WARN  o.e.m.c.i.embedder.EclipseLogger - Using platform encoding (MS949 actually) to copy filtered resources, i.e. build is platform dependent!
2026-08-28 12:44:45,432 [Worker-168: Building workspace] INFO  o.e.m.c.i.embedder.EclipseLogger - Copying 0 resource
2026-08-28 12:44:45,433 [Worker-168: Building workspace] WARN  o.e.m.c.i.embedder.EclipseLogger - Using platform encoding (MS949 actually) to copy filtered resources, i.e. build is platform dependent!
2026-08-28 12:44:45,434 [Worker-168: Building workspace] INFO  o.e.m.c.i.embedder.EclipseLogger - Copying 0 resource
2026-08-28 12:44:54,481 [Worker-159: Building workspace] WARN  o.e.m.c.i.embedder.EclipseLogger - Using platform encoding (MS949 actually) to copy filtered resources, i.e. build is platform dependent!
2026-08-28 12:44:54,481 [Worker-159: Building workspace] INFO  o.e.m.c.i.embedder.EclipseLogger - Copying 0 resource
2026-08-28 12:44:54,482 [Worker-159: Building workspace] WARN  o.e.m.c.i.embedder.EclipseLogger - Using platform encoding (MS949 actually) to copy filtered resources, i.e. build is platform dependent!
2026-08-28 12:44:54,483 [Worker-159: Building workspace] INFO  o.e.m.c.i.embedder.EclipseLogger - Copying 0 resource
2026-08-28 12:46:42,041 [Worker-164: Building workspace] WARN  o.e.m.c.i.embedder.EclipseLogger - Using platform encoding (MS949 actually) to copy filtered resources, i.e. build is platform dependent!
2026-08-28 12:46:42,043 [Worker-164: Building workspace] INFO  o.e.m.c.i.embedder.EclipseLogger - Copying 1 resource
2026-08-28 12:46:42,045 [Worker-164: Building workspace] WARN  o.e.m.c.i.embedder.EclipseLogger - Using platform encoding (MS949 actually) to copy filtered resources, i.e. build is platform dependent!
2026-08-28 12:46:42,046 [Worker-164: Building workspace] INFO  o.e.m.c.i.embedder.EclipseLogger - Copying 0 resource
2026-08-28 12:50:03,327 [Worker-168: Building workspace] WARN  o.e.m.c.i.embedder.EclipseLogger - Using platform encoding (MS949 actually) to copy filtered resources, i.e. build is platform dependent!
2026-08-28 12:50:03,328 [Worker-168: Building workspace] INFO  o.e.m.c.i.embedder.EclipseLogger - Copying 1 resource
2026-08-28 12:50:03,330 [Worker-168: Building workspace] WARN  o.e.m.c.i.embedder.EclipseLogger - Using platform encoding (MS949 actually) to copy filtered resources, i.e. build is platform dependent!
2026-08-28 12:50:03,331 [Worker-168: Building workspace] INFO  o.e.m.c.i.embedder.EclipseLogger - Copying 0 resource
2026-08-28 12:51:12,621 [Worker-159: Building workspace] WARN  o.e.m.c.i.embedder.EclipseLogger - Using platform encoding (MS949 actually) to copy filtered resources, i.e. build is platform dependent!
2026-08-28 12:51:12,623 [Worker-159: Building workspace] INFO  o.e.m.c.i.embedder.EclipseLogger - Copying 1 resource
2026-08-28 12:51:12,627 [Worker-159: Building workspace] WARN  o.e.m.c.i.embedder.EclipseLogger - Using platform encoding (MS949 actually) to copy filtered resources, i.e. build is platform dependent!
2026-08-28 12:51:12,628 [Worker-159: Building workspace] INFO  o.e.m.c.i.embedder.EclipseLogger - Copying 0 resource
2026-08-28 14:06:22,818 [Worker-184: Building workspace] WARN  o.e.m.c.i.embedder.EclipseLogger - Using platform encoding (MS949 actually) to copy filtered resources, i.e. build is platform dependent!
2026-08-28 14:06:22,821 [Worker-184: Building workspace] INFO  o.e.m.c.i.embedder.EclipseLogger - Copying 3 resources
2026-08-28 14:06:22,822 [Worker-184: Building workspace] WARN  o.e.m.c.i.embedder.EclipseLogger - Using platform encoding (MS949 actually) to copy filtered resources, i.e. build is platform dependent!
2026-08-28 14:06:22,824 [Worker-184: Building workspace] INFO  o.e.m.c.i.embedder.EclipseLogger - Copying 0 resource
2026-08-28 14:07:16,488 [Worker-184: Building workspace] WARN  o.e.m.c.i.embedder.EclipseLogger - Using platform encoding (MS949 actually) to copy filtered resources, i.e. build is platform dependent!
2026-08-28 14:07:16,489 [Worker-184: Building workspace] INFO  o.e.m.c.i.embedder.EclipseLogger - Copying 0 resource
2026-08-28 14:07:16,490 [Worker-184: Building workspace] WARN  o.e.m.c.i.embedder.EclipseLogger - Using platform encoding (MS949 actually) to copy filtered resources, i.e. build is platform dependent!
2026-08-28 14:07:16,490 [Worker-184: Building workspace] INFO  o.e.m.c.i.embedder.EclipseLogger - Copying 1 resource
2026-08-28 14:07:36,039 [Worker-178: Building workspace] WARN  o.e.m.c.i.embedder.EclipseLogger - Using platform encoding (MS949 actually) to copy filtered resources, i.e. build is platform dependent!
2026-08-28 14:07:36,039 [Worker-178: Building workspace] INFO  o.e.m.c.i.embedder.EclipseLogger - Copying 0 resource
2026-08-28 14:07:36,040 [Worker-178: Building workspace] WARN  o.e.m.c.i.embedder.EclipseLogger - Using platform encoding (MS949 actually) to copy filtered resources, i.e. build is platform dependent!
2026-08-28 14:07:36,041 [Worker-178: Building workspace] INFO  o.e.m.c.i.embedder.EclipseLogger - Copying 1 resource
2026-08-28 14:08:55,577 [Worker-187: Building workspace] WARN  o.e.m.c.i.embedder.EclipseLogger - Using platform encoding (MS949 actually) to copy filtered resources, i.e. build is platform dependent!
2026-08-28 14:08:55,579 [Worker-187: Building workspace] INFO  o.e.m.c.i.embedder.EclipseLogger - Copying 0 resource
2026-08-28 14:08:55,580 [Worker-187: Building workspace] WARN  o.e.m.c.i.embedder.EclipseLogger - Using platform encoding (MS949 actually) to copy filtered resources, i.e. build is platform dependent!
2026-08-28 14:08:55,582 [Worker-187: Building workspace] INFO  o.e.m.c.i.embedder.EclipseLogger - Copying 1 resource
2026-08-28 14:11:06,831 [Worker-185: Building workspace] WARN  o.e.m.c.i.embedder.EclipseLogger - Using platform encoding (MS949 actually) to copy filtered resources, i.e. build is platform dependent!
2026-08-28 14:11:06,832 [Worker-185: Building workspace] INFO  o.e.m.c.i.embedder.EclipseLogger - Copying 0 resource
2026-08-28 14:11:06,833 [Worker-185: Building workspace] WARN  o.e.m.c.i.embedder.EclipseLogger - Using platform encoding (MS949 actually) to copy filtered resources, i.e. build is platform dependent!
2026-08-28 14:11:06,835 [Worker-185: Building workspace] INFO  o.e.m.c.i.embedder.EclipseLogger - Copying 1 resource
2026-08-28 14:11:10,516 [Worker-178: Launching BoardMapperTests] WARN  o.e.m.c.i.embedder.EclipseLogger - Using platform encoding (MS949 actually) to copy filtered resources, i.e. build is platform dependent!
2026-08-28 14:11:10,518 [Worker-178: Launching BoardMapperTests] INFO  o.e.m.c.i.embedder.EclipseLogger - Copying 3 resources
2026-08-28 14:11:10,520 [Worker-178: Launching BoardMapperTests] WARN  o.e.m.c.i.embedder.EclipseLogger - Using platform encoding (MS949 actually) to copy filtered resources, i.e. build is platform dependent!
2026-08-28 14:11:10,520 [Worker-178: Launching BoardMapperTests] INFO  o.e.m.c.i.embedder.EclipseLogger - Copying 0 resource
2026-08-28 14:14:41,790 [Worker-189: Building workspace] WARN  o.e.m.c.i.embedder.EclipseLogger - Using platform encoding (MS949 actually) to copy filtered resources, i.e. build is platform dependent!
2026-08-28 14:14:41,793 [Worker-189: Building workspace] INFO  o.e.m.c.i.embedder.EclipseLogger - Copying 3 resources
2026-08-28 14:14:41,795 [Worker-189: Building workspace] WARN  o.e.m.c.i.embedder.EclipseLogger - Using platform encoding (MS949 actually) to copy filtered resources, i.e. build is platform dependent!
2026-08-28 14:14:41,797 [Worker-189: Building workspace] INFO  o.e.m.c.i.embedder.EclipseLogger - Copying 0 resource
2026-08-28 14:16:43,191 [Worker-189: Building workspace] WARN  o.e.m.c.i.embedder.EclipseLogger - Using platform encoding (MS949 actually) to copy filtered resources, i.e. build is platform dependent!
2026-08-28 14:16:43,192 [Worker-189: Building workspace] INFO  o.e.m.c.i.embedder.EclipseLogger - Copying 0 resource
2026-08-28 14:16:43,195 [Worker-189: Building workspace] WARN  o.e.m.c.i.embedder.EclipseLogger - Using platform encoding (MS949 actually) to copy filtered resources, i.e. build is platform dependent!
2026-08-28 14:16:43,196 [Worker-189: Building workspace] INFO  o.e.m.c.i.embedder.EclipseLogger - Copying 1 resource
2026-08-28 14:16:48,077 [Worker-185: Building workspace] WARN  o.e.m.c.i.embedder.EclipseLogger - Using platform encoding (MS949 actually) to copy filtered resources, i.e. build is platform dependent!
2026-08-28 14:16:48,078 [Worker-185: Building workspace] INFO  o.e.m.c.i.embedder.EclipseLogger - Copying 0 resource
2026-08-28 14:16:48,079 [Worker-185: Building workspace] WARN  o.e.m.c.i.embedder.EclipseLogger - Using platform encoding (MS949 actually) to copy filtered resources, i.e. build is platform dependent!
2026-08-28 14:16:48,080 [Worker-185: Building workspace] INFO  o.e.m.c.i.embedder.EclipseLogger - Copying 1 resource
2026-08-28 14:17:14,583 [Worker-185: Launching BoardMapperTests] WARN  o.e.m.c.i.embedder.EclipseLogger - Using platform encoding (MS949 actually) to copy filtered resources, i.e. build is platform dependent!
2026-08-28 14:17:14,585 [Worker-185: Launching BoardMapperTests] INFO  o.e.m.c.i.embedder.EclipseLogger - Copying 3 resources
2026-08-28 14:17:14,586 [Worker-185: Launching BoardMapperTests] WARN  o.e.m.c.i.embedder.EclipseLogger - Using platform encoding (MS949 actually) to copy filtered resources, i.e. build is platform dependent!
2026-08-28 14:17:14,587 [Worker-185: Launching BoardMapperTests] INFO  o.e.m.c.i.embedder.EclipseLogger - Copying 1 resource
2026-08-28 14:17:32,867 [Worker-191: Launching BoardMapperTests] WARN  o.e.m.c.i.embedder.EclipseLogger - Using platform encoding (MS949 actually) to copy filtered resources, i.e. build is platform dependent!
2026-08-28 14:17:32,868 [Worker-191: Launching BoardMapperTests] INFO  o.e.m.c.i.embedder.EclipseLogger - Copying 0 resource
2026-08-28 14:17:32,869 [Worker-191: Launching BoardMapperTests] WARN  o.e.m.c.i.embedder.EclipseLogger - Using platform encoding (MS949 actually) to copy filtered resources, i.e. build is platform dependent!
2026-08-28 14:17:32,870 [Worker-191: Launching BoardMapperTests] INFO  o.e.m.c.i.embedder.EclipseLogger - Copying 1 resource
2026-08-28 14:19:02,664 [Worker-190: Building workspace] WARN  o.e.m.c.i.embedder.EclipseLogger - Using platform encoding (MS949 actually) to copy filtered resources, i.e. build is platform dependent!
2026-08-28 14:19:02,665 [Worker-190: Building workspace] INFO  o.e.m.c.i.embedder.EclipseLogger - Copying 1 resource
2026-08-28 14:19:02,669 [Worker-190: Building workspace] WARN  o.e.m.c.i.embedder.EclipseLogger - Using platform encoding (MS949 actually) to copy filtered resources, i.e. build is platform dependent!
2026-08-28 14:19:02,670 [Worker-190: Building workspace] INFO  o.e.m.c.i.embedder.EclipseLogger - Copying 0 resource
2026-08-28 14:23:30,961 [Worker-190: Building workspace] WARN  o.e.m.c.i.embedder.EclipseLogger - Using platform encoding (MS949 actually) to copy filtered resources, i.e. build is platform dependent!
2026-08-28 14:23:30,964 [Worker-190: Building workspace] INFO  o.e.m.c.i.embedder.EclipseLogger - Copying 3 resources
2026-08-28 14:23:30,965 [Worker-190: Building workspace] WARN  o.e.m.c.i.embedder.EclipseLogger - Using platform encoding (MS949 actually) to copy filtered resources, i.e. build is platform dependent!
2026-08-28 14:23:30,967 [Worker-190: Building workspace] INFO  o.e.m.c.i.embedder.EclipseLogger - Copying 0 resource
2026-08-28 14:33:28,500 [Worker-195: Building workspace] WARN  o.e.m.c.i.embedder.EclipseLogger - Using platform encoding (MS949 actually) to copy filtered resources, i.e. build is platform dependent!
2026-08-28 14:33:28,505 [Worker-195: Building workspace] INFO  o.e.m.c.i.embedder.EclipseLogger - Copying 3 resources
2026-08-28 14:33:28,507 [Worker-195: Building workspace] WARN  o.e.m.c.i.embedder.EclipseLogger - Using platform encoding (MS949 actually) to copy filtered resources, i.e. build is platform dependent!
2026-08-28 14:33:28,508 [Worker-195: Building workspace] INFO  o.e.m.c.i.embedder.EclipseLogger - Copying 0 resource
2026-08-28 14:33:42,343 [Worker-201: Building workspace] WARN  o.e.m.c.i.embedder.EclipseLogger - Using platform encoding (MS949 actually) to copy filtered resources, i.e. build is platform dependent!
2026-08-28 14:33:42,345 [Worker-201: Building workspace] INFO  o.e.m.c.i.embedder.EclipseLogger - Copying 3 resources
2026-08-28 14:33:42,346 [Worker-201: Building workspace] WARN  o.e.m.c.i.embedder.EclipseLogger - Using platform encoding (MS949 actually) to copy filtered resources, i.e. build is platform dependent!
2026-08-28 14:33:42,348 [Worker-201: Building workspace] INFO  o.e.m.c.i.embedder.EclipseLogger - Copying 0 resource
2026-08-28 14:34:22,497 [Worker-200: Building workspace] WARN  o.e.m.c.i.embedder.EclipseLogger - Using platform encoding (MS949 actually) to copy filtered resources, i.e. build is platform dependent!
2026-08-28 14:34:22,499 [Worker-200: Building workspace] INFO  o.e.m.c.i.embedder.EclipseLogger - Copying 3 resources
2026-08-28 14:34:22,502 [Worker-200: Building workspace] WARN  o.e.m.c.i.embedder.EclipseLogger - Using platform encoding (MS949 actually) to copy filtered resources, i.e. build is platform dependent!
2026-08-28 14:34:22,503 [Worker-200: Building workspace] INFO  o.e.m.c.i.embedder.EclipseLogger - Copying 0 resource
2026-08-28 14:34:47,516 [Worker-201: Building workspace] WARN  o.e.m.c.i.embedder.EclipseLogger - Using platform encoding (MS949 actually) to copy filtered resources, i.e. build is platform dependent!
2026-08-28 14:34:47,518 [Worker-201: Building workspace] INFO  o.e.m.c.i.embedder.EclipseLogger - Copying 3 resources
2026-08-28 14:34:47,519 [Worker-201: Building workspace] WARN  o.e.m.c.i.embedder.EclipseLogger - Using platform encoding (MS949 actually) to copy filtered resources, i.e. build is platform dependent!
2026-08-28 14:34:47,520 [Worker-201: Building workspace] INFO  o.e.m.c.i.embedder.EclipseLogger - Copying 0 resource
2026-08-28 14:35:24,336 [Worker-200: Building workspace] WARN  o.e.m.c.i.embedder.EclipseLogger - Using platform encoding (MS949 actually) to copy filtered resources, i.e. build is platform dependent!
2026-08-28 14:35:24,337 [Worker-200: Building workspace] INFO  o.e.m.c.i.embedder.EclipseLogger - Copying 0 resource
2026-08-28 14:35:24,338 [Worker-200: Building workspace] WARN  o.e.m.c.i.embedder.EclipseLogger - Using platform encoding (MS949 actually) to copy filtered resources, i.e. build is platform dependent!
2026-08-28 14:35:24,339 [Worker-200: Building workspace] INFO  o.e.m.c.i.embedder.EclipseLogger - Copying 1 resource
2026-08-28 14:35:45,968 [Worker-197: Building workspace] WARN  o.e.m.c.i.embedder.EclipseLogger - Using platform encoding (MS949 actually) to copy filtered resources, i.e. build is platform dependent!
2026-08-28 14:35:45,970 [Worker-197: Building workspace] INFO  o.e.m.c.i.embedder.EclipseLogger - Copying 0 resource
2026-08-28 14:35:45,970 [Worker-197: Building workspace] WARN  o.e.m.c.i.embedder.EclipseLogger - Using platform encoding (MS949 actually) to copy filtered resources, i.e. build is platform dependent!
2026-08-28 14:35:45,971 [Worker-197: Building workspace] INFO  o.e.m.c.i.embedder.EclipseLogger - Copying 1 resource
2026-08-28 14:42:08,807 [Worker-199: Building workspace] WARN  o.e.m.c.i.embedder.EclipseLogger - Using platform encoding (MS949 actually) to copy filtered resources, i.e. build is platform dependent!
2026-08-28 14:42:08,808 [Worker-199: Building workspace] INFO  o.e.m.c.i.embedder.EclipseLogger - Copying 0 resource
2026-08-28 14:42:08,809 [Worker-199: Building workspace] WARN  o.e.m.c.i.embedder.EclipseLogger - Using platform encoding (MS949 actually) to copy filtered resources, i.e. build is platform dependent!
2026-08-28 14:42:08,810 [Worker-199: Building workspace] INFO  o.e.m.c.i.embedder.EclipseLogger - Copying 1 resource
2026-08-28 14:42:15,670 [Worker-199: Launching BoardMapperTests] WARN  o.e.m.c.i.embedder.EclipseLogger - Using platform encoding (MS949 actually) to copy filtered resources, i.e. build is platform dependent!
2026-08-28 14:42:15,671 [Worker-199: Launching BoardMapperTests] INFO  o.e.m.c.i.embedder.EclipseLogger - Copying 1 resource
2026-08-28 14:42:15,673 [Worker-199: Launching BoardMapperTests] WARN  o.e.m.c.i.embedder.EclipseLogger - Using platform encoding (MS949 actually) to copy filtered resources, i.e. build is platform dependent!
2026-08-28 14:42:15,674 [Worker-199: Launching BoardMapperTests] INFO  o.e.m.c.i.embedder.EclipseLogger - Copying 0 resource
2026-08-28 14:44:21,148 [Worker-199: Launching BoardMapperTests] WARN  o.e.m.c.i.embedder.EclipseLogger - Using platform encoding (MS949 actually) to copy filtered resources, i.e. build is platform dependent!
2026-08-28 14:44:21,150 [Worker-199: Launching BoardMapperTests] INFO  o.e.m.c.i.embedder.EclipseLogger - Copying 0 resource
2026-08-28 14:44:21,152 [Worker-199: Launching BoardMapperTests] WARN  o.e.m.c.i.embedder.EclipseLogger - Using platform encoding (MS949 actually) to copy filtered resources, i.e. build is platform dependent!
2026-08-28 14:44:21,154 [Worker-199: Launching BoardMapperTests] INFO  o.e.m.c.i.embedder.EclipseLogger - Copying 1 resource
2026-08-28 14:45:18,681 [Worker-199: Launching BoardMapperTests] WARN  o.e.m.c.i.embedder.EclipseLogger - Using platform encoding (MS949 actually) to copy filtered resources, i.e. build is platform dependent!
2026-08-28 14:45:18,682 [Worker-199: Launching BoardMapperTests] INFO  o.e.m.c.i.embedder.EclipseLogger - Copying 0 resource
2026-08-28 14:45:18,682 [Worker-199: Launching BoardMapperTests] WARN  o.e.m.c.i.embedder.EclipseLogger - Using platform encoding (MS949 actually) to copy filtered resources, i.e. build is platform dependent!
2026-08-28 14:45:18,684 [Worker-199: Launching BoardMapperTests] INFO  o.e.m.c.i.embedder.EclipseLogger - Copying 1 resource
2026-08-28 14:50:39,277 [Worker-207: Building workspace] WARN  o.e.m.c.i.embedder.EclipseLogger - Using platform encoding (MS949 actually) to copy filtered resources, i.e. build is platform dependent!
2026-08-28 14:50:39,279 [Worker-207: Building workspace] INFO  o.e.m.c.i.embedder.EclipseLogger - Copying 1 resource
2026-08-28 14:50:39,281 [Worker-207: Building workspace] WARN  o.e.m.c.i.embedder.EclipseLogger - Using platform encoding (MS949 actually) to copy filtered resources, i.e. build is platform dependent!
2026-08-28 14:50:39,282 [Worker-207: Building workspace] INFO  o.e.m.c.i.embedder.EclipseLogger - Copying 0 resource
2026-08-28 14:52:47,323 [Worker-203: Building workspace] WARN  o.e.m.c.i.embedder.EclipseLogger - Using platform encoding (MS949 actually) to copy filtered resources, i.e. build is platform dependent!
2026-08-28 14:52:47,324 [Worker-203: Building workspace] INFO  o.e.m.c.i.embedder.EclipseLogger - Copying 1 resource
2026-08-28 14:52:47,327 [Worker-203: Building workspace] WARN  o.e.m.c.i.embedder.EclipseLogger - Using platform encoding (MS949 actually) to copy filtered resources, i.e. build is platform dependent!
2026-08-28 14:52:47,328 [Worker-203: Building workspace] INFO  o.e.m.c.i.embedder.EclipseLogger - Copying 0 resource
2026-08-28 14:54:24,299 [Worker-207: Building workspace] WARN  o.e.m.c.i.embedder.EclipseLogger - Using platform encoding (MS949 actually) to copy filtered resources, i.e. build is platform dependent!
2026-08-28 14:54:24,301 [Worker-207: Building workspace] INFO  o.e.m.c.i.embedder.EclipseLogger - Copying 1 resource
2026-08-28 14:54:24,303 [Worker-207: Building workspace] WARN  o.e.m.c.i.embedder.EclipseLogger - Using platform encoding (MS949 actually) to copy filtered resources, i.e. build is platform dependent!
2026-08-28 14:54:24,304 [Worker-207: Building workspace] INFO  o.e.m.c.i.embedder.EclipseLogger - Copying 0 resource
2026-08-28 14:55:09,876 [Worker-203: Building workspace] WARN  o.e.m.c.i.embedder.EclipseLogger - Using platform encoding (MS949 actually) to copy filtered resources, i.e. build is platform dependent!
2026-08-28 14:55:09,877 [Worker-203: Building workspace] INFO  o.e.m.c.i.embedder.EclipseLogger - Copying 0 resource
2026-08-28 14:55:09,878 [Worker-203: Building workspace] WARN  o.e.m.c.i.embedder.EclipseLogger - Using platform encoding (MS949 actually) to copy filtered resources, i.e. build is platform dependent!
2026-08-28 14:55:09,879 [Worker-203: Building workspace] INFO  o.e.m.c.i.embedder.EclipseLogger - Copying 1 resource
2026-08-28 14:55:15,640 [Worker-207: Building workspace] WARN  o.e.m.c.i.embedder.EclipseLogger - Using platform encoding (MS949 actually) to copy filtered resources, i.e. build is platform dependent!
2026-08-28 14:55:15,641 [Worker-207: Building workspace] INFO  o.e.m.c.i.embedder.EclipseLogger - Copying 0 resource
2026-08-28 14:55:15,642 [Worker-207: Building workspace] WARN  o.e.m.c.i.embedder.EclipseLogger - Using platform encoding (MS949 actually) to copy filtered resources, i.e. build is platform dependent!
2026-08-28 14:55:15,643 [Worker-207: Building workspace] INFO  o.e.m.c.i.embedder.EclipseLogger - Copying 1 resource
2026-08-28 14:55:36,792 [Worker-203: Building workspace] WARN  o.e.m.c.i.embedder.EclipseLogger - Using platform encoding (MS949 actually) to copy filtered resources, i.e. build is platform dependent!
2026-08-28 14:55:36,793 [Worker-203: Building workspace] INFO  o.e.m.c.i.embedder.EclipseLogger - Copying 0 resource
2026-08-28 14:55:36,793 [Worker-203: Building workspace] WARN  o.e.m.c.i.embedder.EclipseLogger - Using platform encoding (MS949 actually) to copy filtered resources, i.e. build is platform dependent!
2026-08-28 14:55:36,794 [Worker-203: Building workspace] INFO  o.e.m.c.i.embedder.EclipseLogger - Copying 1 resource
2026-08-28 14:55:47,071 [Worker-207: Building workspace] WARN  o.e.m.c.i.embedder.EclipseLogger - Using platform encoding (MS949 actually) to copy filtered resources, i.e. build is platform dependent!
2026-08-28 14:55:47,072 [Worker-207: Building workspace] INFO  o.e.m.c.i.embedder.EclipseLogger - Copying 0 resource
2026-08-28 14:55:47,072 [Worker-207: Building workspace] WARN  o.e.m.c.i.embedder.EclipseLogger - Using platform encoding (MS949 actually) to copy filtered resources, i.e. build is platform dependent!
2026-08-28 14:55:47,073 [Worker-207: Building workspace] INFO  o.e.m.c.i.embedder.EclipseLogger - Copying 1 resource
2026-08-28 14:55:58,091 [Worker-206: Building workspace] WARN  o.e.m.c.i.embedder.EclipseLogger - Using platform encoding (MS949 actually) to copy filtered resources, i.e. build is platform dependent!
2026-08-28 14:55:58,091 [Worker-206: Building workspace] INFO  o.e.m.c.i.embedder.EclipseLogger - Copying 0 resource
2026-08-28 14:55:58,092 [Worker-206: Building workspace] WARN  o.e.m.c.i.embedder.EclipseLogger - Using platform encoding (MS949 actually) to copy filtered resources, i.e. build is platform dependent!
2026-08-28 14:55:58,093 [Worker-206: Building workspace] INFO  o.e.m.c.i.embedder.EclipseLogger - Copying 1 resource
2026-08-28 15:04:01,829 [Worker-210: Launching BoardMapperTests] WARN  o.e.m.c.i.embedder.EclipseLogger - Using platform encoding (MS949 actually) to copy filtered resources, i.e. build is platform dependent!
2026-08-28 15:04:01,832 [Worker-210: Launching BoardMapperTests] INFO  o.e.m.c.i.embedder.EclipseLogger - Copying 1 resource
2026-08-28 15:04:01,836 [Worker-210: Launching BoardMapperTests] WARN  o.e.m.c.i.embedder.EclipseLogger - Using platform encoding (MS949 actually) to copy filtered resources, i.e. build is platform dependent!
2026-08-28 15:04:01,838 [Worker-210: Launching BoardMapperTests] INFO  o.e.m.c.i.embedder.EclipseLogger - Copying 1 resource
2026-08-28 15:06:33,709 [Worker-215: Building workspace] WARN  o.e.m.c.i.embedder.EclipseLogger - Using platform encoding (MS949 actually) to copy filtered resources, i.e. build is platform dependent!
2026-08-28 15:06:33,711 [Worker-215: Building workspace] INFO  o.e.m.c.i.embedder.EclipseLogger - Copying 0 resource
2026-08-28 15:06:33,713 [Worker-215: Building workspace] WARN  o.e.m.c.i.embedder.EclipseLogger - Using platform encoding (MS949 actually) to copy filtered resources, i.e. build is platform dependent!
2026-08-28 15:06:33,715 [Worker-215: Building workspace] INFO  o.e.m.c.i.embedder.EclipseLogger - Copying 1 resource
2026-08-28 15:06:38,322 [Worker-213: Building workspace] WARN  o.e.m.c.i.embedder.EclipseLogger - Using platform encoding (MS949 actually) to copy filtered resources, i.e. build is platform dependent!
2026-08-28 15:06:38,323 [Worker-213: Building workspace] INFO  o.e.m.c.i.embedder.EclipseLogger - Copying 0 resource
2026-08-28 15:06:38,324 [Worker-213: Building workspace] WARN  o.e.m.c.i.embedder.EclipseLogger - Using platform encoding (MS949 actually) to copy filtered resources, i.e. build is platform dependent!
2026-08-28 15:06:38,325 [Worker-213: Building workspace] INFO  o.e.m.c.i.embedder.EclipseLogger - Copying 1 resource
2026-08-28 15:06:44,192 [Worker-215: Building workspace] WARN  o.e.m.c.i.embedder.EclipseLogger - Using platform encoding (MS949 actually) to copy filtered resources, i.e. build is platform dependent!
2026-08-28 15:06:44,194 [Worker-215: Building workspace] INFO  o.e.m.c.i.embedder.EclipseLogger - Copying 0 resource
2026-08-28 15:06:44,195 [Worker-215: Building workspace] WARN  o.e.m.c.i.embedder.EclipseLogger - Using platform encoding (MS949 actually) to copy filtered resources, i.e. build is platform dependent!
2026-08-28 15:06:44,197 [Worker-215: Building workspace] INFO  o.e.m.c.i.embedder.EclipseLogger - Copying 1 resource
2026-08-28 15:07:35,921 [Worker-213: Building workspace] WARN  o.e.m.c.i.embedder.EclipseLogger - Using platform encoding (MS949 actually) to copy filtered resources, i.e. build is platform dependent!
2026-08-28 15:07:35,922 [Worker-213: Building workspace] INFO  o.e.m.c.i.embedder.EclipseLogger - Copying 0 resource
2026-08-28 15:07:35,923 [Worker-213: Building workspace] WARN  o.e.m.c.i.embedder.EclipseLogger - Using platform encoding (MS949 actually) to copy filtered resources, i.e. build is platform dependent!
2026-08-28 15:07:35,923 [Worker-213: Building workspace] INFO  o.e.m.c.i.embedder.EclipseLogger - Copying 1 resource
2026-08-28 15:07:48,489 [Worker-215: Building workspace] WARN  o.e.m.c.i.embedder.EclipseLogger - Using platform encoding (MS949 actually) to copy filtered resources, i.e. build is platform dependent!
2026-08-28 15:07:48,491 [Worker-215: Building workspace] INFO  o.e.m.c.i.embedder.EclipseLogger - Copying 0 resource
2026-08-28 15:07:48,492 [Worker-215: Building workspace] WARN  o.e.m.c.i.embedder.EclipseLogger - Using platform encoding (MS949 actually) to copy filtered resources, i.e. build is platform dependent!
2026-08-28 15:07:48,493 [Worker-215: Building workspace] INFO  o.e.m.c.i.embedder.EclipseLogger - Copying 1 resource
2026-08-28 15:10:21,285 [Worker-207: Building workspace] WARN  o.e.m.c.i.embedder.EclipseLogger - Using platform encoding (MS949 actually) to copy filtered resources, i.e. build is platform dependent!
2026-08-28 15:10:21,286 [Worker-207: Building workspace] INFO  o.e.m.c.i.embedder.EclipseLogger - Copying 0 resource
2026-08-28 15:10:21,287 [Worker-207: Building workspace] WARN  o.e.m.c.i.embedder.EclipseLogger - Using platform encoding (MS949 actually) to copy filtered resources, i.e. build is platform dependent!
2026-08-28 15:10:21,287 [Worker-207: Building workspace] INFO  o.e.m.c.i.embedder.EclipseLogger - Copying 1 resource
2026-08-28 15:13:11,715 [Worker-213: Building workspace] WARN  o.e.m.c.i.embedder.EclipseLogger - Using platform encoding (MS949 actually) to copy filtered resources, i.e. build is platform dependent!
2026-08-28 15:13:11,716 [Worker-213: Building workspace] INFO  o.e.m.c.i.embedder.EclipseLogger - Copying 0 resource
2026-08-28 15:13:11,717 [Worker-213: Building workspace] WARN  o.e.m.c.i.embedder.EclipseLogger - Using platform encoding (MS949 actually) to copy filtered resources, i.e. build is platform dependent!
2026-08-28 15:13:11,718 [Worker-213: Building workspace] INFO  o.e.m.c.i.embedder.EclipseLogger - Copying 1 resource
2026-08-28 15:13:25,234 [Worker-212: Building workspace] WARN  o.e.m.c.i.embedder.EclipseLogger - Using platform encoding (MS949 actually) to copy filtered resources, i.e. build is platform dependent!
2026-08-28 15:13:25,235 [Worker-212: Building workspace] INFO  o.e.m.c.i.embedder.EclipseLogger - Copying 0 resource
2026-08-28 15:13:25,236 [Worker-212: Building workspace] WARN  o.e.m.c.i.embedder.EclipseLogger - Using platform encoding (MS949 actually) to copy filtered resources, i.e. build is platform dependent!
2026-08-28 15:13:25,237 [Worker-212: Building workspace] INFO  o.e.m.c.i.embedder.EclipseLogger - Copying 1 resource
2026-08-28 15:13:27,999 [Worker-214: Building workspace] WARN  o.e.m.c.i.embedder.EclipseLogger - Using platform encoding (MS949 actually) to copy filtered resources, i.e. build is platform dependent!
2026-08-28 15:13:28,000 [Worker-214: Building workspace] INFO  o.e.m.c.i.embedder.EclipseLogger - Copying 0 resource
2026-08-28 15:13:28,000 [Worker-214: Building workspace] WARN  o.e.m.c.i.embedder.EclipseLogger - Using platform encoding (MS949 actually) to copy filtered resources, i.e. build is platform dependent!
2026-08-28 15:13:28,001 [Worker-214: Building workspace] INFO  o.e.m.c.i.embedder.EclipseLogger - Copying 1 resource
2026-08-28 15:14:09,451 [Worker-218: Building workspace] WARN  o.e.m.c.i.embedder.EclipseLogger - Using platform encoding (MS949 actually) to copy filtered resources, i.e. build is platform dependent!
2026-08-28 15:14:09,453 [Worker-218: Building workspace] INFO  o.e.m.c.i.embedder.EclipseLogger - Copying 0 resource
2026-08-28 15:14:09,454 [Worker-218: Building workspace] WARN  o.e.m.c.i.embedder.EclipseLogger - Using platform encoding (MS949 actually) to copy filtered resources, i.e. build is platform dependent!
2026-08-28 15:14:09,455 [Worker-218: Building workspace] INFO  o.e.m.c.i.embedder.EclipseLogger - Copying 1 resource
2026-08-28 15:14:18,916 [Worker-213: Building workspace] WARN  o.e.m.c.i.embedder.EclipseLogger - Using platform encoding (MS949 actually) to copy filtered resources, i.e. build is platform dependent!
2026-08-28 15:14:18,917 [Worker-213: Building workspace] INFO  o.e.m.c.i.embedder.EclipseLogger - Copying 0 resource
2026-08-28 15:14:18,917 [Worker-213: Building workspace] WARN  o.e.m.c.i.embedder.EclipseLogger - Using platform encoding (MS949 actually) to copy filtered resources, i.e. build is platform dependent!
2026-08-28 15:14:18,918 [Worker-213: Building workspace] INFO  o.e.m.c.i.embedder.EclipseLogger - Copying 1 resource
2026-08-28 15:15:03,135 [Worker-219: Building workspace] WARN  o.e.m.c.i.embedder.EclipseLogger - Using platform encoding (MS949 actually) to copy filtered resources, i.e. build is platform dependent!
2026-08-28 15:15:03,136 [Worker-219: Building workspace] INFO  o.e.m.c.i.embedder.EclipseLogger - Copying 0 resource
2026-08-28 15:15:03,137 [Worker-219: Building workspace] WARN  o.e.m.c.i.embedder.EclipseLogger - Using platform encoding (MS949 actually) to copy filtered resources, i.e. build is platform dependent!
2026-08-28 15:15:03,137 [Worker-219: Building workspace] INFO  o.e.m.c.i.embedder.EclipseLogger - Copying 1 resource
2026-08-28 15:16:20,763 [Worker-218: Building workspace] WARN  o.e.m.c.i.embedder.EclipseLogger - Using platform encoding (MS949 actually) to copy filtered resources, i.e. build is platform dependent!
2026-08-28 15:16:20,764 [Worker-218: Building workspace] INFO  o.e.m.c.i.embedder.EclipseLogger - Copying 0 resource
2026-08-28 15:16:20,764 [Worker-218: Building workspace] WARN  o.e.m.c.i.embedder.EclipseLogger - Using platform encoding (MS949 actually) to copy filtered resources, i.e. build is platform dependent!
2026-08-28 15:16:20,765 [Worker-218: Building workspace] INFO  o.e.m.c.i.embedder.EclipseLogger - Copying 1 resource
2026-08-28 15:16:30,622 [Worker-216: Building workspace] WARN  o.e.m.c.i.embedder.EclipseLogger - Using platform encoding (MS949 actually) to copy filtered resources, i.e. build is platform dependent!
2026-08-28 15:16:30,623 [Worker-216: Building workspace] INFO  o.e.m.c.i.embedder.EclipseLogger - Copying 0 resource
2026-08-28 15:16:30,623 [Worker-216: Building workspace] WARN  o.e.m.c.i.embedder.EclipseLogger - Using platform encoding (MS949 actually) to copy filtered resources, i.e. build is platform dependent!
2026-08-28 15:16:30,624 [Worker-216: Building workspace] INFO  o.e.m.c.i.embedder.EclipseLogger - Copying 1 resource
2026-08-28 15:16:57,818 [Worker-216: Building workspace] WARN  o.e.m.c.i.embedder.EclipseLogger - Using platform encoding (MS949 actually) to copy filtered resources, i.e. build is platform dependent!
2026-08-28 15:16:57,819 [Worker-216: Building workspace] INFO  o.e.m.c.i.embedder.EclipseLogger - Copying 0 resource
2026-08-28 15:16:57,819 [Worker-216: Building workspace] WARN  o.e.m.c.i.embedder.EclipseLogger - Using platform encoding (MS949 actually) to copy filtered resources, i.e. build is platform dependent!
2026-08-28 15:16:57,820 [Worker-216: Building workspace] INFO  o.e.m.c.i.embedder.EclipseLogger - Copying 1 resource
2026-08-28 15:17:41,698 [Worker-212: Building workspace] WARN  o.e.m.c.i.embedder.EclipseLogger - Using platform encoding (MS949 actually) to copy filtered resources, i.e. build is platform dependent!
2026-08-28 15:17:41,700 [Worker-212: Building workspace] INFO  o.e.m.c.i.embedder.EclipseLogger - Copying 0 resource
2026-08-28 15:17:41,700 [Worker-212: Building workspace] WARN  o.e.m.c.i.embedder.EclipseLogger - Using platform encoding (MS949 actually) to copy filtered resources, i.e. build is platform dependent!
2026-08-28 15:17:41,702 [Worker-212: Building workspace] INFO  o.e.m.c.i.embedder.EclipseLogger - Copying 1 resource
2026-08-28 15:21:25,376 [Worker-221: Launching BoardMapperTests] WARN  o.e.m.c.i.embedder.EclipseLogger - Using platform encoding (MS949 actually) to copy filtered resources, i.e. build is platform dependent!
2026-08-28 15:21:25,377 [Worker-221: Launching BoardMapperTests] INFO  o.e.m.c.i.embedder.EclipseLogger - Copying 0 resource
2026-08-28 15:21:25,378 [Worker-221: Launching BoardMapperTests] WARN  o.e.m.c.i.embedder.EclipseLogger - Using platform encoding (MS949 actually) to copy filtered resources, i.e. build is platform dependent!
2026-08-28 15:21:25,378 [Worker-221: Launching BoardMapperTests] INFO  o.e.m.c.i.embedder.EclipseLogger - Copying 1 resource
2026-08-28 15:22:48,268 [Worker-213: Building workspace] WARN  o.e.m.c.i.embedder.EclipseLogger - Using platform encoding (MS949 actually) to copy filtered resources, i.e. build is platform dependent!
2026-08-28 15:22:48,269 [Worker-213: Building workspace] INFO  o.e.m.c.i.embedder.EclipseLogger - Copying 0 resource
2026-08-28 15:22:48,269 [Worker-213: Building workspace] WARN  o.e.m.c.i.embedder.EclipseLogger - Using platform encoding (MS949 actually) to copy filtered resources, i.e. build is platform dependent!
2026-08-28 15:22:48,270 [Worker-213: Building workspace] INFO  o.e.m.c.i.embedder.EclipseLogger - Copying 1 resource
2026-08-28 15:23:19,937 [Worker-213: Building workspace] WARN  o.e.m.c.i.embedder.EclipseLogger - Using platform encoding (MS949 actually) to copy filtered resources, i.e. build is platform dependent!
2026-08-28 15:23:19,938 [Worker-213: Building workspace] INFO  o.e.m.c.i.embedder.EclipseLogger - Copying 1 resource
2026-08-28 15:23:19,940 [Worker-213: Building workspace] WARN  o.e.m.c.i.embedder.EclipseLogger - Using platform encoding (MS949 actually) to copy filtered resources, i.e. build is platform dependent!
2026-08-28 15:23:19,941 [Worker-213: Building workspace] INFO  o.e.m.c.i.embedder.EclipseLogger - Copying 0 resource
2026-08-28 15:26:08,489 [Worker-222: Launching BoardMapperTests] WARN  o.e.m.c.i.embedder.EclipseLogger - Using platform encoding (MS949 actually) to copy filtered resources, i.e. build is platform dependent!
2026-08-28 15:26:08,490 [Worker-222: Launching BoardMapperTests] INFO  o.e.m.c.i.embedder.EclipseLogger - Copying 0 resource
2026-08-28 15:26:08,491 [Worker-222: Launching BoardMapperTests] WARN  o.e.m.c.i.embedder.EclipseLogger - Using platform encoding (MS949 actually) to copy filtered resources, i.e. build is platform dependent!
2026-08-28 15:26:08,492 [Worker-222: Launching BoardMapperTests] INFO  o.e.m.c.i.embedder.EclipseLogger - Copying 1 resource
2026-08-28 15:29:57,541 [Worker-224: Building workspace] WARN  o.e.m.c.i.embedder.EclipseLogger - Using platform encoding (MS949 actually) to copy filtered resources, i.e. build is platform dependent!
2026-08-28 15:29:57,542 [Worker-224: Building workspace] INFO  o.e.m.c.i.embedder.EclipseLogger - Copying 0 resource
2026-08-28 15:29:57,543 [Worker-224: Building workspace] WARN  o.e.m.c.i.embedder.EclipseLogger - Using platform encoding (MS949 actually) to copy filtered resources, i.e. build is platform dependent!
2026-08-28 15:29:57,544 [Worker-224: Building workspace] INFO  o.e.m.c.i.embedder.EclipseLogger - Copying 1 resource
2026-08-28 15:35:04,637 [Worker-229: Building workspace] WARN  o.e.m.c.i.embedder.EclipseLogger - Using platform encoding (MS949 actually) to copy filtered resources, i.e. build is platform dependent!
2026-08-28 15:35:04,640 [Worker-229: Building workspace] INFO  o.e.m.c.i.embedder.EclipseLogger - Copying 1 resource
2026-08-28 15:35:04,645 [Worker-229: Building workspace] WARN  o.e.m.c.i.embedder.EclipseLogger - Using platform encoding (MS949 actually) to copy filtered resources, i.e. build is platform dependent!
2026-08-28 15:35:04,646 [Worker-229: Building workspace] INFO  o.e.m.c.i.embedder.EclipseLogger - Copying 0 resource
2026-08-28 15:36:32,288 [Worker-229: Building workspace] WARN  o.e.m.c.i.embedder.EclipseLogger - Using platform encoding (MS949 actually) to copy filtered resources, i.e. build is platform dependent!
2026-08-28 15:36:32,289 [Worker-229: Building workspace] INFO  o.e.m.c.i.embedder.EclipseLogger - Copying 1 resource
2026-08-28 15:36:32,292 [Worker-229: Building workspace] WARN  o.e.m.c.i.embedder.EclipseLogger - Using platform encoding (MS949 actually) to copy filtered resources, i.e. build is platform dependent!
2026-08-28 15:36:32,293 [Worker-229: Building workspace] INFO  o.e.m.c.i.embedder.EclipseLogger - Copying 0 resource
2026-08-28 15:37:07,684 [Worker-230: Building workspace] WARN  o.e.m.c.i.embedder.EclipseLogger - Using platform encoding (MS949 actually) to copy filtered resources, i.e. build is platform dependent!
2026-08-28 15:37:07,686 [Worker-230: Building workspace] INFO  o.e.m.c.i.embedder.EclipseLogger - Copying 1 resource
2026-08-28 15:37:07,697 [Worker-230: Building workspace] WARN  o.e.m.c.i.embedder.EclipseLogger - Using platform encoding (MS949 actually) to copy filtered resources, i.e. build is platform dependent!
2026-08-28 15:37:07,700 [Worker-230: Building workspace] INFO  o.e.m.c.i.embedder.EclipseLogger - Copying 0 resource
2026-08-28 15:37:10,534 [Worker-234: Building workspace] WARN  o.e.m.c.i.embedder.EclipseLogger - Using platform encoding (MS949 actually) to copy filtered resources, i.e. build is platform dependent!
2026-08-28 15:37:10,536 [Worker-234: Building workspace] INFO  o.e.m.c.i.embedder.EclipseLogger - Copying 1 resource
2026-08-28 15:37:10,539 [Worker-234: Building workspace] WARN  o.e.m.c.i.embedder.EclipseLogger - Using platform encoding (MS949 actually) to copy filtered resources, i.e. build is platform dependent!
2026-08-28 15:37:10,540 [Worker-234: Building workspace] INFO  o.e.m.c.i.embedder.EclipseLogger - Copying 0 resource
2026-08-28 15:40:41,369 [Worker-234: Building workspace] WARN  o.e.m.c.i.embedder.EclipseLogger - Using platform encoding (MS949 actually) to copy filtered resources, i.e. build is platform dependent!
2026-08-28 15:40:41,370 [Worker-234: Building workspace] INFO  o.e.m.c.i.embedder.EclipseLogger - Copying 0 resource
2026-08-28 15:40:41,370 [Worker-234: Building workspace] WARN  o.e.m.c.i.embedder.EclipseLogger - Using platform encoding (MS949 actually) to copy filtered resources, i.e. build is platform dependent!
2026-08-28 15:40:41,371 [Worker-234: Building workspace] INFO  o.e.m.c.i.embedder.EclipseLogger - Copying 1 resource
2026-08-28 15:41:16,377 [Worker-230: Building workspace] WARN  o.e.m.c.i.embedder.EclipseLogger - Using platform encoding (MS949 actually) to copy filtered resources, i.e. build is platform dependent!
2026-08-28 15:41:16,378 [Worker-230: Building workspace] INFO  o.e.m.c.i.embedder.EclipseLogger - Copying 0 resource
2026-08-28 15:41:16,378 [Worker-230: Building workspace] WARN  o.e.m.c.i.embedder.EclipseLogger - Using platform encoding (MS949 actually) to copy filtered resources, i.e. build is platform dependent!
2026-08-28 15:41:16,379 [Worker-230: Building workspace] INFO  o.e.m.c.i.embedder.EclipseLogger - Copying 1 resource
2026-08-28 15:41:28,990 [Worker-234: Building workspace] WARN  o.e.m.c.i.embedder.EclipseLogger - Using platform encoding (MS949 actually) to copy filtered resources, i.e. build is platform dependent!
2026-08-28 15:41:28,992 [Worker-234: Building workspace] INFO  o.e.m.c.i.embedder.EclipseLogger - Copying 0 resource
2026-08-28 15:41:28,993 [Worker-234: Building workspace] WARN  o.e.m.c.i.embedder.EclipseLogger - Using platform encoding (MS949 actually) to copy filtered resources, i.e. build is platform dependent!
2026-08-28 15:41:28,994 [Worker-234: Building workspace] INFO  o.e.m.c.i.embedder.EclipseLogger - Copying 1 resource
2026-08-28 15:42:01,431 [Worker-230: Building workspace] WARN  o.e.m.c.i.embedder.EclipseLogger - Using platform encoding (MS949 actually) to copy filtered resources, i.e. build is platform dependent!
2026-08-28 15:42:01,432 [Worker-230: Building workspace] INFO  o.e.m.c.i.embedder.EclipseLogger - Copying 0 resource
2026-08-28 15:42:01,433 [Worker-230: Building workspace] WARN  o.e.m.c.i.embedder.EclipseLogger - Using platform encoding (MS949 actually) to copy filtered resources, i.e. build is platform dependent!
2026-08-28 15:42:01,434 [Worker-230: Building workspace] INFO  o.e.m.c.i.embedder.EclipseLogger - Copying 1 resource
2026-08-28 15:42:11,856 [Worker-239: Building workspace] WARN  o.e.m.c.i.embedder.EclipseLogger - Using platform encoding (MS949 actually) to copy filtered resources, i.e. build is platform dependent!
2026-08-28 15:42:11,858 [Worker-239: Building workspace] INFO  o.e.m.c.i.embedder.EclipseLogger - Copying 0 resource
2026-08-28 15:42:11,859 [Worker-239: Building workspace] WARN  o.e.m.c.i.embedder.EclipseLogger - Using platform encoding (MS949 actually) to copy filtered resources, i.e. build is platform dependent!
2026-08-28 15:42:11,861 [Worker-239: Building workspace] INFO  o.e.m.c.i.embedder.EclipseLogger - Copying 1 resource
2026-08-28 15:48:27,181 [Worker-234: Building workspace] WARN  o.e.m.c.i.embedder.EclipseLogger - Using platform encoding (MS949 actually) to copy filtered resources, i.e. build is platform dependent!
2026-08-28 15:48:27,182 [Worker-234: Building workspace] INFO  o.e.m.c.i.embedder.EclipseLogger - Copying 3 resources
2026-08-28 15:48:27,183 [Worker-234: Building workspace] WARN  o.e.m.c.i.embedder.EclipseLogger - Using platform encoding (MS949 actually) to copy filtered resources, i.e. build is platform dependent!
2026-08-28 15:48:27,184 [Worker-234: Building workspace] INFO  o.e.m.c.i.embedder.EclipseLogger - Copying 0 resource
2026-08-28 15:48:45,406 [Worker-236: Building workspace] WARN  o.e.m.c.i.embedder.EclipseLogger - Using platform encoding (MS949 actually) to copy filtered resources, i.e. build is platform dependent!
2026-08-28 15:48:45,408 [Worker-236: Building workspace] INFO  o.e.m.c.i.embedder.EclipseLogger - Copying 3 resources
2026-08-28 15:48:45,409 [Worker-236: Building workspace] WARN  o.e.m.c.i.embedder.EclipseLogger - Using platform encoding (MS949 actually) to copy filtered resources, i.e. build is platform dependent!
2026-08-28 15:48:45,411 [Worker-236: Building workspace] INFO  o.e.m.c.i.embedder.EclipseLogger - Copying 0 resource
2026-08-28 15:49:05,344 [Worker-241: Building workspace] WARN  o.e.m.c.i.embedder.EclipseLogger - Using platform encoding (MS949 actually) to copy filtered resources, i.e. build is platform dependent!
2026-08-28 15:49:05,346 [Worker-241: Building workspace] INFO  o.e.m.c.i.embedder.EclipseLogger - Copying 3 resources
2026-08-28 15:49:05,346 [Worker-241: Building workspace] WARN  o.e.m.c.i.embedder.EclipseLogger - Using platform encoding (MS949 actually) to copy filtered resources, i.e. build is platform dependent!
2026-08-28 15:49:05,347 [Worker-241: Building workspace] INFO  o.e.m.c.i.embedder.EclipseLogger - Copying 0 resource
2026-08-28 15:51:09,138 [Worker-242: Building workspace] WARN  o.e.m.c.i.embedder.EclipseLogger - Using platform encoding (MS949 actually) to copy filtered resources, i.e. build is platform dependent!
2026-08-28 15:51:09,140 [Worker-242: Building workspace] INFO  o.e.m.c.i.embedder.EclipseLogger - Copying 0 resource
2026-08-28 15:51:09,141 [Worker-242: Building workspace] WARN  o.e.m.c.i.embedder.EclipseLogger - Using platform encoding (MS949 actually) to copy filtered resources, i.e. build is platform dependent!
2026-08-28 15:51:09,143 [Worker-242: Building workspace] INFO  o.e.m.c.i.embedder.EclipseLogger - Copying 1 resource
2026-08-28 15:51:31,459 [Worker-240: Building workspace] WARN  o.e.m.c.i.embedder.EclipseLogger - Using platform encoding (MS949 actually) to copy filtered resources, i.e. build is platform dependent!
2026-08-28 15:51:31,460 [Worker-240: Building workspace] INFO  o.e.m.c.i.embedder.EclipseLogger - Copying 0 resource
2026-08-28 15:51:31,460 [Worker-240: Building workspace] WARN  o.e.m.c.i.embedder.EclipseLogger - Using platform encoding (MS949 actually) to copy filtered resources, i.e. build is platform dependent!
2026-08-28 15:51:31,462 [Worker-240: Building workspace] INFO  o.e.m.c.i.embedder.EclipseLogger - Copying 1 resource
2026-08-28 15:51:50,706 [Worker-242: Building workspace] WARN  o.e.m.c.i.embedder.EclipseLogger - Using platform encoding (MS949 actually) to copy filtered resources, i.e. build is platform dependent!
2026-08-28 15:51:50,707 [Worker-242: Building workspace] INFO  o.e.m.c.i.embedder.EclipseLogger - Copying 0 resource
2026-08-28 15:51:50,707 [Worker-242: Building workspace] WARN  o.e.m.c.i.embedder.EclipseLogger - Using platform encoding (MS949 actually) to copy filtered resources, i.e. build is platform dependent!
2026-08-28 15:51:50,708 [Worker-242: Building workspace] INFO  o.e.m.c.i.embedder.EclipseLogger - Copying 1 resource
2026-08-28 15:52:13,233 [Worker-242: Building workspace] WARN  o.e.m.c.i.embedder.EclipseLogger - Using platform encoding (MS949 actually) to copy filtered resources, i.e. build is platform dependent!
2026-08-28 15:52:13,234 [Worker-242: Building workspace] INFO  o.e.m.c.i.embedder.EclipseLogger - Copying 0 resource
2026-08-28 15:52:13,235 [Worker-242: Building workspace] WARN  o.e.m.c.i.embedder.EclipseLogger - Using platform encoding (MS949 actually) to copy filtered resources, i.e. build is platform dependent!
2026-08-28 15:52:13,236 [Worker-242: Building workspace] INFO  o.e.m.c.i.embedder.EclipseLogger - Copying 1 resource
2026-08-28 16:01:57,278 [Worker-246: Building workspace] WARN  o.e.m.c.i.embedder.EclipseLogger - Using platform encoding (MS949 actually) to copy filtered resources, i.e. build is platform dependent!
2026-08-28 16:01:57,280 [Worker-246: Building workspace] INFO  o.e.m.c.i.embedder.EclipseLogger - Copying 3 resources
2026-08-28 16:01:57,282 [Worker-246: Building workspace] WARN  o.e.m.c.i.embedder.EclipseLogger - Using platform encoding (MS949 actually) to copy filtered resources, i.e. build is platform dependent!
2026-08-28 16:01:57,284 [Worker-246: Building workspace] INFO  o.e.m.c.i.embedder.EclipseLogger - Copying 0 resource
2026-08-28 16:04:16,718 [Worker-245: Building workspace] WARN  o.e.m.c.i.embedder.EclipseLogger - Using platform encoding (MS949 actually) to copy filtered resources, i.e. build is platform dependent!
2026-08-28 16:04:16,719 [Worker-245: Building workspace] INFO  o.e.m.c.i.embedder.EclipseLogger - Copying 3 resources
2026-08-28 16:04:16,721 [Worker-245: Building workspace] WARN  o.e.m.c.i.embedder.EclipseLogger - Using platform encoding (MS949 actually) to copy filtered resources, i.e. build is platform dependent!
2026-08-28 16:04:16,722 [Worker-245: Building workspace] INFO  o.e.m.c.i.embedder.EclipseLogger - Copying 0 resource
2026-08-28 16:04:20,480 [Worker-249: Building workspace] WARN  o.e.m.c.i.embedder.EclipseLogger - Using platform encoding (MS949 actually) to copy filtered resources, i.e. build is platform dependent!
2026-08-28 16:04:20,481 [Worker-249: Building workspace] INFO  o.e.m.c.i.embedder.EclipseLogger - Copying 3 resources
2026-08-28 16:04:20,482 [Worker-249: Building workspace] WARN  o.e.m.c.i.embedder.EclipseLogger - Using platform encoding (MS949 actually) to copy filtered resources, i.e. build is platform dependent!
2026-08-28 16:04:20,483 [Worker-249: Building workspace] INFO  o.e.m.c.i.embedder.EclipseLogger - Copying 0 resource
2026-08-28 16:06:52,798 [Worker-244: Building workspace] WARN  o.e.m.c.i.embedder.EclipseLogger - Using platform encoding (MS949 actually) to copy filtered resources, i.e. build is platform dependent!
2026-08-28 16:06:52,800 [Worker-244: Building workspace] INFO  o.e.m.c.i.embedder.EclipseLogger - Copying 3 resources
2026-08-28 16:06:52,800 [Worker-244: Building workspace] WARN  o.e.m.c.i.embedder.EclipseLogger - Using platform encoding (MS949 actually) to copy filtered resources, i.e. build is platform dependent!
2026-08-28 16:06:52,801 [Worker-244: Building workspace] INFO  o.e.m.c.i.embedder.EclipseLogger - Copying 0 resource
2026-08-28 16:09:01,589 [Worker-244: Building workspace] WARN  o.e.m.c.i.embedder.EclipseLogger - Using platform encoding (MS949 actually) to copy filtered resources, i.e. build is platform dependent!
2026-08-28 16:09:01,591 [Worker-244: Building workspace] INFO  o.e.m.c.i.embedder.EclipseLogger - Copying 3 resources
2026-08-28 16:09:01,592 [Worker-244: Building workspace] WARN  o.e.m.c.i.embedder.EclipseLogger - Using platform encoding (MS949 actually) to copy filtered resources, i.e. build is platform dependent!
2026-08-28 16:09:01,592 [Worker-244: Building workspace] INFO  o.e.m.c.i.embedder.EclipseLogger - Copying 0 resource
2026-08-28 16:09:10,470 [Worker-250: Building workspace] WARN  o.e.m.c.i.embedder.EclipseLogger - Using platform encoding (MS949 actually) to copy filtered resources, i.e. build is platform dependent!
2026-08-28 16:09:10,471 [Worker-250: Building workspace] INFO  o.e.m.c.i.embedder.EclipseLogger - Copying 3 resources
2026-08-28 16:09:10,472 [Worker-250: Building workspace] WARN  o.e.m.c.i.embedder.EclipseLogger - Using platform encoding (MS949 actually) to copy filtered resources, i.e. build is platform dependent!
2026-08-28 16:09:10,472 [Worker-250: Building workspace] INFO  o.e.m.c.i.embedder.EclipseLogger - Copying 0 resource
2026-08-28 16:11:40,300 [Worker-250: Building workspace] WARN  o.e.m.c.i.embedder.EclipseLogger - Using platform encoding (MS949 actually) to copy filtered resources, i.e. build is platform dependent!
2026-08-28 16:11:40,301 [Worker-250: Building workspace] INFO  o.e.m.c.i.embedder.EclipseLogger - Copying 3 resources
2026-08-28 16:11:40,302 [Worker-250: Building workspace] WARN  o.e.m.c.i.embedder.EclipseLogger - Using platform encoding (MS949 actually) to copy filtered resources, i.e. build is platform dependent!
2026-08-28 16:11:40,302 [Worker-250: Building workspace] INFO  o.e.m.c.i.embedder.EclipseLogger - Copying 0 resource
2026-08-28 16:12:27,060 [Worker-246: Building workspace] WARN  o.e.m.c.i.embedder.EclipseLogger - Using platform encoding (MS949 actually) to copy filtered resources, i.e. build is platform dependent!
2026-08-28 16:12:27,062 [Worker-246: Building workspace] INFO  o.e.m.c.i.embedder.EclipseLogger - Copying 3 resources
2026-08-28 16:12:27,063 [Worker-246: Building workspace] WARN  o.e.m.c.i.embedder.EclipseLogger - Using platform encoding (MS949 actually) to copy filtered resources, i.e. build is platform dependent!
2026-08-28 16:12:27,065 [Worker-246: Building workspace] INFO  o.e.m.c.i.embedder.EclipseLogger - Copying 0 resource
2026-08-28 16:14:03,411 [Worker-246: Building workspace] WARN  o.e.m.c.i.embedder.EclipseLogger - Using platform encoding (MS949 actually) to copy filtered resources, i.e. build is platform dependent!
2026-08-28 16:14:03,412 [Worker-246: Building workspace] INFO  o.e.m.c.i.embedder.EclipseLogger - Copying 0 resource
2026-08-28 16:14:03,412 [Worker-246: Building workspace] WARN  o.e.m.c.i.embedder.EclipseLogger - Using platform encoding (MS949 actually) to copy filtered resources, i.e. build is platform dependent!
2026-08-28 16:14:03,413 [Worker-246: Building workspace] INFO  o.e.m.c.i.embedder.EclipseLogger - Copying 0 resource
2026-08-28 16:14:05,570 [Worker-245: Building workspace] WARN  o.e.m.c.i.embedder.EclipseLogger - Using platform encoding (MS949 actually) to copy filtered resources, i.e. build is platform dependent!
2026-08-28 16:14:05,570 [Worker-245: Building workspace] INFO  o.e.m.c.i.embedder.EclipseLogger - Copying 0 resource
2026-08-28 16:14:05,571 [Worker-245: Building workspace] WARN  o.e.m.c.i.embedder.EclipseLogger - Using platform encoding (MS949 actually) to copy filtered resources, i.e. build is platform dependent!
2026-08-28 16:14:05,571 [Worker-245: Building workspace] INFO  o.e.m.c.i.embedder.EclipseLogger - Copying 0 resource
2026-08-28 16:15:43,400 [Worker-249: Building workspace] WARN  o.e.m.c.i.embedder.EclipseLogger - Using platform encoding (MS949 actually) to copy filtered resources, i.e. build is platform dependent!
2026-08-28 16:15:43,402 [Worker-249: Building workspace] INFO  o.e.m.c.i.embedder.EclipseLogger - Copying 0 resource
2026-08-28 16:15:43,404 [Worker-249: Building workspace] WARN  o.e.m.c.i.embedder.EclipseLogger - Using platform encoding (MS949 actually) to copy filtered resources, i.e. build is platform dependent!
2026-08-28 16:15:43,406 [Worker-249: Building workspace] INFO  o.e.m.c.i.embedder.EclipseLogger - Copying 1 resource
2026-08-28 16:16:23,324 [Worker-245: Building workspace] WARN  o.e.m.c.i.embedder.EclipseLogger - Using platform encoding (MS949 actually) to copy filtered resources, i.e. build is platform dependent!
2026-08-28 16:16:23,325 [Worker-245: Building workspace] INFO  o.e.m.c.i.embedder.EclipseLogger - Copying 0 resource
2026-08-28 16:16:23,325 [Worker-245: Building workspace] WARN  o.e.m.c.i.embedder.EclipseLogger - Using platform encoding (MS949 actually) to copy filtered resources, i.e. build is platform dependent!
2026-08-28 16:16:23,326 [Worker-245: Building workspace] INFO  o.e.m.c.i.embedder.EclipseLogger - Copying 1 resource
2026-08-28 16:16:51,640 [Worker-249: Building workspace] WARN  o.e.m.c.i.embedder.EclipseLogger - Using platform encoding (MS949 actually) to copy filtered resources, i.e. build is platform dependent!
2026-08-28 16:16:51,642 [Worker-249: Building workspace] INFO  o.e.m.c.i.embedder.EclipseLogger - Copying 0 resource
2026-08-28 16:16:51,643 [Worker-249: Building workspace] WARN  o.e.m.c.i.embedder.EclipseLogger - Using platform encoding (MS949 actually) to copy filtered resources, i.e. build is platform dependent!
2026-08-28 16:16:51,645 [Worker-249: Building workspace] INFO  o.e.m.c.i.embedder.EclipseLogger - Copying 1 resource
2026-08-28 16:17:28,712 [Worker-248: Building workspace] WARN  o.e.m.c.i.embedder.EclipseLogger - Using platform encoding (MS949 actually) to copy filtered resources, i.e. build is platform dependent!
2026-08-28 16:17:28,713 [Worker-248: Building workspace] INFO  o.e.m.c.i.embedder.EclipseLogger - Copying 0 resource
2026-08-28 16:17:28,713 [Worker-248: Building workspace] WARN  o.e.m.c.i.embedder.EclipseLogger - Using platform encoding (MS949 actually) to copy filtered resources, i.e. build is platform dependent!
2026-08-28 16:17:28,714 [Worker-248: Building workspace] INFO  o.e.m.c.i.embedder.EclipseLogger - Copying 1 resource
2026-08-28 16:17:50,966 [Worker-245: Building workspace] WARN  o.e.m.c.i.embedder.EclipseLogger - Using platform encoding (MS949 actually) to copy filtered resources, i.e. build is platform dependent!
2026-08-28 16:17:50,967 [Worker-245: Building workspace] INFO  o.e.m.c.i.embedder.EclipseLogger - Copying 0 resource
2026-08-28 16:17:50,968 [Worker-245: Building workspace] WARN  o.e.m.c.i.embedder.EclipseLogger - Using platform encoding (MS949 actually) to copy filtered resources, i.e. build is platform dependent!
2026-08-28 16:17:50,969 [Worker-245: Building workspace] INFO  o.e.m.c.i.embedder.EclipseLogger - Copying 1 resource
2026-08-28 16:18:35,131 [Worker-250: Building workspace] WARN  o.e.m.c.i.embedder.EclipseLogger - Using platform encoding (MS949 actually) to copy filtered resources, i.e. build is platform dependent!
2026-08-28 16:18:35,133 [Worker-250: Building workspace] INFO  o.e.m.c.i.embedder.EclipseLogger - Copying 3 resources
2026-08-28 16:18:35,134 [Worker-250: Building workspace] WARN  o.e.m.c.i.embedder.EclipseLogger - Using platform encoding (MS949 actually) to copy filtered resources, i.e. build is platform dependent!
2026-08-28 16:18:35,134 [Worker-250: Building workspace] INFO  o.e.m.c.i.embedder.EclipseLogger - Copying 0 resource
2026-08-28 16:23:54,619 [Worker-245: Building workspace] WARN  o.e.m.c.i.embedder.EclipseLogger - Using platform encoding (MS949 actually) to copy filtered resources, i.e. build is platform dependent!
2026-08-28 16:23:54,620 [Worker-245: Building workspace] INFO  o.e.m.c.i.embedder.EclipseLogger - Copying 0 resource
2026-08-28 16:23:54,621 [Worker-245: Building workspace] WARN  o.e.m.c.i.embedder.EclipseLogger - Using platform encoding (MS949 actually) to copy filtered resources, i.e. build is platform dependent!
2026-08-28 16:23:54,622 [Worker-245: Building workspace] INFO  o.e.m.c.i.embedder.EclipseLogger - Copying 1 resource
2026-08-28 16:31:36,918 [Worker-254: Launching BoardServiceTests] WARN  o.e.m.c.i.embedder.EclipseLogger - Using platform encoding (MS949 actually) to copy filtered resources, i.e. build is platform dependent!
2026-08-28 16:31:36,920 [Worker-254: Launching BoardServiceTests] INFO  o.e.m.c.i.embedder.EclipseLogger - Copying 3 resources
2026-08-28 16:31:36,921 [Worker-254: Launching BoardServiceTests] WARN  o.e.m.c.i.embedder.EclipseLogger - Using platform encoding (MS949 actually) to copy filtered resources, i.e. build is platform dependent!
2026-08-28 16:31:36,922 [Worker-254: Launching BoardServiceTests] INFO  o.e.m.c.i.embedder.EclipseLogger - Copying 1 resource
2026-08-28 16:37:20,506 [Worker-256: Building workspace] WARN  o.e.m.c.i.embedder.EclipseLogger - Using platform encoding (MS949 actually) to copy filtered resources, i.e. build is platform dependent!
2026-08-28 16:37:20,508 [Worker-256: Building workspace] INFO  o.e.m.c.i.embedder.EclipseLogger - Copying 0 resource
2026-08-28 16:37:20,509 [Worker-256: Building workspace] WARN  o.e.m.c.i.embedder.EclipseLogger - Using platform encoding (MS949 actually) to copy filtered resources, i.e. build is platform dependent!
2026-08-28 16:37:20,511 [Worker-256: Building workspace] INFO  o.e.m.c.i.embedder.EclipseLogger - Copying 1 resource
2026-08-28 16:39:04,549 [Worker-256: Launching BoardServiceTests] WARN  o.e.m.c.i.embedder.EclipseLogger - Using platform encoding (MS949 actually) to copy filtered resources, i.e. build is platform dependent!
2026-08-28 16:39:04,550 [Worker-256: Launching BoardServiceTests] INFO  o.e.m.c.i.embedder.EclipseLogger - Copying 0 resource
2026-08-28 16:39:04,551 [Worker-256: Launching BoardServiceTests] WARN  o.e.m.c.i.embedder.EclipseLogger - Using platform encoding (MS949 actually) to copy filtered resources, i.e. build is platform dependent!
2026-08-28 16:39:04,552 [Worker-256: Launching BoardServiceTests] INFO  o.e.m.c.i.embedder.EclipseLogger - Copying 1 resource
2026-08-28 16:43:56,066 [Worker-255: Building workspace] WARN  o.e.m.c.i.embedder.EclipseLogger - Using platform encoding (MS949 actually) to copy filtered resources, i.e. build is platform dependent!
2026-08-28 16:43:56,067 [Worker-255: Building workspace] INFO  o.e.m.c.i.embedder.EclipseLogger - Copying 0 resource
2026-08-28 16:43:56,068 [Worker-255: Building workspace] WARN  o.e.m.c.i.embedder.EclipseLogger - Using platform encoding (MS949 actually) to copy filtered resources, i.e. build is platform dependent!
2026-08-28 16:43:56,069 [Worker-255: Building workspace] INFO  o.e.m.c.i.embedder.EclipseLogger - Copying 1 resource
2026-08-28 16:44:24,259 [Worker-256: Building workspace] WARN  o.e.m.c.i.embedder.EclipseLogger - Using platform encoding (MS949 actually) to copy filtered resources, i.e. build is platform dependent!
2026-08-28 16:44:24,260 [Worker-256: Building workspace] INFO  o.e.m.c.i.embedder.EclipseLogger - Copying 0 resource
2026-08-28 16:44:24,260 [Worker-256: Building workspace] WARN  o.e.m.c.i.embedder.EclipseLogger - Using platform encoding (MS949 actually) to copy filtered resources, i.e. build is platform dependent!
2026-08-28 16:44:24,261 [Worker-256: Building workspace] INFO  o.e.m.c.i.embedder.EclipseLogger - Copying 1 resource
2026-08-28 16:44:57,156 [Worker-261: Building workspace] WARN  o.e.m.c.i.embedder.EclipseLogger - Using platform encoding (MS949 actually) to copy filtered resources, i.e. build is platform dependent!
2026-08-28 16:44:57,157 [Worker-261: Building workspace] INFO  o.e.m.c.i.embedder.EclipseLogger - Copying 0 resource
2026-08-28 16:44:57,158 [Worker-261: Building workspace] WARN  o.e.m.c.i.embedder.EclipseLogger - Using platform encoding (MS949 actually) to copy filtered resources, i.e. build is platform dependent!
2026-08-28 16:44:57,159 [Worker-261: Building workspace] INFO  o.e.m.c.i.embedder.EclipseLogger - Copying 1 resource
2026-08-28 16:45:35,301 [Worker-256: Building workspace] WARN  o.e.m.c.i.embedder.EclipseLogger - Using platform encoding (MS949 actually) to copy filtered resources, i.e. build is platform dependent!
2026-08-28 16:45:35,302 [Worker-256: Building workspace] INFO  o.e.m.c.i.embedder.EclipseLogger - Copying 0 resource
2026-08-28 16:45:35,303 [Worker-256: Building workspace] WARN  o.e.m.c.i.embedder.EclipseLogger - Using platform encoding (MS949 actually) to copy filtered resources, i.e. build is platform dependent!
2026-08-28 16:45:35,304 [Worker-256: Building workspace] INFO  o.e.m.c.i.embedder.EclipseLogger - Copying 1 resource
2026-08-28 16:52:03,350 [Worker-266: Building workspace] WARN  o.e.m.c.i.embedder.EclipseLogger - Using platform encoding (MS949 actually) to copy filtered resources, i.e. build is platform dependent!
2026-08-28 16:52:03,352 [Worker-266: Building workspace] INFO  o.e.m.c.i.embedder.EclipseLogger - Copying 0 resource
2026-08-28 16:52:03,354 [Worker-266: Building workspace] WARN  o.e.m.c.i.embedder.EclipseLogger - Using platform encoding (MS949 actually) to copy filtered resources, i.e. build is platform dependent!
2026-08-28 16:52:03,355 [Worker-266: Building workspace] INFO  o.e.m.c.i.embedder.EclipseLogger - Copying 1 resource
2026-08-28 16:53:22,837 [Worker-266: Building workspace] WARN  o.e.m.c.i.embedder.EclipseLogger - Using platform encoding (MS949 actually) to copy filtered resources, i.e. build is platform dependent!
2026-08-28 16:53:22,838 [Worker-266: Building workspace] INFO  o.e.m.c.i.embedder.EclipseLogger - Copying 0 resource
2026-08-28 16:53:22,839 [Worker-266: Building workspace] WARN  o.e.m.c.i.embedder.EclipseLogger - Using platform encoding (MS949 actually) to copy filtered resources, i.e. build is platform dependent!
2026-08-28 16:53:22,840 [Worker-266: Building workspace] INFO  o.e.m.c.i.embedder.EclipseLogger - Copying 1 resource
2026-08-28 16:54:10,826 [Worker-268: Building workspace] WARN  o.e.m.c.i.embedder.EclipseLogger - Using platform encoding (MS949 actually) to copy filtered resources, i.e. build is platform dependent!
2026-08-28 16:54:10,828 [Worker-268: Building workspace] INFO  o.e.m.c.i.embedder.EclipseLogger - Copying 0 resource
2026-08-28 16:54:10,829 [Worker-268: Building workspace] WARN  o.e.m.c.i.embedder.EclipseLogger - Using platform encoding (MS949 actually) to copy filtered resources, i.e. build is platform dependent!
2026-08-28 16:54:10,830 [Worker-268: Building workspace] INFO  o.e.m.c.i.embedder.EclipseLogger - Copying 1 resource
2026-08-28 16:54:15,970 [Worker-266: Launching BoardServiceTests] WARN  o.e.m.c.i.embedder.EclipseLogger - Using platform encoding (MS949 actually) to copy filtered resources, i.e. build is platform dependent!
2026-08-28 16:54:15,970 [Worker-266: Launching BoardServiceTests] INFO  o.e.m.c.i.embedder.EclipseLogger - Copying 0 resource
2026-08-28 16:54:15,971 [Worker-266: Launching BoardServiceTests] WARN  o.e.m.c.i.embedder.EclipseLogger - Using platform encoding (MS949 actually) to copy filtered resources, i.e. build is platform dependent!
2026-08-28 16:54:15,972 [Worker-266: Launching BoardServiceTests] INFO  o.e.m.c.i.embedder.EclipseLogger - Copying 1 resource
2026-08-28 16:55:57,686 [Worker-267: Building workspace] WARN  o.e.m.c.i.embedder.EclipseLogger - Using platform encoding (MS949 actually) to copy filtered resources, i.e. build is platform dependent!
2026-08-28 16:55:57,687 [Worker-267: Building workspace] INFO  o.e.m.c.i.embedder.EclipseLogger - Copying 0 resource
2026-08-28 16:55:57,688 [Worker-267: Building workspace] WARN  o.e.m.c.i.embedder.EclipseLogger - Using platform encoding (MS949 actually) to copy filtered resources, i.e. build is platform dependent!
2026-08-28 16:55:57,689 [Worker-267: Building workspace] INFO  o.e.m.c.i.embedder.EclipseLogger - Copying 1 resource
2026-08-28 16:56:50,816 [Worker-266: Building workspace] WARN  o.e.m.c.i.embedder.EclipseLogger - Using platform encoding (MS949 actually) to copy filtered resources, i.e. build is platform dependent!
2026-08-28 16:56:50,817 [Worker-266: Building workspace] INFO  o.e.m.c.i.embedder.EclipseLogger - Copying 0 resource
2026-08-28 16:56:50,818 [Worker-266: Building workspace] WARN  o.e.m.c.i.embedder.EclipseLogger - Using platform encoding (MS949 actually) to copy filtered resources, i.e. build is platform dependent!
2026-08-28 16:56:50,820 [Worker-266: Building workspace] INFO  o.e.m.c.i.embedder.EclipseLogger - Copying 1 resource
2026-08-28 16:56:59,293 [Worker-267: Launching BoardServiceTests] WARN  o.e.m.c.i.embedder.EclipseLogger - Using platform encoding (MS949 actually) to copy filtered resources, i.e. build is platform dependent!
2026-08-28 16:56:59,295 [Worker-267: Launching BoardServiceTests] INFO  o.e.m.c.i.embedder.EclipseLogger - Copying 0 resource
2026-08-28 16:56:59,296 [Worker-267: Launching BoardServiceTests] WARN  o.e.m.c.i.embedder.EclipseLogger - Using platform encoding (MS949 actually) to copy filtered resources, i.e. build is platform dependent!
2026-08-28 16:56:59,298 [Worker-267: Launching BoardServiceTests] INFO  o.e.m.c.i.embedder.EclipseLogger - Copying 1 resource
2026-08-28 16:58:04,588 [Worker-267: Building workspace] WARN  o.e.m.c.i.embedder.EclipseLogger - Using platform encoding (MS949 actually) to copy filtered resources, i.e. build is platform dependent!
2026-08-28 16:58:04,589 [Worker-267: Building workspace] INFO  o.e.m.c.i.embedder.EclipseLogger - Copying 0 resource
2026-08-28 16:58:04,590 [Worker-267: Building workspace] WARN  o.e.m.c.i.embedder.EclipseLogger - Using platform encoding (MS949 actually) to copy filtered resources, i.e. build is platform dependent!
2026-08-28 16:58:04,592 [Worker-267: Building workspace] INFO  o.e.m.c.i.embedder.EclipseLogger - Copying 1 resource
2026-08-28 16:58:16,342 [Worker-269: Building workspace] WARN  o.e.m.c.i.embedder.EclipseLogger - Using platform encoding (MS949 actually) to copy filtered resources, i.e. build is platform dependent!
2026-08-28 16:58:16,343 [Worker-269: Building workspace] INFO  o.e.m.c.i.embedder.EclipseLogger - Copying 0 resource
2026-08-28 16:58:16,345 [Worker-269: Building workspace] WARN  o.e.m.c.i.embedder.EclipseLogger - Using platform encoding (MS949 actually) to copy filtered resources, i.e. build is platform dependent!
2026-08-28 16:58:16,346 [Worker-269: Building workspace] INFO  o.e.m.c.i.embedder.EclipseLogger - Copying 1 resource
2026-08-28 16:59:52,213 [Worker-270: Building workspace] WARN  o.e.m.c.i.embedder.EclipseLogger - Using platform encoding (MS949 actually) to copy filtered resources, i.e. build is platform dependent!
2026-08-28 16:59:52,214 [Worker-270: Building workspace] INFO  o.e.m.c.i.embedder.EclipseLogger - Copying 0 resource
2026-08-28 16:59:52,215 [Worker-270: Building workspace] WARN  o.e.m.c.i.embedder.EclipseLogger - Using platform encoding (MS949 actually) to copy filtered resources, i.e. build is platform dependent!
2026-08-28 16:59:52,216 [Worker-270: Building workspace] INFO  o.e.m.c.i.embedder.EclipseLogger - Copying 1 resource
2026-08-28 17:02:13,729 [Worker-270: Building workspace] WARN  o.e.m.c.i.embedder.EclipseLogger - Using platform encoding (MS949 actually) to copy filtered resources, i.e. build is platform dependent!
2026-08-28 17:02:13,730 [Worker-270: Building workspace] INFO  o.e.m.c.i.embedder.EclipseLogger - Copying 0 resource
2026-08-28 17:02:13,730 [Worker-270: Building workspace] WARN  o.e.m.c.i.embedder.EclipseLogger - Using platform encoding (MS949 actually) to copy filtered resources, i.e. build is platform dependent!
2026-08-28 17:02:13,732 [Worker-270: Building workspace] INFO  o.e.m.c.i.embedder.EclipseLogger - Copying 1 resource
2026-08-28 17:02:23,133 [Worker-274: Building workspace] WARN  o.e.m.c.i.embedder.EclipseLogger - Using platform encoding (MS949 actually) to copy filtered resources, i.e. build is platform dependent!
2026-08-28 17:02:23,134 [Worker-274: Building workspace] INFO  o.e.m.c.i.embedder.EclipseLogger - Copying 0 resource
2026-08-28 17:02:23,134 [Worker-274: Building workspace] WARN  o.e.m.c.i.embedder.EclipseLogger - Using platform encoding (MS949 actually) to copy filtered resources, i.e. build is platform dependent!
2026-08-28 17:02:23,135 [Worker-274: Building workspace] INFO  o.e.m.c.i.embedder.EclipseLogger - Copying 1 resource
2026-08-28 17:04:04,936 [Worker-275: Building workspace] WARN  o.e.m.c.i.embedder.EclipseLogger - Using platform encoding (MS949 actually) to copy filtered resources, i.e. build is platform dependent!
2026-08-28 17:04:04,938 [Worker-275: Building workspace] INFO  o.e.m.c.i.embedder.EclipseLogger - Copying 0 resource
2026-08-28 17:04:04,938 [Worker-275: Building workspace] WARN  o.e.m.c.i.embedder.EclipseLogger - Using platform encoding (MS949 actually) to copy filtered resources, i.e. build is platform dependent!
2026-08-28 17:04:04,939 [Worker-275: Building workspace] INFO  o.e.m.c.i.embedder.EclipseLogger - Copying 1 resource
2026-08-28 17:04:24,522 [Worker-274: Launching BoardServiceTests] WARN  o.e.m.c.i.embedder.EclipseLogger - Using platform encoding (MS949 actually) to copy filtered resources, i.e. build is platform dependent!
2026-08-28 17:04:24,522 [Worker-274: Launching BoardServiceTests] INFO  o.e.m.c.i.embedder.EclipseLogger - Copying 0 resource
2026-08-28 17:04:24,523 [Worker-274: Launching BoardServiceTests] WARN  o.e.m.c.i.embedder.EclipseLogger - Using platform encoding (MS949 actually) to copy filtered resources, i.e. build is platform dependent!
2026-08-28 17:04:24,524 [Worker-274: Launching BoardServiceTests] INFO  o.e.m.c.i.embedder.EclipseLogger - Copying 1 resource
2026-08-28 17:05:26,184 [Worker-271: Building workspace] WARN  o.e.m.c.i.embedder.EclipseLogger - Using platform encoding (MS949 actually) to copy filtered resources, i.e. build is platform dependent!
2026-08-28 17:05:26,185 [Worker-271: Building workspace] INFO  o.e.m.c.i.embedder.EclipseLogger - Copying 0 resource
2026-08-28 17:05:26,185 [Worker-271: Building workspace] WARN  o.e.m.c.i.embedder.EclipseLogger - Using platform encoding (MS949 actually) to copy filtered resources, i.e. build is platform dependent!
2026-08-28 17:05:26,186 [Worker-271: Building workspace] INFO  o.e.m.c.i.embedder.EclipseLogger - Copying 1 resource
2026-08-28 17:06:27,279 [Worker-271: Launching BoardServiceTests] WARN  o.e.m.c.i.embedder.EclipseLogger - Using platform encoding (MS949 actually) to copy filtered resources, i.e. build is platform dependent!
2026-08-28 17:06:27,282 [Worker-271: Launching BoardServiceTests] INFO  o.e.m.c.i.embedder.EclipseLogger - Copying 0 resource
2026-08-28 17:06:27,284 [Worker-271: Launching BoardServiceTests] WARN  o.e.m.c.i.embedder.EclipseLogger - Using platform encoding (MS949 actually) to copy filtered resources, i.e. build is platform dependent!
2026-08-28 17:06:27,287 [Worker-271: Launching BoardServiceTests] INFO  o.e.m.c.i.embedder.EclipseLogger - Copying 1 resource
2026-08-28 17:16:37,330 [Worker-279: Building workspace] WARN  o.e.m.c.i.embedder.EclipseLogger - Using platform encoding (MS949 actually) to copy filtered resources, i.e. build is platform dependent!
2026-08-28 17:16:37,331 [Worker-279: Building workspace] INFO  o.e.m.c.i.embedder.EclipseLogger - Copying 0 resource
2026-08-28 17:16:37,331 [Worker-279: Building workspace] WARN  o.e.m.c.i.embedder.EclipseLogger - Using platform encoding (MS949 actually) to copy filtered resources, i.e. build is platform dependent!
2026-08-28 17:16:37,333 [Worker-279: Building workspace] INFO  o.e.m.c.i.embedder.EclipseLogger - Copying 1 resource
2026-08-28 17:28:32,773 [Worker-6: Loading available Gradle versions] INFO  o.e.b.c.i.u.g.PublishedGradleVersions - Gradle version information cache is up-to-date. Trying to read.
2026-08-31 08:58:22,638 [Worker-5: Loading available Gradle versions] INFO  o.e.b.c.i.u.g.PublishedGradleVersions - Gradle version information cache is out-of-date. Trying to update.
2026-08-31 09:08:45,954 [Worker-17: Launching BoardServiceTests] WARN  o.e.m.c.i.embedder.EclipseLogger - Using platform encoding (MS949 actually) to copy filtered resources, i.e. build is platform dependent!
2026-08-31 09:08:45,961 [Worker-17: Launching BoardServiceTests] INFO  o.e.m.c.i.embedder.EclipseLogger - Copying 3 resources
2026-08-31 09:08:45,980 [Worker-17: Launching BoardServiceTests] WARN  o.e.m.c.i.embedder.EclipseLogger - Using platform encoding (MS949 actually) to copy filtered resources, i.e. build is platform dependent!
2026-08-31 09:08:45,981 [Worker-17: Launching BoardServiceTests] INFO  o.e.m.c.i.embedder.EclipseLogger - Copying 1 resource
2026-08-31 09:08:47,866 [Worker-20: Building workspace] WARN  o.e.m.c.i.embedder.EclipseLogger - Using platform encoding (MS949 actually) to copy filtered resources, i.e. build is platform dependent!
2026-08-31 09:08:47,867 [Worker-20: Building workspace] INFO  o.e.m.c.i.embedder.EclipseLogger - Copying 1 resource
2026-08-31 09:08:47,874 [Worker-20: Building workspace] WARN  o.e.m.c.i.embedder.EclipseLogger - Using platform encoding (MS949 actually) to copy filtered resources, i.e. build is platform dependent!
2026-08-31 09:08:47,875 [Worker-20: Building workspace] INFO  o.e.m.c.i.embedder.EclipseLogger - Copying 1 resource
2026-08-31 09:08:48,635 [Worker-20: Building workspace] WARN  o.e.m.c.i.embedder.EclipseLogger - Using platform encoding (MS949 actually) to copy filtered resources, i.e. build is platform dependent!
2026-08-31 09:08:48,637 [Worker-20: Building workspace] INFO  o.e.m.c.i.embedder.EclipseLogger - Copying 5 resources
2026-08-31 09:08:48,647 [Worker-20: Building workspace] WARN  o.e.m.c.i.embedder.EclipseLogger - Using platform encoding (MS949 actually) to copy filtered resources, i.e. build is platform dependent!
2026-08-31 09:08:48,648 [Worker-20: Building workspace] INFO  o.e.m.c.i.embedder.EclipseLogger - Copying 1 resource
2026-08-31 09:08:49,047 [Worker-20: Building workspace] WARN  o.e.m.c.i.embedder.EclipseLogger - Using platform encoding (MS949 actually) to copy filtered resources, i.e. build is platform dependent!
2026-08-31 09:08:49,048 [Worker-20: Building workspace] INFO  o.e.m.c.i.embedder.EclipseLogger - Copying 1 resource
2026-08-31 09:08:49,052 [Worker-20: Building workspace] WARN  o.e.m.c.i.embedder.EclipseLogger - Using platform encoding (MS949 actually) to copy filtered resources, i.e. build is platform dependent!
2026-08-31 09:08:49,053 [Worker-20: Building workspace] INFO  o.e.m.c.i.embedder.EclipseLogger - Copying 1 resource
2026-08-31 09:08:49,083 [Worker-20: Building workspace] WARN  o.e.m.c.i.embedder.EclipseLogger - Using platform encoding (MS949 actually) to copy filtered resources, i.e. build is platform dependent!
2026-08-31 09:08:49,085 [Worker-20: Building workspace] INFO  o.e.m.c.i.embedder.EclipseLogger - Copying 0 resource
2026-08-31 09:08:49,087 [Worker-20: Building workspace] WARN  o.e.m.c.i.embedder.EclipseLogger - Using platform encoding (MS949 actually) to copy filtered resources, i.e. build is platform dependent!
2026-08-31 09:08:49,088 [Worker-20: Building workspace] INFO  o.e.m.c.i.embedder.EclipseLogger - Copying 0 resource
2026-08-31 09:09:55,999 [Worker-16: Launching BoardServiceTests] WARN  o.e.m.c.i.embedder.EclipseLogger - Using platform encoding (MS949 actually) to copy filtered resources, i.e. build is platform dependent!
2026-08-31 09:09:56,001 [Worker-16: Launching BoardServiceTests] INFO  o.e.m.c.i.embedder.EclipseLogger - Copying 0 resource
2026-08-31 09:09:56,002 [Worker-16: Launching BoardServiceTests] WARN  o.e.m.c.i.embedder.EclipseLogger - Using platform encoding (MS949 actually) to copy filtered resources, i.e. build is platform dependent!
2026-08-31 09:09:56,020 [Worker-16: Launching BoardServiceTests] INFO  o.e.m.c.i.embedder.EclipseLogger - Copying 1 resource
2026-08-31 09:10:19,663 [Worker-23: Building workspace] WARN  o.e.m.c.i.embedder.EclipseLogger - Using platform encoding (MS949 actually) to copy filtered resources, i.e. build is platform dependent!
2026-08-31 09:10:19,666 [Worker-23: Building workspace] INFO  o.e.m.c.i.embedder.EclipseLogger - Copying 0 resource
2026-08-31 09:10:19,669 [Worker-23: Building workspace] WARN  o.e.m.c.i.embedder.EclipseLogger - Using platform encoding (MS949 actually) to copy filtered resources, i.e. build is platform dependent!
2026-08-31 09:10:19,672 [Worker-23: Building workspace] INFO  o.e.m.c.i.embedder.EclipseLogger - Copying 1 resource
2026-08-31 09:12:16,991 [Worker-9: Launching BoardServiceTests] WARN  o.e.m.c.i.embedder.EclipseLogger - Using platform encoding (MS949 actually) to copy filtered resources, i.e. build is platform dependent!
2026-08-31 09:12:16,992 [Worker-9: Launching BoardServiceTests] INFO  o.e.m.c.i.embedder.EclipseLogger - Copying 0 resource
2026-08-31 09:12:16,994 [Worker-9: Launching BoardServiceTests] WARN  o.e.m.c.i.embedder.EclipseLogger - Using platform encoding (MS949 actually) to copy filtered resources, i.e. build is platform dependent!
2026-08-31 09:12:16,995 [Worker-9: Launching BoardServiceTests] INFO  o.e.m.c.i.embedder.EclipseLogger - Copying 1 resource
2026-08-31 09:12:44,026 [Worker-27: Launching BoardServiceTests] WARN  o.e.m.c.i.embedder.EclipseLogger - Using platform encoding (MS949 actually) to copy filtered resources, i.e. build is platform dependent!
2026-08-31 09:12:44,027 [Worker-27: Launching BoardServiceTests] INFO  o.e.m.c.i.embedder.EclipseLogger - Copying 0 resource
2026-08-31 09:12:44,028 [Worker-27: Launching BoardServiceTests] WARN  o.e.m.c.i.embedder.EclipseLogger - Using platform encoding (MS949 actually) to copy filtered resources, i.e. build is platform dependent!
2026-08-31 09:12:44,029 [Worker-27: Launching BoardServiceTests] INFO  o.e.m.c.i.embedder.EclipseLogger - Copying 1 resource
2026-08-31 09:18:44,068 [Worker-31: Building workspace] WARN  o.e.m.c.i.embedder.EclipseLogger - Using platform encoding (MS949 actually) to copy filtered resources, i.e. build is platform dependent!
2026-08-31 09:18:44,070 [Worker-31: Building workspace] INFO  o.e.m.c.i.embedder.EclipseLogger - Copying 3 resources
2026-08-31 09:18:44,071 [Worker-31: Building workspace] WARN  o.e.m.c.i.embedder.EclipseLogger - Using platform encoding (MS949 actually) to copy filtered resources, i.e. build is platform dependent!
2026-08-31 09:18:44,072 [Worker-31: Building workspace] INFO  o.e.m.c.i.embedder.EclipseLogger - Copying 0 resource
2026-08-31 09:19:21,474 [Worker-30: Building workspace] WARN  o.e.m.c.i.embedder.EclipseLogger - Using platform encoding (MS949 actually) to copy filtered resources, i.e. build is platform dependent!
2026-08-31 09:19:21,478 [Worker-30: Building workspace] INFO  o.e.m.c.i.embedder.EclipseLogger - Copying 3 resources
2026-08-31 09:19:21,482 [Worker-30: Building workspace] WARN  o.e.m.c.i.embedder.EclipseLogger - Using platform encoding (MS949 actually) to copy filtered resources, i.e. build is platform dependent!
2026-08-31 09:19:21,485 [Worker-30: Building workspace] INFO  o.e.m.c.i.embedder.EclipseLogger - Copying 0 resource
2026-08-31 09:22:19,431 [Worker-32: Building workspace] WARN  o.e.m.c.i.embedder.EclipseLogger - Using platform encoding (MS949 actually) to copy filtered resources, i.e. build is platform dependent!
2026-08-31 09:22:19,432 [Worker-32: Building workspace] INFO  o.e.m.c.i.embedder.EclipseLogger - Copying 3 resources
2026-08-31 09:22:19,433 [Worker-32: Building workspace] WARN  o.e.m.c.i.embedder.EclipseLogger - Using platform encoding (MS949 actually) to copy filtered resources, i.e. build is platform dependent!
2026-08-31 09:22:19,434 [Worker-32: Building workspace] INFO  o.e.m.c.i.embedder.EclipseLogger - Copying 0 resource
2026-08-31 09:22:34,102 [Worker-35: Building workspace] WARN  o.e.m.c.i.embedder.EclipseLogger - Using platform encoding (MS949 actually) to copy filtered resources, i.e. build is platform dependent!
2026-08-31 09:22:34,104 [Worker-35: Building workspace] INFO  o.e.m.c.i.embedder.EclipseLogger - Copying 3 resources
2026-08-31 09:22:34,106 [Worker-35: Building workspace] WARN  o.e.m.c.i.embedder.EclipseLogger - Using platform encoding (MS949 actually) to copy filtered resources, i.e. build is platform dependent!
2026-08-31 09:22:34,107 [Worker-35: Building workspace] INFO  o.e.m.c.i.embedder.EclipseLogger - Copying 0 resource
2026-08-31 09:22:36,256 [Worker-22: Building workspace] WARN  o.e.m.c.i.embedder.EclipseLogger - Using platform encoding (MS949 actually) to copy filtered resources, i.e. build is platform dependent!
2026-08-31 09:22:36,258 [Worker-22: Building workspace] INFO  o.e.m.c.i.embedder.EclipseLogger - Copying 3 resources
2026-08-31 09:22:36,259 [Worker-22: Building workspace] WARN  o.e.m.c.i.embedder.EclipseLogger - Using platform encoding (MS949 actually) to copy filtered resources, i.e. build is platform dependent!
2026-08-31 09:22:36,260 [Worker-22: Building workspace] INFO  o.e.m.c.i.embedder.EclipseLogger - Copying 0 resource
2026-08-31 09:25:57,505 [Worker-37: Building workspace] WARN  o.e.m.c.i.embedder.EclipseLogger - Using platform encoding (MS949 actually) to copy filtered resources, i.e. build is platform dependent!
2026-08-31 09:25:57,506 [Worker-37: Building workspace] INFO  o.e.m.c.i.embedder.EclipseLogger - Copying 3 resources
2026-08-31 09:25:57,507 [Worker-37: Building workspace] WARN  o.e.m.c.i.embedder.EclipseLogger - Using platform encoding (MS949 actually) to copy filtered resources, i.e. build is platform dependent!
2026-08-31 09:25:57,508 [Worker-37: Building workspace] INFO  o.e.m.c.i.embedder.EclipseLogger - Copying 0 resource
2026-08-31 09:29:16,812 [Worker-39: Building workspace] WARN  o.e.m.c.i.embedder.EclipseLogger - Using platform encoding (MS949 actually) to copy filtered resources, i.e. build is platform dependent!
2026-08-31 09:29:16,813 [Worker-39: Building workspace] INFO  o.e.m.c.i.embedder.EclipseLogger - Copying 3 resources
2026-08-31 09:29:16,816 [Worker-39: Building workspace] WARN  o.e.m.c.i.embedder.EclipseLogger - Using platform encoding (MS949 actually) to copy filtered resources, i.e. build is platform dependent!
2026-08-31 09:29:16,817 [Worker-39: Building workspace] INFO  o.e.m.c.i.embedder.EclipseLogger - Copying 0 resource
2026-08-31 09:29:36,905 [Worker-41: Building workspace] WARN  o.e.m.c.i.embedder.EclipseLogger - Using platform encoding (MS949 actually) to copy filtered resources, i.e. build is platform dependent!
2026-08-31 09:29:36,906 [Worker-41: Building workspace] INFO  o.e.m.c.i.embedder.EclipseLogger - Copying 3 resources
2026-08-31 09:29:36,907 [Worker-41: Building workspace] WARN  o.e.m.c.i.embedder.EclipseLogger - Using platform encoding (MS949 actually) to copy filtered resources, i.e. build is platform dependent!
2026-08-31 09:29:36,908 [Worker-41: Building workspace] INFO  o.e.m.c.i.embedder.EclipseLogger - Copying 0 resource
2026-08-31 09:31:58,341 [Worker-38: Building workspace] WARN  o.e.m.c.i.embedder.EclipseLogger - Using platform encoding (MS949 actually) to copy filtered resources, i.e. build is platform dependent!
2026-08-31 09:31:58,343 [Worker-38: Building workspace] INFO  o.e.m.c.i.embedder.EclipseLogger - Copying 3 resources
2026-08-31 09:31:58,344 [Worker-38: Building workspace] WARN  o.e.m.c.i.embedder.EclipseLogger - Using platform encoding (MS949 actually) to copy filtered resources, i.e. build is platform dependent!
2026-08-31 09:31:58,344 [Worker-38: Building workspace] INFO  o.e.m.c.i.embedder.EclipseLogger - Copying 0 resource
2026-08-31 09:33:55,114 [Worker-36: Building workspace] WARN  o.e.m.c.i.embedder.EclipseLogger - Using platform encoding (MS949 actually) to copy filtered resources, i.e. build is platform dependent!
2026-08-31 09:33:55,117 [Worker-36: Building workspace] INFO  o.e.m.c.i.embedder.EclipseLogger - Copying 3 resources
2026-08-31 09:33:55,118 [Worker-36: Building workspace] WARN  o.e.m.c.i.embedder.EclipseLogger - Using platform encoding (MS949 actually) to copy filtered resources, i.e. build is platform dependent!
2026-08-31 09:33:55,119 [Worker-36: Building workspace] INFO  o.e.m.c.i.embedder.EclipseLogger - Copying 0 resource
2026-08-31 09:34:05,862 [Worker-32: Building workspace] WARN  o.e.m.c.i.embedder.EclipseLogger - Using platform encoding (MS949 actually) to copy filtered resources, i.e. build is platform dependent!
2026-08-31 09:34:05,864 [Worker-32: Building workspace] INFO  o.e.m.c.i.embedder.EclipseLogger - Copying 3 resources
2026-08-31 09:34:05,865 [Worker-32: Building workspace] WARN  o.e.m.c.i.embedder.EclipseLogger - Using platform encoding (MS949 actually) to copy filtered resources, i.e. build is platform dependent!
2026-08-31 09:34:05,865 [Worker-32: Building workspace] INFO  o.e.m.c.i.embedder.EclipseLogger - Copying 0 resource
2026-08-31 09:34:48,279 [Worker-39: Building workspace] WARN  o.e.m.c.i.embedder.EclipseLogger - Using platform encoding (MS949 actually) to copy filtered resources, i.e. build is platform dependent!
2026-08-31 09:34:48,283 [Worker-39: Building workspace] INFO  o.e.m.c.i.embedder.EclipseLogger - Copying 3 resources
2026-08-31 09:34:48,286 [Worker-39: Building workspace] WARN  o.e.m.c.i.embedder.EclipseLogger - Using platform encoding (MS949 actually) to copy filtered resources, i.e. build is platform dependent!
2026-08-31 09:34:48,288 [Worker-39: Building workspace] INFO  o.e.m.c.i.embedder.EclipseLogger - Copying 0 resource
2026-08-31 09:37:35,679 [Worker-42: Building workspace] WARN  o.e.m.c.i.embedder.EclipseLogger - Using platform encoding (MS949 actually) to copy filtered resources, i.e. build is platform dependent!
2026-08-31 09:37:35,681 [Worker-42: Building workspace] INFO  o.e.m.c.i.embedder.EclipseLogger - Copying 3 resources
2026-08-31 09:37:35,682 [Worker-42: Building workspace] WARN  o.e.m.c.i.embedder.EclipseLogger - Using platform encoding (MS949 actually) to copy filtered resources, i.e. build is platform dependent!
2026-08-31 09:37:35,683 [Worker-42: Building workspace] INFO  o.e.m.c.i.embedder.EclipseLogger - Copying 0 resource
2026-08-31 09:38:08,150 [Worker-38: Building workspace] WARN  o.e.m.c.i.embedder.EclipseLogger - Using platform encoding (MS949 actually) to copy filtered resources, i.e. build is platform dependent!
2026-08-31 09:38:08,152 [Worker-38: Building workspace] INFO  o.e.m.c.i.embedder.EclipseLogger - Copying 3 resources
2026-08-31 09:38:08,153 [Worker-38: Building workspace] WARN  o.e.m.c.i.embedder.EclipseLogger - Using platform encoding (MS949 actually) to copy filtered resources, i.e. build is platform dependent!
2026-08-31 09:38:08,153 [Worker-38: Building workspace] INFO  o.e.m.c.i.embedder.EclipseLogger - Copying 0 resource
2026-08-31 09:38:17,206 [Worker-44: Building workspace] WARN  o.e.m.c.i.embedder.EclipseLogger - Using platform encoding (MS949 actually) to copy filtered resources, i.e. build is platform dependent!
2026-08-31 09:38:17,208 [Worker-44: Building workspace] INFO  o.e.m.c.i.embedder.EclipseLogger - Copying 3 resources
2026-08-31 09:38:17,209 [Worker-44: Building workspace] WARN  o.e.m.c.i.embedder.EclipseLogger - Using platform encoding (MS949 actually) to copy filtered resources, i.e. build is platform dependent!
2026-08-31 09:38:17,210 [Worker-44: Building workspace] INFO  o.e.m.c.i.embedder.EclipseLogger - Copying 0 resource
2026-08-31 09:38:25,797 [Worker-44: Building workspace] WARN  o.e.m.c.i.embedder.EclipseLogger - Using platform encoding (MS949 actually) to copy filtered resources, i.e. build is platform dependent!
2026-08-31 09:38:25,799 [Worker-44: Building workspace] INFO  o.e.m.c.i.embedder.EclipseLogger - Copying 3 resources
2026-08-31 09:38:25,800 [Worker-44: Building workspace] WARN  o.e.m.c.i.embedder.EclipseLogger - Using platform encoding (MS949 actually) to copy filtered resources, i.e. build is platform dependent!
2026-08-31 09:38:25,801 [Worker-44: Building workspace] INFO  o.e.m.c.i.embedder.EclipseLogger - Copying 0 resource
2026-08-31 09:43:45,353 [Worker-50: Building workspace] WARN  o.e.m.c.i.embedder.EclipseLogger - Using platform encoding (MS949 actually) to copy filtered resources, i.e. build is platform dependent!
2026-08-31 09:43:45,354 [Worker-50: Building workspace] INFO  o.e.m.c.i.embedder.EclipseLogger - Copying 3 resources
2026-08-31 09:43:45,355 [Worker-50: Building workspace] WARN  o.e.m.c.i.embedder.EclipseLogger - Using platform encoding (MS949 actually) to copy filtered resources, i.e. build is platform dependent!
2026-08-31 09:43:45,356 [Worker-50: Building workspace] INFO  o.e.m.c.i.embedder.EclipseLogger - Copying 0 resource
2026-08-31 09:44:37,017 [Worker-47: Building workspace] WARN  o.e.m.c.i.embedder.EclipseLogger - Using platform encoding (MS949 actually) to copy filtered resources, i.e. build is platform dependent!
2026-08-31 09:44:37,019 [Worker-47: Building workspace] INFO  o.e.m.c.i.embedder.EclipseLogger - Copying 3 resources
2026-08-31 09:44:37,021 [Worker-47: Building workspace] WARN  o.e.m.c.i.embedder.EclipseLogger - Using platform encoding (MS949 actually) to copy filtered resources, i.e. build is platform dependent!
2026-08-31 09:44:37,022 [Worker-47: Building workspace] INFO  o.e.m.c.i.embedder.EclipseLogger - Copying 0 resource
2026-08-31 09:44:42,453 [Worker-50: Building workspace] WARN  o.e.m.c.i.embedder.EclipseLogger - Using platform encoding (MS949 actually) to copy filtered resources, i.e. build is platform dependent!
2026-08-31 09:44:42,454 [Worker-50: Building workspace] INFO  o.e.m.c.i.embedder.EclipseLogger - Copying 3 resources
2026-08-31 09:44:42,455 [Worker-50: Building workspace] WARN  o.e.m.c.i.embedder.EclipseLogger - Using platform encoding (MS949 actually) to copy filtered resources, i.e. build is platform dependent!
2026-08-31 09:44:42,456 [Worker-50: Building workspace] INFO  o.e.m.c.i.embedder.EclipseLogger - Copying 0 resource
2026-08-31 09:45:26,555 [Worker-46: Building workspace] WARN  o.e.m.c.i.embedder.EclipseLogger - Using platform encoding (MS949 actually) to copy filtered resources, i.e. build is platform dependent!
2026-08-31 09:45:26,557 [Worker-46: Building workspace] INFO  o.e.m.c.i.embedder.EclipseLogger - Copying 3 resources
2026-08-31 09:45:26,558 [Worker-46: Building workspace] WARN  o.e.m.c.i.embedder.EclipseLogger - Using platform encoding (MS949 actually) to copy filtered resources, i.e. build is platform dependent!
2026-08-31 09:45:26,559 [Worker-46: Building workspace] INFO  o.e.m.c.i.embedder.EclipseLogger - Copying 0 resource
2026-08-31 09:45:51,208 [Worker-46: Building workspace] WARN  o.e.m.c.i.embedder.EclipseLogger - Using platform encoding (MS949 actually) to copy filtered resources, i.e. build is platform dependent!
2026-08-31 09:45:51,209 [Worker-46: Building workspace] INFO  o.e.m.c.i.embedder.EclipseLogger - Copying 3 resources
2026-08-31 09:45:51,210 [Worker-46: Building workspace] WARN  o.e.m.c.i.embedder.EclipseLogger - Using platform encoding (MS949 actually) to copy filtered resources, i.e. build is platform dependent!
2026-08-31 09:45:51,210 [Worker-46: Building workspace] INFO  o.e.m.c.i.embedder.EclipseLogger - Copying 0 resource
2026-08-31 09:47:55,800 [Worker-49: Building workspace] WARN  o.e.m.c.i.embedder.EclipseLogger - Using platform encoding (MS949 actually) to copy filtered resources, i.e. build is platform dependent!
2026-08-31 09:47:55,802 [Worker-49: Building workspace] INFO  o.e.m.c.i.embedder.EclipseLogger - Copying 0 resource
2026-08-31 09:47:55,803 [Worker-49: Building workspace] WARN  o.e.m.c.i.embedder.EclipseLogger - Using platform encoding (MS949 actually) to copy filtered resources, i.e. build is platform dependent!
2026-08-31 09:47:55,804 [Worker-49: Building workspace] INFO  o.e.m.c.i.embedder.EclipseLogger - Copying 0 resource
2026-08-31 09:48:04,773 [Worker-47: Building workspace] WARN  o.e.m.c.i.embedder.EclipseLogger - Using platform encoding (MS949 actually) to copy filtered resources, i.e. build is platform dependent!
2026-08-31 09:48:04,774 [Worker-47: Building workspace] INFO  o.e.m.c.i.embedder.EclipseLogger - Copying 0 resource
2026-08-31 09:48:04,775 [Worker-47: Building workspace] WARN  o.e.m.c.i.embedder.EclipseLogger - Using platform encoding (MS949 actually) to copy filtered resources, i.e. build is platform dependent!
2026-08-31 09:48:04,776 [Worker-47: Building workspace] INFO  o.e.m.c.i.embedder.EclipseLogger - Copying 0 resource
2026-08-31 09:48:56,887 [Worker-51: Building workspace] WARN  o.e.m.c.i.embedder.EclipseLogger - Using platform encoding (MS949 actually) to copy filtered resources, i.e. build is platform dependent!
2026-08-31 09:48:56,888 [Worker-51: Building workspace] INFO  o.e.m.c.i.embedder.EclipseLogger - Copying 0 resource
2026-08-31 09:48:56,889 [Worker-51: Building workspace] WARN  o.e.m.c.i.embedder.EclipseLogger - Using platform encoding (MS949 actually) to copy filtered resources, i.e. build is platform dependent!
2026-08-31 09:48:56,890 [Worker-51: Building workspace] INFO  o.e.m.c.i.embedder.EclipseLogger - Copying 0 resource
2026-08-31 10:02:02,308 [Worker-58: Building workspace] WARN  o.e.m.c.i.embedder.EclipseLogger - Using platform encoding (MS949 actually) to copy filtered resources, i.e. build is platform dependent!
2026-08-31 10:02:02,309 [Worker-58: Building workspace] INFO  o.e.m.c.i.embedder.EclipseLogger - Copying 0 resource
2026-08-31 10:02:02,310 [Worker-58: Building workspace] WARN  o.e.m.c.i.embedder.EclipseLogger - Using platform encoding (MS949 actually) to copy filtered resources, i.e. build is platform dependent!
2026-08-31 10:02:02,311 [Worker-58: Building workspace] INFO  o.e.m.c.i.embedder.EclipseLogger - Copying 0 resource
2026-08-31 10:03:25,276 [Worker-60: Building workspace] WARN  o.e.m.c.i.embedder.EclipseLogger - Using platform encoding (MS949 actually) to copy filtered resources, i.e. build is platform dependent!
2026-08-31 10:03:25,278 [Worker-60: Building workspace] INFO  o.e.m.c.i.embedder.EclipseLogger - Copying 0 resource
2026-08-31 10:03:25,279 [Worker-60: Building workspace] WARN  o.e.m.c.i.embedder.EclipseLogger - Using platform encoding (MS949 actually) to copy filtered resources, i.e. build is platform dependent!
2026-08-31 10:03:25,279 [Worker-60: Building workspace] INFO  o.e.m.c.i.embedder.EclipseLogger - Copying 0 resource
2026-08-31 10:03:38,969 [Worker-60: Building workspace] WARN  o.e.m.c.i.embedder.EclipseLogger - Using platform encoding (MS949 actually) to copy filtered resources, i.e. build is platform dependent!
2026-08-31 10:03:38,970 [Worker-60: Building workspace] INFO  o.e.m.c.i.embedder.EclipseLogger - Copying 0 resource
2026-08-31 10:03:38,971 [Worker-60: Building workspace] WARN  o.e.m.c.i.embedder.EclipseLogger - Using platform encoding (MS949 actually) to copy filtered resources, i.e. build is platform dependent!
2026-08-31 10:03:38,972 [Worker-60: Building workspace] INFO  o.e.m.c.i.embedder.EclipseLogger - Copying 0 resource
2026-08-31 10:03:57,153 [Worker-58: Building workspace] WARN  o.e.m.c.i.embedder.EclipseLogger - Using platform encoding (MS949 actually) to copy filtered resources, i.e. build is platform dependent!
2026-08-31 10:03:57,154 [Worker-58: Building workspace] INFO  o.e.m.c.i.embedder.EclipseLogger - Copying 0 resource
2026-08-31 10:03:57,155 [Worker-58: Building workspace] WARN  o.e.m.c.i.embedder.EclipseLogger - Using platform encoding (MS949 actually) to copy filtered resources, i.e. build is platform dependent!
2026-08-31 10:03:57,156 [Worker-58: Building workspace] INFO  o.e.m.c.i.embedder.EclipseLogger - Copying 0 resource
2026-08-31 10:04:14,341 [Worker-62: Building workspace] WARN  o.e.m.c.i.embedder.EclipseLogger - Using platform encoding (MS949 actually) to copy filtered resources, i.e. build is platform dependent!
2026-08-31 10:04:14,342 [Worker-62: Building workspace] INFO  o.e.m.c.i.embedder.EclipseLogger - Copying 0 resource
2026-08-31 10:04:14,342 [Worker-62: Building workspace] WARN  o.e.m.c.i.embedder.EclipseLogger - Using platform encoding (MS949 actually) to copy filtered resources, i.e. build is platform dependent!
2026-08-31 10:04:14,343 [Worker-62: Building workspace] INFO  o.e.m.c.i.embedder.EclipseLogger - Copying 0 resource
2026-08-31 10:04:27,598 [Worker-61: Building workspace] WARN  o.e.m.c.i.embedder.EclipseLogger - Using platform encoding (MS949 actually) to copy filtered resources, i.e. build is platform dependent!
2026-08-31 10:04:27,600 [Worker-61: Building workspace] INFO  o.e.m.c.i.embedder.EclipseLogger - Copying 0 resource
2026-08-31 10:04:27,601 [Worker-61: Building workspace] WARN  o.e.m.c.i.embedder.EclipseLogger - Using platform encoding (MS949 actually) to copy filtered resources, i.e. build is platform dependent!
2026-08-31 10:04:27,602 [Worker-61: Building workspace] INFO  o.e.m.c.i.embedder.EclipseLogger - Copying 0 resource
2026-08-31 10:04:37,449 [Worker-58: Building workspace] WARN  o.e.m.c.i.embedder.EclipseLogger - Using platform encoding (MS949 actually) to copy filtered resources, i.e. build is platform dependent!
2026-08-31 10:04:37,450 [Worker-58: Building workspace] INFO  o.e.m.c.i.embedder.EclipseLogger - Copying 0 resource
2026-08-31 10:04:37,450 [Worker-58: Building workspace] WARN  o.e.m.c.i.embedder.EclipseLogger - Using platform encoding (MS949 actually) to copy filtered resources, i.e. build is platform dependent!
2026-08-31 10:04:37,451 [Worker-58: Building workspace] INFO  o.e.m.c.i.embedder.EclipseLogger - Copying 0 resource
2026-08-31 10:04:57,142 [Worker-59: Building workspace] WARN  o.e.m.c.i.embedder.EclipseLogger - Using platform encoding (MS949 actually) to copy filtered resources, i.e. build is platform dependent!
2026-08-31 10:04:57,143 [Worker-59: Building workspace] INFO  o.e.m.c.i.embedder.EclipseLogger - Copying 0 resource
2026-08-31 10:04:57,144 [Worker-59: Building workspace] WARN  o.e.m.c.i.embedder.EclipseLogger - Using platform encoding (MS949 actually) to copy filtered resources, i.e. build is platform dependent!
2026-08-31 10:04:57,144 [Worker-59: Building workspace] INFO  o.e.m.c.i.embedder.EclipseLogger - Copying 0 resource
2026-08-31 10:05:04,950 [Worker-58: Building workspace] WARN  o.e.m.c.i.embedder.EclipseLogger - Using platform encoding (MS949 actually) to copy filtered resources, i.e. build is platform dependent!
2026-08-31 10:05:04,951 [Worker-58: Building workspace] INFO  o.e.m.c.i.embedder.EclipseLogger - Copying 0 resource
2026-08-31 10:05:04,952 [Worker-58: Building workspace] WARN  o.e.m.c.i.embedder.EclipseLogger - Using platform encoding (MS949 actually) to copy filtered resources, i.e. build is platform dependent!
2026-08-31 10:05:04,953 [Worker-58: Building workspace] INFO  o.e.m.c.i.embedder.EclipseLogger - Copying 0 resource
2026-08-31 10:05:16,662 [Worker-60: Building workspace] WARN  o.e.m.c.i.embedder.EclipseLogger - Using platform encoding (MS949 actually) to copy filtered resources, i.e. build is platform dependent!
2026-08-31 10:05:16,663 [Worker-60: Building workspace] INFO  o.e.m.c.i.embedder.EclipseLogger - Copying 0 resource
2026-08-31 10:05:16,664 [Worker-60: Building workspace] WARN  o.e.m.c.i.embedder.EclipseLogger - Using platform encoding (MS949 actually) to copy filtered resources, i.e. build is platform dependent!
2026-08-31 10:05:16,665 [Worker-60: Building workspace] INFO  o.e.m.c.i.embedder.EclipseLogger - Copying 0 resource
2026-08-31 10:12:25,687 [Worker-71: Building workspace] WARN  o.e.m.c.i.embedder.EclipseLogger - Using platform encoding (MS949 actually) to copy filtered resources, i.e. build is platform dependent!
2026-08-31 10:12:25,691 [Worker-71: Building workspace] INFO  o.e.m.c.i.embedder.EclipseLogger - Copying 3 resources
2026-08-31 10:12:25,693 [Worker-71: Building workspace] WARN  o.e.m.c.i.embedder.EclipseLogger - Using platform encoding (MS949 actually) to copy filtered resources, i.e. build is platform dependent!
2026-08-31 10:12:25,694 [Worker-71: Building workspace] INFO  o.e.m.c.i.embedder.EclipseLogger - Copying 0 resource
2026-08-31 10:13:16,703 [Worker-71: Building workspace] WARN  o.e.m.c.i.embedder.EclipseLogger - Using platform encoding (MS949 actually) to copy filtered resources, i.e. build is platform dependent!
2026-08-31 10:13:16,704 [Worker-71: Building workspace] INFO  o.e.m.c.i.embedder.EclipseLogger - Copying 0 resource
2026-08-31 10:13:16,706 [Worker-71: Building workspace] WARN  o.e.m.c.i.embedder.EclipseLogger - Using platform encoding (MS949 actually) to copy filtered resources, i.e. build is platform dependent!
2026-08-31 10:13:16,707 [Worker-71: Building workspace] INFO  o.e.m.c.i.embedder.EclipseLogger - Copying 0 resource
2026-08-31 10:14:35,561 [Worker-71: Building workspace] WARN  o.e.m.c.i.embedder.EclipseLogger - Using platform encoding (MS949 actually) to copy filtered resources, i.e. build is platform dependent!
2026-08-31 10:14:35,562 [Worker-71: Building workspace] INFO  o.e.m.c.i.embedder.EclipseLogger - Copying 0 resource
2026-08-31 10:14:35,563 [Worker-71: Building workspace] WARN  o.e.m.c.i.embedder.EclipseLogger - Using platform encoding (MS949 actually) to copy filtered resources, i.e. build is platform dependent!
2026-08-31 10:14:35,564 [Worker-71: Building workspace] INFO  o.e.m.c.i.embedder.EclipseLogger - Copying 0 resource
2026-08-31 10:15:14,203 [Worker-66: Building workspace] WARN  o.e.m.c.i.embedder.EclipseLogger - Using platform encoding (MS949 actually) to copy filtered resources, i.e. build is platform dependent!
2026-08-31 10:15:14,204 [Worker-66: Building workspace] INFO  o.e.m.c.i.embedder.EclipseLogger - Copying 0 resource
2026-08-31 10:15:14,205 [Worker-66: Building workspace] WARN  o.e.m.c.i.embedder.EclipseLogger - Using platform encoding (MS949 actually) to copy filtered resources, i.e. build is platform dependent!
2026-08-31 10:15:14,206 [Worker-66: Building workspace] INFO  o.e.m.c.i.embedder.EclipseLogger - Copying 0 resource
2026-08-31 10:18:24,424 [Worker-69: Building workspace] WARN  o.e.m.c.i.embedder.EclipseLogger - Using platform encoding (MS949 actually) to copy filtered resources, i.e. build is platform dependent!
2026-08-31 10:18:24,425 [Worker-69: Building workspace] INFO  o.e.m.c.i.embedder.EclipseLogger - Copying 0 resource
2026-08-31 10:18:24,426 [Worker-69: Building workspace] WARN  o.e.m.c.i.embedder.EclipseLogger - Using platform encoding (MS949 actually) to copy filtered resources, i.e. build is platform dependent!
2026-08-31 10:18:24,428 [Worker-69: Building workspace] INFO  o.e.m.c.i.embedder.EclipseLogger - Copying 0 resource
2026-08-31 10:20:50,394 [Worker-71: Building workspace] WARN  o.e.m.c.i.embedder.EclipseLogger - Using platform encoding (MS949 actually) to copy filtered resources, i.e. build is platform dependent!
2026-08-31 10:20:50,395 [Worker-71: Building workspace] INFO  o.e.m.c.i.embedder.EclipseLogger - Copying 0 resource
2026-08-31 10:20:50,397 [Worker-71: Building workspace] WARN  o.e.m.c.i.embedder.EclipseLogger - Using platform encoding (MS949 actually) to copy filtered resources, i.e. build is platform dependent!
2026-08-31 10:20:50,398 [Worker-71: Building workspace] INFO  o.e.m.c.i.embedder.EclipseLogger - Copying 0 resource
2026-08-31 10:24:26,034 [Worker-69: Building workspace] WARN  o.e.m.c.i.embedder.EclipseLogger - Using platform encoding (MS949 actually) to copy filtered resources, i.e. build is platform dependent!
2026-08-31 10:24:26,036 [Worker-69: Building workspace] INFO  o.e.m.c.i.embedder.EclipseLogger - Copying 0 resource
2026-08-31 10:24:26,038 [Worker-69: Building workspace] WARN  o.e.m.c.i.embedder.EclipseLogger - Using platform encoding (MS949 actually) to copy filtered resources, i.e. build is platform dependent!
2026-08-31 10:24:26,039 [Worker-69: Building workspace] INFO  o.e.m.c.i.embedder.EclipseLogger - Copying 0 resource
2026-08-31 10:24:40,580 [Worker-63: Building workspace] WARN  o.e.m.c.i.embedder.EclipseLogger - Using platform encoding (MS949 actually) to copy filtered resources, i.e. build is platform dependent!
2026-08-31 10:24:40,581 [Worker-63: Building workspace] INFO  o.e.m.c.i.embedder.EclipseLogger - Copying 0 resource
2026-08-31 10:24:40,582 [Worker-63: Building workspace] WARN  o.e.m.c.i.embedder.EclipseLogger - Using platform encoding (MS949 actually) to copy filtered resources, i.e. build is platform dependent!
2026-08-31 10:24:40,582 [Worker-63: Building workspace] INFO  o.e.m.c.i.embedder.EclipseLogger - Copying 0 resource
2026-08-31 10:27:50,092 [Worker-79: Building workspace] WARN  o.e.m.c.i.embedder.EclipseLogger - Using platform encoding (MS949 actually) to copy filtered resources, i.e. build is platform dependent!
2026-08-31 10:27:50,093 [Worker-79: Building workspace] INFO  o.e.m.c.i.embedder.EclipseLogger - Copying 0 resource
2026-08-31 10:27:50,094 [Worker-79: Building workspace] WARN  o.e.m.c.i.embedder.EclipseLogger - Using platform encoding (MS949 actually) to copy filtered resources, i.e. build is platform dependent!
2026-08-31 10:27:50,095 [Worker-79: Building workspace] INFO  o.e.m.c.i.embedder.EclipseLogger - Copying 0 resource
2026-08-31 10:29:03,509 [Worker-76: Building workspace] WARN  o.e.m.c.i.embedder.EclipseLogger - Using platform encoding (MS949 actually) to copy filtered resources, i.e. build is platform dependent!
2026-08-31 10:29:03,511 [Worker-76: Building workspace] INFO  o.e.m.c.i.embedder.EclipseLogger - Copying 0 resource
2026-08-31 10:29:03,512 [Worker-76: Building workspace] WARN  o.e.m.c.i.embedder.EclipseLogger - Using platform encoding (MS949 actually) to copy filtered resources, i.e. build is platform dependent!
2026-08-31 10:29:03,514 [Worker-76: Building workspace] INFO  o.e.m.c.i.embedder.EclipseLogger - Copying 0 resource
2026-08-31 10:30:38,544 [Worker-81: Building workspace] WARN  o.e.m.c.i.embedder.EclipseLogger - Using platform encoding (MS949 actually) to copy filtered resources, i.e. build is platform dependent!
2026-08-31 10:30:38,545 [Worker-81: Building workspace] INFO  o.e.m.c.i.embedder.EclipseLogger - Copying 0 resource
2026-08-31 10:30:38,546 [Worker-81: Building workspace] WARN  o.e.m.c.i.embedder.EclipseLogger - Using platform encoding (MS949 actually) to copy filtered resources, i.e. build is platform dependent!
2026-08-31 10:30:38,546 [Worker-81: Building workspace] INFO  o.e.m.c.i.embedder.EclipseLogger - Copying 0 resource
2026-08-31 10:30:43,092 [Worker-80: Building workspace] WARN  o.e.m.c.i.embedder.EclipseLogger - Using platform encoding (MS949 actually) to copy filtered resources, i.e. build is platform dependent!
2026-08-31 10:30:43,093 [Worker-80: Building workspace] INFO  o.e.m.c.i.embedder.EclipseLogger - Copying 0 resource
2026-08-31 10:30:43,095 [Worker-80: Building workspace] WARN  o.e.m.c.i.embedder.EclipseLogger - Using platform encoding (MS949 actually) to copy filtered resources, i.e. build is platform dependent!
2026-08-31 10:30:43,096 [Worker-80: Building workspace] INFO  o.e.m.c.i.embedder.EclipseLogger - Copying 0 resource
2026-08-31 10:34:09,175 [Worker-80: Building workspace] WARN  o.e.m.c.i.embedder.EclipseLogger - Using platform encoding (MS949 actually) to copy filtered resources, i.e. build is platform dependent!
2026-08-31 10:34:09,176 [Worker-80: Building workspace] INFO  o.e.m.c.i.embedder.EclipseLogger - Copying 0 resource
2026-08-31 10:34:09,177 [Worker-80: Building workspace] WARN  o.e.m.c.i.embedder.EclipseLogger - Using platform encoding (MS949 actually) to copy filtered resources, i.e. build is platform dependent!
2026-08-31 10:34:09,178 [Worker-80: Building workspace] INFO  o.e.m.c.i.embedder.EclipseLogger - Copying 0 resource
2026-08-31 10:34:25,843 [Worker-82: Building workspace] WARN  o.e.m.c.i.embedder.EclipseLogger - Using platform encoding (MS949 actually) to copy filtered resources, i.e. build is platform dependent!
2026-08-31 10:34:25,845 [Worker-82: Building workspace] INFO  o.e.m.c.i.embedder.EclipseLogger - Copying 0 resource
2026-08-31 10:34:25,845 [Worker-82: Building workspace] WARN  o.e.m.c.i.embedder.EclipseLogger - Using platform encoding (MS949 actually) to copy filtered resources, i.e. build is platform dependent!
2026-08-31 10:34:25,846 [Worker-82: Building workspace] INFO  o.e.m.c.i.embedder.EclipseLogger - Copying 0 resource
2026-08-31 10:38:01,530 [Worker-76: Building workspace] WARN  o.e.m.c.i.embedder.EclipseLogger - Using platform encoding (MS949 actually) to copy filtered resources, i.e. build is platform dependent!
2026-08-31 10:38:01,532 [Worker-76: Building workspace] INFO  o.e.m.c.i.embedder.EclipseLogger - Copying 0 resource
2026-08-31 10:38:01,533 [Worker-76: Building workspace] WARN  o.e.m.c.i.embedder.EclipseLogger - Using platform encoding (MS949 actually) to copy filtered resources, i.e. build is platform dependent!
2026-08-31 10:38:01,535 [Worker-76: Building workspace] INFO  o.e.m.c.i.embedder.EclipseLogger - Copying 0 resource
2026-08-31 10:38:05,025 [Worker-83: Building workspace] WARN  o.e.m.c.i.embedder.EclipseLogger - Using platform encoding (MS949 actually) to copy filtered resources, i.e. build is platform dependent!
2026-08-31 10:38:05,026 [Worker-83: Building workspace] INFO  o.e.m.c.i.embedder.EclipseLogger - Copying 0 resource
2026-08-31 10:38:05,029 [Worker-83: Building workspace] WARN  o.e.m.c.i.embedder.EclipseLogger - Using platform encoding (MS949 actually) to copy filtered resources, i.e. build is platform dependent!
2026-08-31 10:38:05,030 [Worker-83: Building workspace] INFO  o.e.m.c.i.embedder.EclipseLogger - Copying 0 resource
2026-08-31 10:39:28,853 [Worker-76: Building workspace] WARN  o.e.m.c.i.embedder.EclipseLogger - Using platform encoding (MS949 actually) to copy filtered resources, i.e. build is platform dependent!
2026-08-31 10:39:28,854 [Worker-76: Building workspace] INFO  o.e.m.c.i.embedder.EclipseLogger - Copying 0 resource
2026-08-31 10:39:28,855 [Worker-76: Building workspace] WARN  o.e.m.c.i.embedder.EclipseLogger - Using platform encoding (MS949 actually) to copy filtered resources, i.e. build is platform dependent!
2026-08-31 10:39:28,856 [Worker-76: Building workspace] INFO  o.e.m.c.i.embedder.EclipseLogger - Copying 0 resource
2026-08-31 11:05:48,127 [Worker-91: Building workspace] WARN  o.e.m.c.i.embedder.EclipseLogger - Using platform encoding (MS949 actually) to copy filtered resources, i.e. build is platform dependent!
2026-08-31 11:05:48,128 [Worker-91: Building workspace] INFO  o.e.m.c.i.embedder.EclipseLogger - Copying 0 resource
2026-08-31 11:05:48,128 [Worker-91: Building workspace] WARN  o.e.m.c.i.embedder.EclipseLogger - Using platform encoding (MS949 actually) to copy filtered resources, i.e. build is platform dependent!
2026-08-31 11:05:48,130 [Worker-91: Building workspace] INFO  o.e.m.c.i.embedder.EclipseLogger - Copying 0 resource
2026-08-31 11:05:51,140 [Worker-88: Building workspace] WARN  o.e.m.c.i.embedder.EclipseLogger - Using platform encoding (MS949 actually) to copy filtered resources, i.e. build is platform dependent!
2026-08-31 11:05:51,142 [Worker-88: Building workspace] INFO  o.e.m.c.i.embedder.EclipseLogger - Copying 0 resource
2026-08-31 11:05:51,143 [Worker-88: Building workspace] WARN  o.e.m.c.i.embedder.EclipseLogger - Using platform encoding (MS949 actually) to copy filtered resources, i.e. build is platform dependent!
2026-08-31 11:05:51,145 [Worker-88: Building workspace] INFO  o.e.m.c.i.embedder.EclipseLogger - Copying 0 resource
2026-08-31 11:08:00,097 [Worker-92: Building workspace] WARN  o.e.m.c.i.embedder.EclipseLogger - Using platform encoding (MS949 actually) to copy filtered resources, i.e. build is platform dependent!
2026-08-31 11:08:00,099 [Worker-92: Building workspace] INFO  o.e.m.c.i.embedder.EclipseLogger - Copying 0 resource
2026-08-31 11:08:00,102 [Worker-92: Building workspace] WARN  o.e.m.c.i.embedder.EclipseLogger - Using platform encoding (MS949 actually) to copy filtered resources, i.e. build is platform dependent!
2026-08-31 11:08:00,104 [Worker-92: Building workspace] INFO  o.e.m.c.i.embedder.EclipseLogger - Copying 0 resource
2026-08-31 11:08:31,763 [Worker-94: Building workspace] WARN  o.e.m.c.i.embedder.EclipseLogger - Using platform encoding (MS949 actually) to copy filtered resources, i.e. build is platform dependent!
2026-08-31 11:08:31,765 [Worker-94: Building workspace] INFO  o.e.m.c.i.embedder.EclipseLogger - Copying 0 resource
2026-08-31 11:08:31,768 [Worker-94: Building workspace] WARN  o.e.m.c.i.embedder.EclipseLogger - Using platform encoding (MS949 actually) to copy filtered resources, i.e. build is platform dependent!
2026-08-31 11:08:31,769 [Worker-94: Building workspace] INFO  o.e.m.c.i.embedder.EclipseLogger - Copying 0 resource
2026-08-31 11:08:39,113 [Worker-93: Building workspace] WARN  o.e.m.c.i.embedder.EclipseLogger - Using platform encoding (MS949 actually) to copy filtered resources, i.e. build is platform dependent!
2026-08-31 11:08:39,114 [Worker-93: Building workspace] INFO  o.e.m.c.i.embedder.EclipseLogger - Copying 0 resource
2026-08-31 11:08:39,116 [Worker-93: Building workspace] WARN  o.e.m.c.i.embedder.EclipseLogger - Using platform encoding (MS949 actually) to copy filtered resources, i.e. build is platform dependent!
2026-08-31 11:08:39,117 [Worker-93: Building workspace] INFO  o.e.m.c.i.embedder.EclipseLogger - Copying 0 resource
2026-08-31 11:11:24,024 [Worker-96: Building workspace] WARN  o.e.m.c.i.embedder.EclipseLogger - Using platform encoding (MS949 actually) to copy filtered resources, i.e. build is platform dependent!
2026-08-31 11:11:24,026 [Worker-96: Building workspace] INFO  o.e.m.c.i.embedder.EclipseLogger - Copying 3 resources
2026-08-31 11:11:24,028 [Worker-96: Building workspace] WARN  o.e.m.c.i.embedder.EclipseLogger - Using platform encoding (MS949 actually) to copy filtered resources, i.e. build is platform dependent!
2026-08-31 11:11:24,029 [Worker-96: Building workspace] INFO  o.e.m.c.i.embedder.EclipseLogger - Copying 0 resource
2026-08-31 11:11:28,261 [Worker-92: Building workspace] WARN  o.e.m.c.i.embedder.EclipseLogger - Using platform encoding (MS949 actually) to copy filtered resources, i.e. build is platform dependent!
2026-08-31 11:11:28,263 [Worker-92: Building workspace] INFO  o.e.m.c.i.embedder.EclipseLogger - Copying 3 resources
2026-08-31 11:11:28,264 [Worker-92: Building workspace] WARN  o.e.m.c.i.embedder.EclipseLogger - Using platform encoding (MS949 actually) to copy filtered resources, i.e. build is platform dependent!
2026-08-31 11:11:28,264 [Worker-92: Building workspace] INFO  o.e.m.c.i.embedder.EclipseLogger - Copying 0 resource
2026-08-31 11:11:34,735 [Worker-92: Building workspace] WARN  o.e.m.c.i.embedder.EclipseLogger - Using platform encoding (MS949 actually) to copy filtered resources, i.e. build is platform dependent!
2026-08-31 11:11:34,737 [Worker-92: Building workspace] INFO  o.e.m.c.i.embedder.EclipseLogger - Copying 3 resources
2026-08-31 11:11:34,738 [Worker-92: Building workspace] WARN  o.e.m.c.i.embedder.EclipseLogger - Using platform encoding (MS949 actually) to copy filtered resources, i.e. build is platform dependent!
2026-08-31 11:11:34,739 [Worker-92: Building workspace] INFO  o.e.m.c.i.embedder.EclipseLogger - Copying 0 resource
2026-08-31 11:13:01,260 [Worker-96: Building workspace] WARN  o.e.m.c.i.embedder.EclipseLogger - Using platform encoding (MS949 actually) to copy filtered resources, i.e. build is platform dependent!
2026-08-31 11:13:01,262 [Worker-96: Building workspace] INFO  o.e.m.c.i.embedder.EclipseLogger - Copying 3 resources
2026-08-31 11:13:01,264 [Worker-96: Building workspace] WARN  o.e.m.c.i.embedder.EclipseLogger - Using platform encoding (MS949 actually) to copy filtered resources, i.e. build is platform dependent!
2026-08-31 11:13:01,265 [Worker-96: Building workspace] INFO  o.e.m.c.i.embedder.EclipseLogger - Copying 0 resource
2026-08-31 11:13:37,802 [Worker-98: Building workspace] WARN  o.e.m.c.i.embedder.EclipseLogger - Using platform encoding (MS949 actually) to copy filtered resources, i.e. build is platform dependent!
2026-08-31 11:13:37,805 [Worker-98: Building workspace] INFO  o.e.m.c.i.embedder.EclipseLogger - Copying 3 resources
2026-08-31 11:13:37,806 [Worker-98: Building workspace] WARN  o.e.m.c.i.embedder.EclipseLogger - Using platform encoding (MS949 actually) to copy filtered resources, i.e. build is platform dependent!
2026-08-31 11:13:37,807 [Worker-98: Building workspace] INFO  o.e.m.c.i.embedder.EclipseLogger - Copying 0 resource
2026-08-31 11:13:49,076 [Worker-94: Building workspace] WARN  o.e.m.c.i.embedder.EclipseLogger - Using platform encoding (MS949 actually) to copy filtered resources, i.e. build is platform dependent!
2026-08-31 11:13:49,078 [Worker-94: Building workspace] INFO  o.e.m.c.i.embedder.EclipseLogger - Copying 3 resources
2026-08-31 11:13:49,079 [Worker-94: Building workspace] WARN  o.e.m.c.i.embedder.EclipseLogger - Using platform encoding (MS949 actually) to copy filtered resources, i.e. build is platform dependent!
2026-08-31 11:13:49,080 [Worker-94: Building workspace] INFO  o.e.m.c.i.embedder.EclipseLogger - Copying 0 resource
2026-08-31 11:14:19,704 [Worker-92: Building workspace] WARN  o.e.m.c.i.embedder.EclipseLogger - Using platform encoding (MS949 actually) to copy filtered resources, i.e. build is platform dependent!
2026-08-31 11:14:19,705 [Worker-92: Building workspace] INFO  o.e.m.c.i.embedder.EclipseLogger - Copying 0 resource
2026-08-31 11:14:19,705 [Worker-92: Building workspace] WARN  o.e.m.c.i.embedder.EclipseLogger - Using platform encoding (MS949 actually) to copy filtered resources, i.e. build is platform dependent!
2026-08-31 11:14:19,706 [Worker-92: Building workspace] INFO  o.e.m.c.i.embedder.EclipseLogger - Copying 0 resource
2026-08-31 11:14:27,689 [Worker-94: Building workspace] WARN  o.e.m.c.i.embedder.EclipseLogger - Using platform encoding (MS949 actually) to copy filtered resources, i.e. build is platform dependent!
2026-08-31 11:14:27,690 [Worker-94: Building workspace] INFO  o.e.m.c.i.embedder.EclipseLogger - Copying 0 resource
2026-08-31 11:14:27,691 [Worker-94: Building workspace] WARN  o.e.m.c.i.embedder.EclipseLogger - Using platform encoding (MS949 actually) to copy filtered resources, i.e. build is platform dependent!
2026-08-31 11:14:27,693 [Worker-94: Building workspace] INFO  o.e.m.c.i.embedder.EclipseLogger - Copying 0 resource
2026-08-31 11:15:11,727 [Worker-95: Building workspace] WARN  o.e.m.c.i.embedder.EclipseLogger - Using platform encoding (MS949 actually) to copy filtered resources, i.e. build is platform dependent!
2026-08-31 11:15:11,727 [Worker-95: Building workspace] INFO  o.e.m.c.i.embedder.EclipseLogger - Copying 0 resource
2026-08-31 11:15:11,728 [Worker-95: Building workspace] WARN  o.e.m.c.i.embedder.EclipseLogger - Using platform encoding (MS949 actually) to copy filtered resources, i.e. build is platform dependent!
2026-08-31 11:15:11,729 [Worker-95: Building workspace] INFO  o.e.m.c.i.embedder.EclipseLogger - Copying 0 resource
2026-08-31 11:15:42,071 [Worker-94: Building workspace] WARN  o.e.m.c.i.embedder.EclipseLogger - Using platform encoding (MS949 actually) to copy filtered resources, i.e. build is platform dependent!
2026-08-31 11:15:42,073 [Worker-94: Building workspace] INFO  o.e.m.c.i.embedder.EclipseLogger - Copying 0 resource
2026-08-31 11:15:42,074 [Worker-94: Building workspace] WARN  o.e.m.c.i.embedder.EclipseLogger - Using platform encoding (MS949 actually) to copy filtered resources, i.e. build is platform dependent!
2026-08-31 11:15:42,075 [Worker-94: Building workspace] INFO  o.e.m.c.i.embedder.EclipseLogger - Copying 0 resource
2026-08-31 11:16:27,100 [Worker-100: Building workspace] WARN  o.e.m.c.i.embedder.EclipseLogger - Using platform encoding (MS949 actually) to copy filtered resources, i.e. build is platform dependent!
2026-08-31 11:16:27,102 [Worker-100: Building workspace] INFO  o.e.m.c.i.embedder.EclipseLogger - Copying 0 resource
2026-08-31 11:16:27,106 [Worker-100: Building workspace] WARN  o.e.m.c.i.embedder.EclipseLogger - Using platform encoding (MS949 actually) to copy filtered resources, i.e. build is platform dependent!
2026-08-31 11:16:27,107 [Worker-100: Building workspace] INFO  o.e.m.c.i.embedder.EclipseLogger - Copying 0 resource
2026-08-31 11:16:30,042 [Worker-96: Building workspace] WARN  o.e.m.c.i.embedder.EclipseLogger - Using platform encoding (MS949 actually) to copy filtered resources, i.e. build is platform dependent!
2026-08-31 11:16:30,043 [Worker-96: Building workspace] INFO  o.e.m.c.i.embedder.EclipseLogger - Copying 0 resource
2026-08-31 11:16:30,043 [Worker-96: Building workspace] WARN  o.e.m.c.i.embedder.EclipseLogger - Using platform encoding (MS949 actually) to copy filtered resources, i.e. build is platform dependent!
2026-08-31 11:16:30,044 [Worker-96: Building workspace] INFO  o.e.m.c.i.embedder.EclipseLogger - Copying 0 resource
2026-08-31 11:17:15,786 [Worker-99: Building workspace] WARN  o.e.m.c.i.embedder.EclipseLogger - Using platform encoding (MS949 actually) to copy filtered resources, i.e. build is platform dependent!
2026-08-31 11:17:15,787 [Worker-99: Building workspace] INFO  o.e.m.c.i.embedder.EclipseLogger - Copying 0 resource
2026-08-31 11:17:15,788 [Worker-99: Building workspace] WARN  o.e.m.c.i.embedder.EclipseLogger - Using platform encoding (MS949 actually) to copy filtered resources, i.e. build is platform dependent!
2026-08-31 11:17:15,788 [Worker-99: Building workspace] INFO  o.e.m.c.i.embedder.EclipseLogger - Copying 0 resource
2026-08-31 11:17:35,631 [Worker-96: Building workspace] WARN  o.e.m.c.i.embedder.EclipseLogger - Using platform encoding (MS949 actually) to copy filtered resources, i.e. build is platform dependent!
2026-08-31 11:17:35,633 [Worker-96: Building workspace] INFO  o.e.m.c.i.embedder.EclipseLogger - Copying 0 resource
2026-08-31 11:17:35,634 [Worker-96: Building workspace] WARN  o.e.m.c.i.embedder.EclipseLogger - Using platform encoding (MS949 actually) to copy filtered resources, i.e. build is platform dependent!
2026-08-31 11:17:35,635 [Worker-96: Building workspace] INFO  o.e.m.c.i.embedder.EclipseLogger - Copying 0 resource
2026-08-31 11:19:18,364 [Worker-80: Building workspace] WARN  o.e.m.c.i.embedder.EclipseLogger - Using platform encoding (MS949 actually) to copy filtered resources, i.e. build is platform dependent!
2026-08-31 11:19:18,366 [Worker-80: Building workspace] INFO  o.e.m.c.i.embedder.EclipseLogger - Copying 0 resource
2026-08-31 11:19:18,367 [Worker-80: Building workspace] WARN  o.e.m.c.i.embedder.EclipseLogger - Using platform encoding (MS949 actually) to copy filtered resources, i.e. build is platform dependent!
2026-08-31 11:19:18,369 [Worker-80: Building workspace] INFO  o.e.m.c.i.embedder.EclipseLogger - Copying 0 resource
2026-08-31 11:19:23,657 [Worker-94: Building workspace] WARN  o.e.m.c.i.embedder.EclipseLogger - Using platform encoding (MS949 actually) to copy filtered resources, i.e. build is platform dependent!
2026-08-31 11:19:23,658 [Worker-94: Building workspace] INFO  o.e.m.c.i.embedder.EclipseLogger - Copying 0 resource
2026-08-31 11:19:23,659 [Worker-94: Building workspace] WARN  o.e.m.c.i.embedder.EclipseLogger - Using platform encoding (MS949 actually) to copy filtered resources, i.e. build is platform dependent!
2026-08-31 11:19:23,659 [Worker-94: Building workspace] INFO  o.e.m.c.i.embedder.EclipseLogger - Copying 0 resource
2026-08-31 11:21:58,156 [Worker-94: Building workspace] WARN  o.e.m.c.i.embedder.EclipseLogger - Using platform encoding (MS949 actually) to copy filtered resources, i.e. build is platform dependent!
2026-08-31 11:21:58,158 [Worker-94: Building workspace] INFO  o.e.m.c.i.embedder.EclipseLogger - Copying 0 resource
2026-08-31 11:21:58,160 [Worker-94: Building workspace] WARN  o.e.m.c.i.embedder.EclipseLogger - Using platform encoding (MS949 actually) to copy filtered resources, i.e. build is platform dependent!
2026-08-31 11:21:58,161 [Worker-94: Building workspace] INFO  o.e.m.c.i.embedder.EclipseLogger - Copying 0 resource
2026-08-31 11:23:00,053 [Worker-98: Building workspace] WARN  o.e.m.c.i.embedder.EclipseLogger - Using platform encoding (MS949 actually) to copy filtered resources, i.e. build is platform dependent!
2026-08-31 11:23:00,055 [Worker-98: Building workspace] INFO  o.e.m.c.i.embedder.EclipseLogger - Copying 0 resource
2026-08-31 11:23:00,056 [Worker-98: Building workspace] WARN  o.e.m.c.i.embedder.EclipseLogger - Using platform encoding (MS949 actually) to copy filtered resources, i.e. build is platform dependent!
2026-08-31 11:23:00,057 [Worker-98: Building workspace] INFO  o.e.m.c.i.embedder.EclipseLogger - Copying 0 resource
2026-08-31 11:23:01,076 [Worker-80: Building workspace] WARN  o.e.m.c.i.embedder.EclipseLogger - Using platform encoding (MS949 actually) to copy filtered resources, i.e. build is platform dependent!
2026-08-31 11:23:01,077 [Worker-80: Building workspace] INFO  o.e.m.c.i.embedder.EclipseLogger - Copying 0 resource
2026-08-31 11:23:01,078 [Worker-80: Building workspace] WARN  o.e.m.c.i.embedder.EclipseLogger - Using platform encoding (MS949 actually) to copy filtered resources, i.e. build is platform dependent!
2026-08-31 11:23:01,079 [Worker-80: Building workspace] INFO  o.e.m.c.i.embedder.EclipseLogger - Copying 0 resource
2026-08-31 11:30:19,538 [Worker-80: Building workspace] WARN  o.e.m.c.i.embedder.EclipseLogger - Using platform encoding (MS949 actually) to copy filtered resources, i.e. build is platform dependent!
2026-08-31 11:30:19,539 [Worker-80: Building workspace] INFO  o.e.m.c.i.embedder.EclipseLogger - Copying 0 resource
2026-08-31 11:30:19,540 [Worker-80: Building workspace] WARN  o.e.m.c.i.embedder.EclipseLogger - Using platform encoding (MS949 actually) to copy filtered resources, i.e. build is platform dependent!
2026-08-31 11:30:19,540 [Worker-80: Building workspace] INFO  o.e.m.c.i.embedder.EclipseLogger - Copying 0 resource
2026-08-31 11:30:54,298 [Worker-103: Building workspace] WARN  o.e.m.c.i.embedder.EclipseLogger - Using platform encoding (MS949 actually) to copy filtered resources, i.e. build is platform dependent!
2026-08-31 11:30:54,299 [Worker-103: Building workspace] INFO  o.e.m.c.i.embedder.EclipseLogger - Copying 0 resource
2026-08-31 11:30:54,301 [Worker-103: Building workspace] WARN  o.e.m.c.i.embedder.EclipseLogger - Using platform encoding (MS949 actually) to copy filtered resources, i.e. build is platform dependent!
2026-08-31 11:30:54,303 [Worker-103: Building workspace] INFO  o.e.m.c.i.embedder.EclipseLogger - Copying 0 resource
2026-08-31 11:34:23,377 [Worker-109: Building workspace] WARN  o.e.m.c.i.embedder.EclipseLogger - Using platform encoding (MS949 actually) to copy filtered resources, i.e. build is platform dependent!
2026-08-31 11:34:23,378 [Worker-109: Building workspace] INFO  o.e.m.c.i.embedder.EclipseLogger - Copying 0 resource
2026-08-31 11:34:23,378 [Worker-109: Building workspace] WARN  o.e.m.c.i.embedder.EclipseLogger - Using platform encoding (MS949 actually) to copy filtered resources, i.e. build is platform dependent!
2026-08-31 11:34:23,379 [Worker-109: Building workspace] INFO  o.e.m.c.i.embedder.EclipseLogger - Copying 0 resource
2026-08-31 12:08:06,960 [Worker-116: Building workspace] WARN  o.e.m.c.i.embedder.EclipseLogger - Using platform encoding (MS949 actually) to copy filtered resources, i.e. build is platform dependent!
2026-08-31 12:08:06,961 [Worker-116: Building workspace] INFO  o.e.m.c.i.embedder.EclipseLogger - Copying 0 resource
2026-08-31 12:08:06,962 [Worker-116: Building workspace] WARN  o.e.m.c.i.embedder.EclipseLogger - Using platform encoding (MS949 actually) to copy filtered resources, i.e. build is platform dependent!
2026-08-31 12:08:06,963 [Worker-116: Building workspace] INFO  o.e.m.c.i.embedder.EclipseLogger - Copying 0 resource
2026-08-31 12:08:16,976 [Worker-118: Building workspace] WARN  o.e.m.c.i.embedder.EclipseLogger - Using platform encoding (MS949 actually) to copy filtered resources, i.e. build is platform dependent!
2026-08-31 12:08:16,978 [Worker-118: Building workspace] INFO  o.e.m.c.i.embedder.EclipseLogger - Copying 0 resource
2026-08-31 12:08:16,979 [Worker-118: Building workspace] WARN  o.e.m.c.i.embedder.EclipseLogger - Using platform encoding (MS949 actually) to copy filtered resources, i.e. build is platform dependent!
2026-08-31 12:08:16,982 [Worker-118: Building workspace] INFO  o.e.m.c.i.embedder.EclipseLogger - Copying 0 resource
2026-08-31 12:10:11,203 [Worker-120: Building workspace] WARN  o.e.m.c.i.embedder.EclipseLogger - Using platform encoding (MS949 actually) to copy filtered resources, i.e. build is platform dependent!
2026-08-31 12:10:11,205 [Worker-120: Building workspace] INFO  o.e.m.c.i.embedder.EclipseLogger - Copying 0 resource
2026-08-31 12:10:11,207 [Worker-120: Building workspace] WARN  o.e.m.c.i.embedder.EclipseLogger - Using platform encoding (MS949 actually) to copy filtered resources, i.e. build is platform dependent!
2026-08-31 12:10:11,209 [Worker-120: Building workspace] INFO  o.e.m.c.i.embedder.EclipseLogger - Copying 0 resource
2026-08-31 12:11:55,104 [Worker-122: Building workspace] WARN  o.e.m.c.i.embedder.EclipseLogger - Using platform encoding (MS949 actually) to copy filtered resources, i.e. build is platform dependent!
2026-08-31 12:11:55,105 [Worker-122: Building workspace] INFO  o.e.m.c.i.embedder.EclipseLogger - Copying 0 resource
2026-08-31 12:11:55,106 [Worker-122: Building workspace] WARN  o.e.m.c.i.embedder.EclipseLogger - Using platform encoding (MS949 actually) to copy filtered resources, i.e. build is platform dependent!
2026-08-31 12:11:55,106 [Worker-122: Building workspace] INFO  o.e.m.c.i.embedder.EclipseLogger - Copying 0 resource
2026-08-31 12:13:25,451 [Worker-125: Building workspace] WARN  o.e.m.c.i.embedder.EclipseLogger - Using platform encoding (MS949 actually) to copy filtered resources, i.e. build is platform dependent!
2026-08-31 12:13:25,453 [Worker-125: Building workspace] INFO  o.e.m.c.i.embedder.EclipseLogger - Copying 0 resource
2026-08-31 12:13:25,453 [Worker-125: Building workspace] WARN  o.e.m.c.i.embedder.EclipseLogger - Using platform encoding (MS949 actually) to copy filtered resources, i.e. build is platform dependent!
2026-08-31 12:13:25,454 [Worker-125: Building workspace] INFO  o.e.m.c.i.embedder.EclipseLogger - Copying 0 resource
2026-08-31 12:14:45,695 [Worker-122: Building workspace] WARN  o.e.m.c.i.embedder.EclipseLogger - Using platform encoding (MS949 actually) to copy filtered resources, i.e. build is platform dependent!
2026-08-31 12:14:45,696 [Worker-122: Building workspace] INFO  o.e.m.c.i.embedder.EclipseLogger - Copying 0 resource
2026-08-31 12:14:45,697 [Worker-122: Building workspace] WARN  o.e.m.c.i.embedder.EclipseLogger - Using platform encoding (MS949 actually) to copy filtered resources, i.e. build is platform dependent!
2026-08-31 12:14:45,697 [Worker-122: Building workspace] INFO  o.e.m.c.i.embedder.EclipseLogger - Copying 0 resource
2026-08-31 12:21:58,290 [Worker-125: Building workspace] WARN  o.e.m.c.i.embedder.EclipseLogger - Using platform encoding (MS949 actually) to copy filtered resources, i.e. build is platform dependent!
2026-08-31 12:21:58,293 [Worker-125: Building workspace] INFO  o.e.m.c.i.embedder.EclipseLogger - Copying 0 resource
2026-08-31 12:21:58,294 [Worker-125: Building workspace] WARN  o.e.m.c.i.embedder.EclipseLogger - Using platform encoding (MS949 actually) to copy filtered resources, i.e. build is platform dependent!
2026-08-31 12:21:58,296 [Worker-125: Building workspace] INFO  o.e.m.c.i.embedder.EclipseLogger - Copying 0 resource
2026-08-31 12:22:05,698 [Worker-125: Building workspace] WARN  o.e.m.c.i.embedder.EclipseLogger - Using platform encoding (MS949 actually) to copy filtered resources, i.e. build is platform dependent!
2026-08-31 12:22:05,701 [Worker-125: Building workspace] INFO  o.e.m.c.i.embedder.EclipseLogger - Copying 0 resource
2026-08-31 12:22:05,706 [Worker-125: Building workspace] WARN  o.e.m.c.i.embedder.EclipseLogger - Using platform encoding (MS949 actually) to copy filtered resources, i.e. build is platform dependent!
2026-08-31 12:22:05,708 [Worker-125: Building workspace] INFO  o.e.m.c.i.embedder.EclipseLogger - Copying 0 resource
2026-08-31 12:23:15,259 [Worker-122: Building workspace] WARN  o.e.m.c.i.embedder.EclipseLogger - Using platform encoding (MS949 actually) to copy filtered resources, i.e. build is platform dependent!
2026-08-31 12:23:15,260 [Worker-122: Building workspace] INFO  o.e.m.c.i.embedder.EclipseLogger - Copying 0 resource
2026-08-31 12:23:15,261 [Worker-122: Building workspace] WARN  o.e.m.c.i.embedder.EclipseLogger - Using platform encoding (MS949 actually) to copy filtered resources, i.e. build is platform dependent!
2026-08-31 12:23:15,263 [Worker-122: Building workspace] INFO  o.e.m.c.i.embedder.EclipseLogger - Copying 0 resource
2026-08-31 12:23:46,185 [Worker-128: Building workspace] WARN  o.e.m.c.i.embedder.EclipseLogger - Using platform encoding (MS949 actually) to copy filtered resources, i.e. build is platform dependent!
2026-08-31 12:23:46,186 [Worker-128: Building workspace] INFO  o.e.m.c.i.embedder.EclipseLogger - Copying 0 resource
2026-08-31 12:23:46,187 [Worker-128: Building workspace] WARN  o.e.m.c.i.embedder.EclipseLogger - Using platform encoding (MS949 actually) to copy filtered resources, i.e. build is platform dependent!
2026-08-31 12:23:46,188 [Worker-128: Building workspace] INFO  o.e.m.c.i.embedder.EclipseLogger - Copying 0 resource
2026-08-31 12:23:53,171 [Worker-129: Building workspace] WARN  o.e.m.c.i.embedder.EclipseLogger - Using platform encoding (MS949 actually) to copy filtered resources, i.e. build is platform dependent!
2026-08-31 12:23:53,172 [Worker-129: Building workspace] INFO  o.e.m.c.i.embedder.EclipseLogger - Copying 0 resource
2026-08-31 12:23:53,174 [Worker-129: Building workspace] WARN  o.e.m.c.i.embedder.EclipseLogger - Using platform encoding (MS949 actually) to copy filtered resources, i.e. build is platform dependent!
2026-08-31 12:23:53,175 [Worker-129: Building workspace] INFO  o.e.m.c.i.embedder.EclipseLogger - Copying 0 resource
2026-08-31 12:24:10,621 [Worker-125: Building workspace] WARN  o.e.m.c.i.embedder.EclipseLogger - Using platform encoding (MS949 actually) to copy filtered resources, i.e. build is platform dependent!
2026-08-31 12:24:10,623 [Worker-125: Building workspace] INFO  o.e.m.c.i.embedder.EclipseLogger - Copying 0 resource
2026-08-31 12:24:10,624 [Worker-125: Building workspace] WARN  o.e.m.c.i.embedder.EclipseLogger - Using platform encoding (MS949 actually) to copy filtered resources, i.e. build is platform dependent!
2026-08-31 12:24:10,624 [Worker-125: Building workspace] INFO  o.e.m.c.i.embedder.EclipseLogger - Copying 0 resource
2026-08-31 12:25:10,762 [Worker-127: Building workspace] WARN  o.e.m.c.i.embedder.EclipseLogger - Using platform encoding (MS949 actually) to copy filtered resources, i.e. build is platform dependent!
2026-08-31 12:25:10,763 [Worker-127: Building workspace] INFO  o.e.m.c.i.embedder.EclipseLogger - Copying 0 resource
2026-08-31 12:25:10,764 [Worker-127: Building workspace] WARN  o.e.m.c.i.embedder.EclipseLogger - Using platform encoding (MS949 actually) to copy filtered resources, i.e. build is platform dependent!
2026-08-31 12:25:10,766 [Worker-127: Building workspace] INFO  o.e.m.c.i.embedder.EclipseLogger - Copying 0 resource
2026-08-31 12:27:24,880 [Worker-130: Building workspace] WARN  o.e.m.c.i.embedder.EclipseLogger - Using platform encoding (MS949 actually) to copy filtered resources, i.e. build is platform dependent!
2026-08-31 12:27:24,882 [Worker-130: Building workspace] INFO  o.e.m.c.i.embedder.EclipseLogger - Copying 0 resource
2026-08-31 12:27:24,884 [Worker-130: Building workspace] WARN  o.e.m.c.i.embedder.EclipseLogger - Using platform encoding (MS949 actually) to copy filtered resources, i.e. build is platform dependent!
2026-08-31 12:27:24,885 [Worker-130: Building workspace] INFO  o.e.m.c.i.embedder.EclipseLogger - Copying 0 resource
2026-08-31 12:31:00,517 [Worker-131: Building workspace] WARN  o.e.m.c.i.embedder.EclipseLogger - Using platform encoding (MS949 actually) to copy filtered resources, i.e. build is platform dependent!
2026-08-31 12:31:00,519 [Worker-131: Building workspace] INFO  o.e.m.c.i.embedder.EclipseLogger - Copying 0 resource
2026-08-31 12:31:00,520 [Worker-131: Building workspace] WARN  o.e.m.c.i.embedder.EclipseLogger - Using platform encoding (MS949 actually) to copy filtered resources, i.e. build is platform dependent!
2026-08-31 12:31:00,522 [Worker-131: Building workspace] INFO  o.e.m.c.i.embedder.EclipseLogger - Copying 0 resource
2026-08-31 12:33:58,135 [Worker-131: Building workspace] WARN  o.e.m.c.i.embedder.EclipseLogger - Using platform encoding (MS949 actually) to copy filtered resources, i.e. build is platform dependent!
2026-08-31 12:33:58,136 [Worker-131: Building workspace] INFO  o.e.m.c.i.embedder.EclipseLogger - Copying 0 resource
2026-08-31 12:33:58,138 [Worker-131: Building workspace] WARN  o.e.m.c.i.embedder.EclipseLogger - Using platform encoding (MS949 actually) to copy filtered resources, i.e. build is platform dependent!
2026-08-31 12:33:58,139 [Worker-131: Building workspace] INFO  o.e.m.c.i.embedder.EclipseLogger - Copying 0 resource
2026-08-31 12:34:33,714 [Worker-131: Building workspace] WARN  o.e.m.c.i.embedder.EclipseLogger - Using platform encoding (MS949 actually) to copy filtered resources, i.e. build is platform dependent!
2026-08-31 12:34:33,716 [Worker-131: Building workspace] INFO  o.e.m.c.i.embedder.EclipseLogger - Copying 0 resource
2026-08-31 12:34:33,717 [Worker-131: Building workspace] WARN  o.e.m.c.i.embedder.EclipseLogger - Using platform encoding (MS949 actually) to copy filtered resources, i.e. build is platform dependent!
2026-08-31 12:34:33,718 [Worker-131: Building workspace] INFO  o.e.m.c.i.embedder.EclipseLogger - Copying 0 resource
2026-08-31 12:34:50,121 [Worker-132: Building workspace] WARN  o.e.m.c.i.embedder.EclipseLogger - Using platform encoding (MS949 actually) to copy filtered resources, i.e. build is platform dependent!
2026-08-31 12:34:50,123 [Worker-132: Building workspace] INFO  o.e.m.c.i.embedder.EclipseLogger - Copying 0 resource
2026-08-31 12:34:50,125 [Worker-132: Building workspace] WARN  o.e.m.c.i.embedder.EclipseLogger - Using platform encoding (MS949 actually) to copy filtered resources, i.e. build is platform dependent!
2026-08-31 12:34:50,126 [Worker-132: Building workspace] INFO  o.e.m.c.i.embedder.EclipseLogger - Copying 0 resource
2026-08-31 12:35:00,301 [Worker-130: Building workspace] WARN  o.e.m.c.i.embedder.EclipseLogger - Using platform encoding (MS949 actually) to copy filtered resources, i.e. build is platform dependent!
2026-08-31 12:35:00,302 [Worker-130: Building workspace] INFO  o.e.m.c.i.embedder.EclipseLogger - Copying 0 resource
2026-08-31 12:35:00,304 [Worker-130: Building workspace] WARN  o.e.m.c.i.embedder.EclipseLogger - Using platform encoding (MS949 actually) to copy filtered resources, i.e. build is platform dependent!
2026-08-31 12:35:00,305 [Worker-130: Building workspace] INFO  o.e.m.c.i.embedder.EclipseLogger - Copying 0 resource
2026-08-31 12:35:59,509 [Worker-132: Building workspace] WARN  o.e.m.c.i.embedder.EclipseLogger - Using platform encoding (MS949 actually) to copy filtered resources, i.e. build is platform dependent!
2026-08-31 12:35:59,511 [Worker-132: Building workspace] INFO  o.e.m.c.i.embedder.EclipseLogger - Copying 0 resource
2026-08-31 12:35:59,511 [Worker-132: Building workspace] WARN  o.e.m.c.i.embedder.EclipseLogger - Using platform encoding (MS949 actually) to copy filtered resources, i.e. build is platform dependent!
2026-08-31 12:35:59,513 [Worker-132: Building workspace] INFO  o.e.m.c.i.embedder.EclipseLogger - Copying 0 resource
2026-08-31 12:36:12,585 [Worker-132: Building workspace] WARN  o.e.m.c.i.embedder.EclipseLogger - Using platform encoding (MS949 actually) to copy filtered resources, i.e. build is platform dependent!
2026-08-31 12:36:12,588 [Worker-132: Building workspace] INFO  o.e.m.c.i.embedder.EclipseLogger - Copying 0 resource
2026-08-31 12:36:12,589 [Worker-132: Building workspace] WARN  o.e.m.c.i.embedder.EclipseLogger - Using platform encoding (MS949 actually) to copy filtered resources, i.e. build is platform dependent!
2026-08-31 12:36:12,591 [Worker-132: Building workspace] INFO  o.e.m.c.i.embedder.EclipseLogger - Copying 0 resource
2026-08-31 12:36:55,116 [Worker-132: Building workspace] WARN  o.e.m.c.i.embedder.EclipseLogger - Using platform encoding (MS949 actually) to copy filtered resources, i.e. build is platform dependent!
2026-08-31 12:36:55,117 [Worker-132: Building workspace] INFO  o.e.m.c.i.embedder.EclipseLogger - Copying 0 resource
2026-08-31 12:36:55,118 [Worker-132: Building workspace] WARN  o.e.m.c.i.embedder.EclipseLogger - Using platform encoding (MS949 actually) to copy filtered resources, i.e. build is platform dependent!
2026-08-31 12:36:55,119 [Worker-132: Building workspace] INFO  o.e.m.c.i.embedder.EclipseLogger - Copying 0 resource
2026-08-31 12:38:28,477 [Worker-125: Building workspace] WARN  o.e.m.c.i.embedder.EclipseLogger - Using platform encoding (MS949 actually) to copy filtered resources, i.e. build is platform dependent!
2026-08-31 12:38:28,481 [Worker-125: Building workspace] INFO  o.e.m.c.i.embedder.EclipseLogger - Copying 0 resource
2026-08-31 12:38:28,483 [Worker-125: Building workspace] WARN  o.e.m.c.i.embedder.EclipseLogger - Using platform encoding (MS949 actually) to copy filtered resources, i.e. build is platform dependent!
2026-08-31 12:38:28,486 [Worker-125: Building workspace] INFO  o.e.m.c.i.embedder.EclipseLogger - Copying 0 resource
2026-08-31 12:39:04,629 [Worker-132: Building workspace] WARN  o.e.m.c.i.embedder.EclipseLogger - Using platform encoding (MS949 actually) to copy filtered resources, i.e. build is platform dependent!
2026-08-31 12:39:04,631 [Worker-132: Building workspace] INFO  o.e.m.c.i.embedder.EclipseLogger - Copying 0 resource
2026-08-31 12:39:04,633 [Worker-132: Building workspace] WARN  o.e.m.c.i.embedder.EclipseLogger - Using platform encoding (MS949 actually) to copy filtered resources, i.e. build is platform dependent!
2026-08-31 12:39:04,634 [Worker-132: Building workspace] INFO  o.e.m.c.i.embedder.EclipseLogger - Copying 0 resource
2026-08-31 12:39:13,591 [Worker-133: Building workspace] WARN  o.e.m.c.i.embedder.EclipseLogger - Using platform encoding (MS949 actually) to copy filtered resources, i.e. build is platform dependent!
2026-08-31 12:39:13,593 [Worker-133: Building workspace] INFO  o.e.m.c.i.embedder.EclipseLogger - Copying 0 resource
2026-08-31 12:39:13,595 [Worker-133: Building workspace] WARN  o.e.m.c.i.embedder.EclipseLogger - Using platform encoding (MS949 actually) to copy filtered resources, i.e. build is platform dependent!
2026-08-31 12:39:13,596 [Worker-133: Building workspace] INFO  o.e.m.c.i.embedder.EclipseLogger - Copying 0 resource
2026-08-31 12:41:32,915 [Worker-132: Building workspace] WARN  o.e.m.c.i.embedder.EclipseLogger - Using platform encoding (MS949 actually) to copy filtered resources, i.e. build is platform dependent!
2026-08-31 12:41:32,916 [Worker-132: Building workspace] INFO  o.e.m.c.i.embedder.EclipseLogger - Copying 0 resource
2026-08-31 12:41:32,919 [Worker-132: Building workspace] WARN  o.e.m.c.i.embedder.EclipseLogger - Using platform encoding (MS949 actually) to copy filtered resources, i.e. build is platform dependent!
2026-08-31 12:41:32,920 [Worker-132: Building workspace] INFO  o.e.m.c.i.embedder.EclipseLogger - Copying 0 resource
2026-08-31 12:43:08,113 [Worker-134: Building workspace] WARN  o.e.m.c.i.embedder.EclipseLogger - Using platform encoding (MS949 actually) to copy filtered resources, i.e. build is platform dependent!
2026-08-31 12:43:08,115 [Worker-134: Building workspace] INFO  o.e.m.c.i.embedder.EclipseLogger - Copying 0 resource
2026-08-31 12:43:08,116 [Worker-134: Building workspace] WARN  o.e.m.c.i.embedder.EclipseLogger - Using platform encoding (MS949 actually) to copy filtered resources, i.e. build is platform dependent!
2026-08-31 12:43:08,118 [Worker-134: Building workspace] INFO  o.e.m.c.i.embedder.EclipseLogger - Copying 0 resource
2026-08-31 12:43:59,011 [Worker-135: Building workspace] WARN  o.e.m.c.i.embedder.EclipseLogger - Using platform encoding (MS949 actually) to copy filtered resources, i.e. build is platform dependent!
2026-08-31 12:43:59,012 [Worker-135: Building workspace] INFO  o.e.m.c.i.embedder.EclipseLogger - Copying 0 resource
2026-08-31 12:43:59,013 [Worker-135: Building workspace] WARN  o.e.m.c.i.embedder.EclipseLogger - Using platform encoding (MS949 actually) to copy filtered resources, i.e. build is platform dependent!
2026-08-31 12:43:59,014 [Worker-135: Building workspace] INFO  o.e.m.c.i.embedder.EclipseLogger - Copying 0 resource
2026-08-31 12:46:29,853 [Worker-134: Building workspace] WARN  o.e.m.c.i.embedder.EclipseLogger - Using platform encoding (MS949 actually) to copy filtered resources, i.e. build is platform dependent!
2026-08-31 12:46:29,854 [Worker-134: Building workspace] INFO  o.e.m.c.i.embedder.EclipseLogger - Copying 0 resource
2026-08-31 12:46:29,855 [Worker-134: Building workspace] WARN  o.e.m.c.i.embedder.EclipseLogger - Using platform encoding (MS949 actually) to copy filtered resources, i.e. build is platform dependent!
2026-08-31 12:46:29,855 [Worker-134: Building workspace] INFO  o.e.m.c.i.embedder.EclipseLogger - Copying 0 resource
2026-08-31 12:46:58,127 [Worker-132: Building workspace] WARN  o.e.m.c.i.embedder.EclipseLogger - Using platform encoding (MS949 actually) to copy filtered resources, i.e. build is platform dependent!
2026-08-31 12:46:58,128 [Worker-132: Building workspace] INFO  o.e.m.c.i.embedder.EclipseLogger - Copying 0 resource
2026-08-31 12:46:58,130 [Worker-132: Building workspace] WARN  o.e.m.c.i.embedder.EclipseLogger - Using platform encoding (MS949 actually) to copy filtered resources, i.e. build is platform dependent!
2026-08-31 12:46:58,131 [Worker-132: Building workspace] INFO  o.e.m.c.i.embedder.EclipseLogger - Copying 0 resource
2026-08-31 14:15:34,840 [Worker-149: Building workspace] WARN  o.e.m.c.i.embedder.EclipseLogger - Using platform encoding (MS949 actually) to copy filtered resources, i.e. build is platform dependent!
2026-08-31 14:15:34,841 [Worker-149: Building workspace] INFO  o.e.m.c.i.embedder.EclipseLogger - Copying 0 resource
2026-08-31 14:15:34,842 [Worker-149: Building workspace] WARN  o.e.m.c.i.embedder.EclipseLogger - Using platform encoding (MS949 actually) to copy filtered resources, i.e. build is platform dependent!
2026-08-31 14:15:34,843 [Worker-149: Building workspace] INFO  o.e.m.c.i.embedder.EclipseLogger - Copying 0 resource
2026-08-31 14:15:53,649 [Worker-144: Building workspace] WARN  o.e.m.c.i.embedder.EclipseLogger - Using platform encoding (MS949 actually) to copy filtered resources, i.e. build is platform dependent!
2026-08-31 14:15:53,652 [Worker-144: Building workspace] INFO  o.e.m.c.i.embedder.EclipseLogger - Copying 0 resource
2026-08-31 14:15:53,653 [Worker-144: Building workspace] WARN  o.e.m.c.i.embedder.EclipseLogger - Using platform encoding (MS949 actually) to copy filtered resources, i.e. build is platform dependent!
2026-08-31 14:15:53,655 [Worker-144: Building workspace] INFO  o.e.m.c.i.embedder.EclipseLogger - Copying 0 resource
2026-08-31 14:16:39,366 [Worker-150: Building workspace] WARN  o.e.m.c.i.embedder.EclipseLogger - Using platform encoding (MS949 actually) to copy filtered resources, i.e. build is platform dependent!
2026-08-31 14:16:39,367 [Worker-150: Building workspace] INFO  o.e.m.c.i.embedder.EclipseLogger - Copying 0 resource
2026-08-31 14:16:39,367 [Worker-150: Building workspace] WARN  o.e.m.c.i.embedder.EclipseLogger - Using platform encoding (MS949 actually) to copy filtered resources, i.e. build is platform dependent!
2026-08-31 14:16:39,368 [Worker-150: Building workspace] INFO  o.e.m.c.i.embedder.EclipseLogger - Copying 0 resource
2026-08-31 14:18:11,470 [Worker-151: Building workspace] WARN  o.e.m.c.i.embedder.EclipseLogger - Using platform encoding (MS949 actually) to copy filtered resources, i.e. build is platform dependent!
2026-08-31 14:18:11,471 [Worker-151: Building workspace] INFO  o.e.m.c.i.embedder.EclipseLogger - Copying 0 resource
2026-08-31 14:18:11,472 [Worker-151: Building workspace] WARN  o.e.m.c.i.embedder.EclipseLogger - Using platform encoding (MS949 actually) to copy filtered resources, i.e. build is platform dependent!
2026-08-31 14:18:11,474 [Worker-151: Building workspace] INFO  o.e.m.c.i.embedder.EclipseLogger - Copying 0 resource
2026-08-31 14:18:12,595 [Worker-152: Building workspace] WARN  o.e.m.c.i.embedder.EclipseLogger - Using platform encoding (MS949 actually) to copy filtered resources, i.e. build is platform dependent!
2026-08-31 14:18:12,596 [Worker-152: Building workspace] INFO  o.e.m.c.i.embedder.EclipseLogger - Copying 0 resource
2026-08-31 14:18:12,596 [Worker-152: Building workspace] WARN  o.e.m.c.i.embedder.EclipseLogger - Using platform encoding (MS949 actually) to copy filtered resources, i.e. build is platform dependent!
2026-08-31 14:18:12,597 [Worker-152: Building workspace] INFO  o.e.m.c.i.embedder.EclipseLogger - Copying 0 resource
2026-08-31 14:18:14,890 [Worker-148: Building workspace] WARN  o.e.m.c.i.embedder.EclipseLogger - Using platform encoding (MS949 actually) to copy filtered resources, i.e. build is platform dependent!
2026-08-31 14:18:14,892 [Worker-148: Building workspace] INFO  o.e.m.c.i.embedder.EclipseLogger - Copying 0 resource
2026-08-31 14:18:14,893 [Worker-148: Building workspace] WARN  o.e.m.c.i.embedder.EclipseLogger - Using platform encoding (MS949 actually) to copy filtered resources, i.e. build is platform dependent!
2026-08-31 14:18:14,895 [Worker-148: Building workspace] INFO  o.e.m.c.i.embedder.EclipseLogger - Copying 0 resource
2026-08-31 14:19:04,068 [Worker-152: Building workspace] WARN  o.e.m.c.i.embedder.EclipseLogger - Using platform encoding (MS949 actually) to copy filtered resources, i.e. build is platform dependent!
2026-08-31 14:19:04,069 [Worker-152: Building workspace] INFO  o.e.m.c.i.embedder.EclipseLogger - Copying 0 resource
2026-08-31 14:19:04,070 [Worker-152: Building workspace] WARN  o.e.m.c.i.embedder.EclipseLogger - Using platform encoding (MS949 actually) to copy filtered resources, i.e. build is platform dependent!
2026-08-31 14:19:04,071 [Worker-152: Building workspace] INFO  o.e.m.c.i.embedder.EclipseLogger - Copying 0 resource
2026-08-31 14:19:09,079 [Worker-148: Building workspace] WARN  o.e.m.c.i.embedder.EclipseLogger - Using platform encoding (MS949 actually) to copy filtered resources, i.e. build is platform dependent!
2026-08-31 14:19:09,080 [Worker-148: Building workspace] INFO  o.e.m.c.i.embedder.EclipseLogger - Copying 0 resource
2026-08-31 14:19:09,080 [Worker-148: Building workspace] WARN  o.e.m.c.i.embedder.EclipseLogger - Using platform encoding (MS949 actually) to copy filtered resources, i.e. build is platform dependent!
2026-08-31 14:19:09,081 [Worker-148: Building workspace] INFO  o.e.m.c.i.embedder.EclipseLogger - Copying 0 resource
2026-08-31 14:24:50,311 [Worker-153: Building workspace] WARN  o.e.m.c.i.embedder.EclipseLogger - Using platform encoding (MS949 actually) to copy filtered resources, i.e. build is platform dependent!
2026-08-31 14:24:50,312 [Worker-153: Building workspace] INFO  o.e.m.c.i.embedder.EclipseLogger - Copying 3 resources
2026-08-31 14:24:50,314 [Worker-153: Building workspace] WARN  o.e.m.c.i.embedder.EclipseLogger - Using platform encoding (MS949 actually) to copy filtered resources, i.e. build is platform dependent!
2026-08-31 14:24:50,314 [Worker-153: Building workspace] INFO  o.e.m.c.i.embedder.EclipseLogger - Copying 0 resource
2026-08-31 14:25:44,782 [Worker-155: Building workspace] WARN  o.e.m.c.i.embedder.EclipseLogger - Using platform encoding (MS949 actually) to copy filtered resources, i.e. build is platform dependent!
2026-08-31 14:25:44,783 [Worker-155: Building workspace] INFO  o.e.m.c.i.embedder.EclipseLogger - Copying 0 resource
2026-08-31 14:25:44,784 [Worker-155: Building workspace] WARN  o.e.m.c.i.embedder.EclipseLogger - Using platform encoding (MS949 actually) to copy filtered resources, i.e. build is platform dependent!
2026-08-31 14:25:44,785 [Worker-155: Building workspace] INFO  o.e.m.c.i.embedder.EclipseLogger - Copying 0 resource
2026-08-31 14:26:43,101 [Worker-156: Building workspace] WARN  o.e.m.c.i.embedder.EclipseLogger - Using platform encoding (MS949 actually) to copy filtered resources, i.e. build is platform dependent!
2026-08-31 14:26:43,101 [Worker-156: Building workspace] INFO  o.e.m.c.i.embedder.EclipseLogger - Copying 0 resource
2026-08-31 14:26:43,102 [Worker-156: Building workspace] WARN  o.e.m.c.i.embedder.EclipseLogger - Using platform encoding (MS949 actually) to copy filtered resources, i.e. build is platform dependent!
2026-08-31 14:26:43,108 [Worker-156: Building workspace] INFO  o.e.m.c.i.embedder.EclipseLogger - Copying 0 resource
2026-08-31 14:28:26,208 [Worker-155: Building workspace] WARN  o.e.m.c.i.embedder.EclipseLogger - Using platform encoding (MS949 actually) to copy filtered resources, i.e. build is platform dependent!
2026-08-31 14:28:26,209 [Worker-155: Building workspace] INFO  o.e.m.c.i.embedder.EclipseLogger - Copying 0 resource
2026-08-31 14:28:26,210 [Worker-155: Building workspace] WARN  o.e.m.c.i.embedder.EclipseLogger - Using platform encoding (MS949 actually) to copy filtered resources, i.e. build is platform dependent!
2026-08-31 14:28:26,211 [Worker-155: Building workspace] INFO  o.e.m.c.i.embedder.EclipseLogger - Copying 0 resource
2026-08-31 14:29:06,578 [Worker-152: Building workspace] WARN  o.e.m.c.i.embedder.EclipseLogger - Using platform encoding (MS949 actually) to copy filtered resources, i.e. build is platform dependent!
2026-08-31 14:29:06,580 [Worker-152: Building workspace] INFO  o.e.m.c.i.embedder.EclipseLogger - Copying 0 resource
2026-08-31 14:29:06,581 [Worker-152: Building workspace] WARN  o.e.m.c.i.embedder.EclipseLogger - Using platform encoding (MS949 actually) to copy filtered resources, i.e. build is platform dependent!
2026-08-31 14:29:06,582 [Worker-152: Building workspace] INFO  o.e.m.c.i.embedder.EclipseLogger - Copying 0 resource
2026-08-31 14:32:41,311 [Worker-152: Building workspace] WARN  o.e.m.c.i.embedder.EclipseLogger - Using platform encoding (MS949 actually) to copy filtered resources, i.e. build is platform dependent!
2026-08-31 14:32:41,312 [Worker-152: Building workspace] INFO  o.e.m.c.i.embedder.EclipseLogger - Copying 0 resource
2026-08-31 14:32:41,313 [Worker-152: Building workspace] WARN  o.e.m.c.i.embedder.EclipseLogger - Using platform encoding (MS949 actually) to copy filtered resources, i.e. build is platform dependent!
2026-08-31 14:32:41,314 [Worker-152: Building workspace] INFO  o.e.m.c.i.embedder.EclipseLogger - Copying 0 resource
2026-08-31 14:33:17,741 [Worker-157: Building workspace] WARN  o.e.m.c.i.embedder.EclipseLogger - Using platform encoding (MS949 actually) to copy filtered resources, i.e. build is platform dependent!
2026-08-31 14:33:17,743 [Worker-157: Building workspace] INFO  o.e.m.c.i.embedder.EclipseLogger - Copying 0 resource
2026-08-31 14:33:17,745 [Worker-157: Building workspace] WARN  o.e.m.c.i.embedder.EclipseLogger - Using platform encoding (MS949 actually) to copy filtered resources, i.e. build is platform dependent!
2026-08-31 14:33:17,746 [Worker-157: Building workspace] INFO  o.e.m.c.i.embedder.EclipseLogger - Copying 0 resource
2026-08-31 14:33:51,245 [Worker-157: Building workspace] WARN  o.e.m.c.i.embedder.EclipseLogger - Using platform encoding (MS949 actually) to copy filtered resources, i.e. build is platform dependent!
2026-08-31 14:33:51,247 [Worker-157: Building workspace] INFO  o.e.m.c.i.embedder.EclipseLogger - Copying 0 resource
2026-08-31 14:33:51,248 [Worker-157: Building workspace] WARN  o.e.m.c.i.embedder.EclipseLogger - Using platform encoding (MS949 actually) to copy filtered resources, i.e. build is platform dependent!
2026-08-31 14:33:51,249 [Worker-157: Building workspace] INFO  o.e.m.c.i.embedder.EclipseLogger - Copying 0 resource
2026-08-31 14:35:37,142 [Worker-158: Building workspace] WARN  o.e.m.c.i.embedder.EclipseLogger - Using platform encoding (MS949 actually) to copy filtered resources, i.e. build is platform dependent!
2026-08-31 14:35:37,143 [Worker-158: Building workspace] INFO  o.e.m.c.i.embedder.EclipseLogger - Copying 3 resources
2026-08-31 14:35:37,144 [Worker-158: Building workspace] WARN  o.e.m.c.i.embedder.EclipseLogger - Using platform encoding (MS949 actually) to copy filtered resources, i.e. build is platform dependent!
2026-08-31 14:35:37,145 [Worker-158: Building workspace] INFO  o.e.m.c.i.embedder.EclipseLogger - Copying 0 resource
2026-08-31 14:36:01,652 [Worker-159: Building workspace] WARN  o.e.m.c.i.embedder.EclipseLogger - Using platform encoding (MS949 actually) to copy filtered resources, i.e. build is platform dependent!
2026-08-31 14:36:01,655 [Worker-159: Building workspace] INFO  o.e.m.c.i.embedder.EclipseLogger - Copying 3 resources
2026-08-31 14:36:01,656 [Worker-159: Building workspace] WARN  o.e.m.c.i.embedder.EclipseLogger - Using platform encoding (MS949 actually) to copy filtered resources, i.e. build is platform dependent!
2026-08-31 14:36:01,657 [Worker-159: Building workspace] INFO  o.e.m.c.i.embedder.EclipseLogger - Copying 0 resource
2026-08-31 14:36:28,259 [Worker-152: Building workspace] WARN  o.e.m.c.i.embedder.EclipseLogger - Using platform encoding (MS949 actually) to copy filtered resources, i.e. build is platform dependent!
2026-08-31 14:36:28,261 [Worker-152: Building workspace] INFO  o.e.m.c.i.embedder.EclipseLogger - Copying 3 resources
2026-08-31 14:36:28,263 [Worker-152: Building workspace] WARN  o.e.m.c.i.embedder.EclipseLogger - Using platform encoding (MS949 actually) to copy filtered resources, i.e. build is platform dependent!
2026-08-31 14:36:28,264 [Worker-152: Building workspace] INFO  o.e.m.c.i.embedder.EclipseLogger - Copying 0 resource
2026-08-31 14:36:49,057 [Worker-157: Building workspace] WARN  o.e.m.c.i.embedder.EclipseLogger - Using platform encoding (MS949 actually) to copy filtered resources, i.e. build is platform dependent!
2026-08-31 14:36:49,059 [Worker-157: Building workspace] INFO  o.e.m.c.i.embedder.EclipseLogger - Copying 3 resources
2026-08-31 14:36:49,059 [Worker-157: Building workspace] WARN  o.e.m.c.i.embedder.EclipseLogger - Using platform encoding (MS949 actually) to copy filtered resources, i.e. build is platform dependent!
2026-08-31 14:36:49,060 [Worker-157: Building workspace] INFO  o.e.m.c.i.embedder.EclipseLogger - Copying 0 resource
2026-08-31 14:37:47,134 [Worker-160: Building workspace] WARN  o.e.m.c.i.embedder.EclipseLogger - Using platform encoding (MS949 actually) to copy filtered resources, i.e. build is platform dependent!
2026-08-31 14:37:47,137 [Worker-160: Building workspace] INFO  o.e.m.c.i.embedder.EclipseLogger - Copying 0 resource
2026-08-31 14:37:47,138 [Worker-160: Building workspace] WARN  o.e.m.c.i.embedder.EclipseLogger - Using platform encoding (MS949 actually) to copy filtered resources, i.e. build is platform dependent!
2026-08-31 14:37:47,141 [Worker-160: Building workspace] INFO  o.e.m.c.i.embedder.EclipseLogger - Copying 0 resource
2026-08-31 14:38:10,891 [Worker-157: Building workspace] WARN  o.e.m.c.i.embedder.EclipseLogger - Using platform encoding (MS949 actually) to copy filtered resources, i.e. build is platform dependent!
2026-08-31 14:38:10,892 [Worker-157: Building workspace] INFO  o.e.m.c.i.embedder.EclipseLogger - Copying 0 resource
2026-08-31 14:38:10,894 [Worker-157: Building workspace] WARN  o.e.m.c.i.embedder.EclipseLogger - Using platform encoding (MS949 actually) to copy filtered resources, i.e. build is platform dependent!
2026-08-31 14:38:10,895 [Worker-157: Building workspace] INFO  o.e.m.c.i.embedder.EclipseLogger - Copying 0 resource
2026-08-31 14:40:02,682 [Worker-152: Building workspace] WARN  o.e.m.c.i.embedder.EclipseLogger - Using platform encoding (MS949 actually) to copy filtered resources, i.e. build is platform dependent!
2026-08-31 14:40:02,684 [Worker-152: Building workspace] INFO  o.e.m.c.i.embedder.EclipseLogger - Copying 0 resource
2026-08-31 14:40:02,685 [Worker-152: Building workspace] WARN  o.e.m.c.i.embedder.EclipseLogger - Using platform encoding (MS949 actually) to copy filtered resources, i.e. build is platform dependent!
2026-08-31 14:40:02,686 [Worker-152: Building workspace] INFO  o.e.m.c.i.embedder.EclipseLogger - Copying 0 resource
2026-08-31 14:41:27,700 [Worker-157: Building workspace] WARN  o.e.m.c.i.embedder.EclipseLogger - Using platform encoding (MS949 actually) to copy filtered resources, i.e. build is platform dependent!
2026-08-31 14:41:27,701 [Worker-157: Building workspace] INFO  o.e.m.c.i.embedder.EclipseLogger - Copying 0 resource
2026-08-31 14:41:27,702 [Worker-157: Building workspace] WARN  o.e.m.c.i.embedder.EclipseLogger - Using platform encoding (MS949 actually) to copy filtered resources, i.e. build is platform dependent!
2026-08-31 14:41:27,704 [Worker-157: Building workspace] INFO  o.e.m.c.i.embedder.EclipseLogger - Copying 0 resource
2026-08-31 14:42:42,555 [Worker-157: Building workspace] WARN  o.e.m.c.i.embedder.EclipseLogger - Using platform encoding (MS949 actually) to copy filtered resources, i.e. build is platform dependent!
2026-08-31 14:42:42,556 [Worker-157: Building workspace] INFO  o.e.m.c.i.embedder.EclipseLogger - Copying 0 resource
2026-08-31 14:42:42,557 [Worker-157: Building workspace] WARN  o.e.m.c.i.embedder.EclipseLogger - Using platform encoding (MS949 actually) to copy filtered resources, i.e. build is platform dependent!
2026-08-31 14:42:42,557 [Worker-157: Building workspace] INFO  o.e.m.c.i.embedder.EclipseLogger - Copying 0 resource
2026-08-31 14:43:00,715 [Worker-164: Building workspace] WARN  o.e.m.c.i.embedder.EclipseLogger - Using platform encoding (MS949 actually) to copy filtered resources, i.e. build is platform dependent!
2026-08-31 14:43:00,719 [Worker-164: Building workspace] INFO  o.e.m.c.i.embedder.EclipseLogger - Copying 3 resources
2026-08-31 14:43:00,720 [Worker-164: Building workspace] WARN  o.e.m.c.i.embedder.EclipseLogger - Using platform encoding (MS949 actually) to copy filtered resources, i.e. build is platform dependent!
2026-08-31 14:43:00,722 [Worker-164: Building workspace] INFO  o.e.m.c.i.embedder.EclipseLogger - Copying 0 resource
2026-08-31 14:44:04,050 [Worker-157: Building workspace] WARN  o.e.m.c.i.embedder.EclipseLogger - Using platform encoding (MS949 actually) to copy filtered resources, i.e. build is platform dependent!
2026-08-31 14:44:04,052 [Worker-157: Building workspace] INFO  o.e.m.c.i.embedder.EclipseLogger - Copying 3 resources
2026-08-31 14:44:04,052 [Worker-157: Building workspace] WARN  o.e.m.c.i.embedder.EclipseLogger - Using platform encoding (MS949 actually) to copy filtered resources, i.e. build is platform dependent!
2026-08-31 14:44:04,053 [Worker-157: Building workspace] INFO  o.e.m.c.i.embedder.EclipseLogger - Copying 0 resource
2026-08-31 14:44:46,757 [Worker-164: Building workspace] WARN  o.e.m.c.i.embedder.EclipseLogger - Using platform encoding (MS949 actually) to copy filtered resources, i.e. build is platform dependent!
2026-08-31 14:44:46,758 [Worker-164: Building workspace] INFO  o.e.m.c.i.embedder.EclipseLogger - Copying 3 resources
2026-08-31 14:44:46,759 [Worker-164: Building workspace] WARN  o.e.m.c.i.embedder.EclipseLogger - Using platform encoding (MS949 actually) to copy filtered resources, i.e. build is platform dependent!
2026-08-31 14:44:46,760 [Worker-164: Building workspace] INFO  o.e.m.c.i.embedder.EclipseLogger - Copying 0 resource
2026-08-31 14:44:59,419 [Worker-162: Building workspace] WARN  o.e.m.c.i.embedder.EclipseLogger - Using platform encoding (MS949 actually) to copy filtered resources, i.e. build is platform dependent!
2026-08-31 14:44:59,422 [Worker-162: Building workspace] INFO  o.e.m.c.i.embedder.EclipseLogger - Copying 3 resources
2026-08-31 14:44:59,423 [Worker-162: Building workspace] WARN  o.e.m.c.i.embedder.EclipseLogger - Using platform encoding (MS949 actually) to copy filtered resources, i.e. build is platform dependent!
2026-08-31 14:44:59,424 [Worker-162: Building workspace] INFO  o.e.m.c.i.embedder.EclipseLogger - Copying 0 resource
2026-08-31 14:45:09,153 [Worker-161: Building workspace] WARN  o.e.m.c.i.embedder.EclipseLogger - Using platform encoding (MS949 actually) to copy filtered resources, i.e. build is platform dependent!
2026-08-31 14:45:09,154 [Worker-161: Building workspace] INFO  o.e.m.c.i.embedder.EclipseLogger - Copying 3 resources
2026-08-31 14:45:09,155 [Worker-161: Building workspace] WARN  o.e.m.c.i.embedder.EclipseLogger - Using platform encoding (MS949 actually) to copy filtered resources, i.e. build is platform dependent!
2026-08-31 14:45:09,156 [Worker-161: Building workspace] INFO  o.e.m.c.i.embedder.EclipseLogger - Copying 0 resource
2026-08-31 14:45:16,666 [Worker-157: Building workspace] WARN  o.e.m.c.i.embedder.EclipseLogger - Using platform encoding (MS949 actually) to copy filtered resources, i.e. build is platform dependent!
2026-08-31 14:45:16,668 [Worker-157: Building workspace] INFO  o.e.m.c.i.embedder.EclipseLogger - Copying 3 resources
2026-08-31 14:45:16,669 [Worker-157: Building workspace] WARN  o.e.m.c.i.embedder.EclipseLogger - Using platform encoding (MS949 actually) to copy filtered resources, i.e. build is platform dependent!
2026-08-31 14:45:16,669 [Worker-157: Building workspace] INFO  o.e.m.c.i.embedder.EclipseLogger - Copying 0 resource
2026-08-31 14:45:31,738 [Worker-162: Building workspace] WARN  o.e.m.c.i.embedder.EclipseLogger - Using platform encoding (MS949 actually) to copy filtered resources, i.e. build is platform dependent!
2026-08-31 14:45:31,740 [Worker-162: Building workspace] INFO  o.e.m.c.i.embedder.EclipseLogger - Copying 3 resources
2026-08-31 14:45:31,741 [Worker-162: Building workspace] WARN  o.e.m.c.i.embedder.EclipseLogger - Using platform encoding (MS949 actually) to copy filtered resources, i.e. build is platform dependent!
2026-08-31 14:45:31,742 [Worker-162: Building workspace] INFO  o.e.m.c.i.embedder.EclipseLogger - Copying 0 resource
2026-08-31 14:46:13,872 [Worker-165: Building workspace] WARN  o.e.m.c.i.embedder.EclipseLogger - Using platform encoding (MS949 actually) to copy filtered resources, i.e. build is platform dependent!
2026-08-31 14:46:13,874 [Worker-165: Building workspace] INFO  o.e.m.c.i.embedder.EclipseLogger - Copying 3 resources
2026-08-31 14:46:13,875 [Worker-165: Building workspace] WARN  o.e.m.c.i.embedder.EclipseLogger - Using platform encoding (MS949 actually) to copy filtered resources, i.e. build is platform dependent!
2026-08-31 14:46:13,875 [Worker-165: Building workspace] INFO  o.e.m.c.i.embedder.EclipseLogger - Copying 0 resource
2026-08-31 14:46:30,905 [Worker-166: Building workspace] WARN  o.e.m.c.i.embedder.EclipseLogger - Using platform encoding (MS949 actually) to copy filtered resources, i.e. build is platform dependent!
2026-08-31 14:46:30,906 [Worker-166: Building workspace] INFO  o.e.m.c.i.embedder.EclipseLogger - Copying 0 resource
2026-08-31 14:46:30,907 [Worker-166: Building workspace] WARN  o.e.m.c.i.embedder.EclipseLogger - Using platform encoding (MS949 actually) to copy filtered resources, i.e. build is platform dependent!
2026-08-31 14:46:30,907 [Worker-166: Building workspace] INFO  o.e.m.c.i.embedder.EclipseLogger - Copying 0 resource
2026-08-31 14:47:51,366 [Worker-162: Building workspace] WARN  o.e.m.c.i.embedder.EclipseLogger - Using platform encoding (MS949 actually) to copy filtered resources, i.e. build is platform dependent!
2026-08-31 14:47:51,367 [Worker-162: Building workspace] INFO  o.e.m.c.i.embedder.EclipseLogger - Copying 0 resource
2026-08-31 14:47:51,368 [Worker-162: Building workspace] WARN  o.e.m.c.i.embedder.EclipseLogger - Using platform encoding (MS949 actually) to copy filtered resources, i.e. build is platform dependent!
2026-08-31 14:47:51,369 [Worker-162: Building workspace] INFO  o.e.m.c.i.embedder.EclipseLogger - Copying 0 resource
2026-08-31 14:47:58,291 [Worker-165: Building workspace] WARN  o.e.m.c.i.embedder.EclipseLogger - Using platform encoding (MS949 actually) to copy filtered resources, i.e. build is platform dependent!
2026-08-31 14:47:58,294 [Worker-165: Building workspace] INFO  o.e.m.c.i.embedder.EclipseLogger - Copying 0 resource
2026-08-31 14:47:58,295 [Worker-165: Building workspace] WARN  o.e.m.c.i.embedder.EclipseLogger - Using platform encoding (MS949 actually) to copy filtered resources, i.e. build is platform dependent!
2026-08-31 14:47:58,297 [Worker-165: Building workspace] INFO  o.e.m.c.i.embedder.EclipseLogger - Copying 0 resource
2026-08-31 14:48:49,117 [Worker-164: Building workspace] WARN  o.e.m.c.i.embedder.EclipseLogger - Using platform encoding (MS949 actually) to copy filtered resources, i.e. build is platform dependent!
2026-08-31 14:48:49,118 [Worker-164: Building workspace] INFO  o.e.m.c.i.embedder.EclipseLogger - Copying 0 resource
2026-08-31 14:48:49,118 [Worker-164: Building workspace] WARN  o.e.m.c.i.embedder.EclipseLogger - Using platform encoding (MS949 actually) to copy filtered resources, i.e. build is platform dependent!
2026-08-31 14:48:49,119 [Worker-164: Building workspace] INFO  o.e.m.c.i.embedder.EclipseLogger - Copying 0 resource
2026-08-31 14:50:24,582 [Worker-157: Building workspace] WARN  o.e.m.c.i.embedder.EclipseLogger - Using platform encoding (MS949 actually) to copy filtered resources, i.e. build is platform dependent!
2026-08-31 14:50:24,584 [Worker-157: Building workspace] INFO  o.e.m.c.i.embedder.EclipseLogger - Copying 0 resource
2026-08-31 14:50:24,586 [Worker-157: Building workspace] WARN  o.e.m.c.i.embedder.EclipseLogger - Using platform encoding (MS949 actually) to copy filtered resources, i.e. build is platform dependent!
2026-08-31 14:50:24,588 [Worker-157: Building workspace] INFO  o.e.m.c.i.embedder.EclipseLogger - Copying 0 resource
2026-08-31 14:56:34,989 [Worker-161: Building workspace] WARN  o.e.m.c.i.embedder.EclipseLogger - Using platform encoding (MS949 actually) to copy filtered resources, i.e. build is platform dependent!
2026-08-31 14:56:34,991 [Worker-161: Building workspace] INFO  o.e.m.c.i.embedder.EclipseLogger - Copying 3 resources
2026-08-31 14:56:34,992 [Worker-161: Building workspace] WARN  o.e.m.c.i.embedder.EclipseLogger - Using platform encoding (MS949 actually) to copy filtered resources, i.e. build is platform dependent!
2026-08-31 14:56:34,993 [Worker-161: Building workspace] INFO  o.e.m.c.i.embedder.EclipseLogger - Copying 0 resource
2026-08-31 14:56:45,732 [Worker-169: Building workspace] WARN  o.e.m.c.i.embedder.EclipseLogger - Using platform encoding (MS949 actually) to copy filtered resources, i.e. build is platform dependent!
2026-08-31 14:56:45,734 [Worker-169: Building workspace] INFO  o.e.m.c.i.embedder.EclipseLogger - Copying 3 resources
2026-08-31 14:56:45,735 [Worker-169: Building workspace] WARN  o.e.m.c.i.embedder.EclipseLogger - Using platform encoding (MS949 actually) to copy filtered resources, i.e. build is platform dependent!
2026-08-31 14:56:45,736 [Worker-169: Building workspace] INFO  o.e.m.c.i.embedder.EclipseLogger - Copying 0 resource
2026-08-31 15:01:14,514 [Worker-174: Building workspace] WARN  o.e.m.c.i.embedder.EclipseLogger - Using platform encoding (MS949 actually) to copy filtered resources, i.e. build is platform dependent!
2026-08-31 15:01:14,515 [Worker-174: Building workspace] INFO  o.e.m.c.i.embedder.EclipseLogger - Copying 0 resource
2026-08-31 15:01:14,516 [Worker-174: Building workspace] WARN  o.e.m.c.i.embedder.EclipseLogger - Using platform encoding (MS949 actually) to copy filtered resources, i.e. build is platform dependent!
2026-08-31 15:01:14,517 [Worker-174: Building workspace] INFO  o.e.m.c.i.embedder.EclipseLogger - Copying 0 resource
2026-08-31 15:04:14,566 [Worker-178: Building workspace] WARN  o.e.m.c.i.embedder.EclipseLogger - Using platform encoding (MS949 actually) to copy filtered resources, i.e. build is platform dependent!
2026-08-31 15:04:14,568 [Worker-178: Building workspace] INFO  o.e.m.c.i.embedder.EclipseLogger - Copying 0 resource
2026-08-31 15:04:14,569 [Worker-178: Building workspace] WARN  o.e.m.c.i.embedder.EclipseLogger - Using platform encoding (MS949 actually) to copy filtered resources, i.e. build is platform dependent!
2026-08-31 15:04:14,570 [Worker-178: Building workspace] INFO  o.e.m.c.i.embedder.EclipseLogger - Copying 0 resource
2026-08-31 15:07:20,393 [Worker-171: Building workspace] WARN  o.e.m.c.i.embedder.EclipseLogger - Using platform encoding (MS949 actually) to copy filtered resources, i.e. build is platform dependent!
2026-08-31 15:07:20,394 [Worker-171: Building workspace] INFO  o.e.m.c.i.embedder.EclipseLogger - Copying 0 resource
2026-08-31 15:07:20,395 [Worker-171: Building workspace] WARN  o.e.m.c.i.embedder.EclipseLogger - Using platform encoding (MS949 actually) to copy filtered resources, i.e. build is platform dependent!
2026-08-31 15:07:20,396 [Worker-171: Building workspace] INFO  o.e.m.c.i.embedder.EclipseLogger - Copying 0 resource
2026-08-31 15:07:42,146 [Worker-176: Building workspace] WARN  o.e.m.c.i.embedder.EclipseLogger - Using platform encoding (MS949 actually) to copy filtered resources, i.e. build is platform dependent!
2026-08-31 15:07:42,147 [Worker-176: Building workspace] INFO  o.e.m.c.i.embedder.EclipseLogger - Copying 0 resource
2026-08-31 15:07:42,147 [Worker-176: Building workspace] WARN  o.e.m.c.i.embedder.EclipseLogger - Using platform encoding (MS949 actually) to copy filtered resources, i.e. build is platform dependent!
2026-08-31 15:07:42,148 [Worker-176: Building workspace] INFO  o.e.m.c.i.embedder.EclipseLogger - Copying 0 resource
2026-08-31 15:08:30,531 [Worker-166: Building workspace] WARN  o.e.m.c.i.embedder.EclipseLogger - Using platform encoding (MS949 actually) to copy filtered resources, i.e. build is platform dependent!
2026-08-31 15:08:30,532 [Worker-166: Building workspace] INFO  o.e.m.c.i.embedder.EclipseLogger - Copying 0 resource
2026-08-31 15:08:30,534 [Worker-166: Building workspace] WARN  o.e.m.c.i.embedder.EclipseLogger - Using platform encoding (MS949 actually) to copy filtered resources, i.e. build is platform dependent!
2026-08-31 15:08:30,535 [Worker-166: Building workspace] INFO  o.e.m.c.i.embedder.EclipseLogger - Copying 0 resource
2026-08-31 15:08:44,560 [Worker-178: Building workspace] WARN  o.e.m.c.i.embedder.EclipseLogger - Using platform encoding (MS949 actually) to copy filtered resources, i.e. build is platform dependent!
2026-08-31 15:08:44,561 [Worker-178: Building workspace] INFO  o.e.m.c.i.embedder.EclipseLogger - Copying 0 resource
2026-08-31 15:08:44,561 [Worker-178: Building workspace] WARN  o.e.m.c.i.embedder.EclipseLogger - Using platform encoding (MS949 actually) to copy filtered resources, i.e. build is platform dependent!
2026-08-31 15:08:44,562 [Worker-178: Building workspace] INFO  o.e.m.c.i.embedder.EclipseLogger - Copying 0 resource
2026-08-31 15:08:59,770 [Worker-171: Building workspace] WARN  o.e.m.c.i.embedder.EclipseLogger - Using platform encoding (MS949 actually) to copy filtered resources, i.e. build is platform dependent!
2026-08-31 15:08:59,772 [Worker-171: Building workspace] INFO  o.e.m.c.i.embedder.EclipseLogger - Copying 0 resource
2026-08-31 15:08:59,773 [Worker-171: Building workspace] WARN  o.e.m.c.i.embedder.EclipseLogger - Using platform encoding (MS949 actually) to copy filtered resources, i.e. build is platform dependent!
2026-08-31 15:08:59,776 [Worker-171: Building workspace] INFO  o.e.m.c.i.embedder.EclipseLogger - Copying 0 resource
2026-08-31 15:10:28,709 [Worker-177: Building workspace] WARN  o.e.m.c.i.embedder.EclipseLogger - Using platform encoding (MS949 actually) to copy filtered resources, i.e. build is platform dependent!
2026-08-31 15:10:28,711 [Worker-177: Building workspace] INFO  o.e.m.c.i.embedder.EclipseLogger - Copying 0 resource
2026-08-31 15:10:28,713 [Worker-177: Building workspace] WARN  o.e.m.c.i.embedder.EclipseLogger - Using platform encoding (MS949 actually) to copy filtered resources, i.e. build is platform dependent!
2026-08-31 15:10:28,715 [Worker-177: Building workspace] INFO  o.e.m.c.i.embedder.EclipseLogger - Copying 0 resource
2026-08-31 15:11:02,815 [Worker-171: Building workspace] WARN  o.e.m.c.i.embedder.EclipseLogger - Using platform encoding (MS949 actually) to copy filtered resources, i.e. build is platform dependent!
2026-08-31 15:11:02,817 [Worker-171: Building workspace] INFO  o.e.m.c.i.embedder.EclipseLogger - Copying 0 resource
2026-08-31 15:11:02,818 [Worker-171: Building workspace] WARN  o.e.m.c.i.embedder.EclipseLogger - Using platform encoding (MS949 actually) to copy filtered resources, i.e. build is platform dependent!
2026-08-31 15:11:02,819 [Worker-171: Building workspace] INFO  o.e.m.c.i.embedder.EclipseLogger - Copying 0 resource
2026-08-31 15:11:05,450 [Worker-171: Building workspace] WARN  o.e.m.c.i.embedder.EclipseLogger - Using platform encoding (MS949 actually) to copy filtered resources, i.e. build is platform dependent!
2026-08-31 15:11:05,452 [Worker-171: Building workspace] INFO  o.e.m.c.i.embedder.EclipseLogger - Copying 0 resource
2026-08-31 15:11:05,453 [Worker-171: Building workspace] WARN  o.e.m.c.i.embedder.EclipseLogger - Using platform encoding (MS949 actually) to copy filtered resources, i.e. build is platform dependent!
2026-08-31 15:11:05,455 [Worker-171: Building workspace] INFO  o.e.m.c.i.embedder.EclipseLogger - Copying 0 resource
2026-08-31 15:11:07,467 [Worker-166: Building workspace] WARN  o.e.m.c.i.embedder.EclipseLogger - Using platform encoding (MS949 actually) to copy filtered resources, i.e. build is platform dependent!
2026-08-31 15:11:07,468 [Worker-166: Building workspace] INFO  o.e.m.c.i.embedder.EclipseLogger - Copying 0 resource
2026-08-31 15:11:07,470 [Worker-166: Building workspace] WARN  o.e.m.c.i.embedder.EclipseLogger - Using platform encoding (MS949 actually) to copy filtered resources, i.e. build is platform dependent!
2026-08-31 15:11:07,471 [Worker-166: Building workspace] INFO  o.e.m.c.i.embedder.EclipseLogger - Copying 0 resource
2026-08-31 15:11:39,411 [Worker-177: Building workspace] WARN  o.e.m.c.i.embedder.EclipseLogger - Using platform encoding (MS949 actually) to copy filtered resources, i.e. build is platform dependent!
2026-08-31 15:11:39,413 [Worker-177: Building workspace] INFO  o.e.m.c.i.embedder.EclipseLogger - Copying 0 resource
2026-08-31 15:11:39,415 [Worker-177: Building workspace] WARN  o.e.m.c.i.embedder.EclipseLogger - Using platform encoding (MS949 actually) to copy filtered resources, i.e. build is platform dependent!
2026-08-31 15:11:39,417 [Worker-177: Building workspace] INFO  o.e.m.c.i.embedder.EclipseLogger - Copying 0 resource
2026-08-31 15:12:59,971 [Worker-181: Building workspace] WARN  o.e.m.c.i.embedder.EclipseLogger - Using platform encoding (MS949 actually) to copy filtered resources, i.e. build is platform dependent!
2026-08-31 15:12:59,973 [Worker-181: Building workspace] INFO  o.e.m.c.i.embedder.EclipseLogger - Copying 3 resources
2026-08-31 15:12:59,974 [Worker-181: Building workspace] WARN  o.e.m.c.i.embedder.EclipseLogger - Using platform encoding (MS949 actually) to copy filtered resources, i.e. build is platform dependent!
2026-08-31 15:12:59,975 [Worker-181: Building workspace] INFO  o.e.m.c.i.embedder.EclipseLogger - Copying 0 resource
2026-08-31 15:13:05,459 [Worker-181: Building workspace] WARN  o.e.m.c.i.embedder.EclipseLogger - Using platform encoding (MS949 actually) to copy filtered resources, i.e. build is platform dependent!
2026-08-31 15:13:05,461 [Worker-181: Building workspace] INFO  o.e.m.c.i.embedder.EclipseLogger - Copying 3 resources
2026-08-31 15:13:05,462 [Worker-181: Building workspace] WARN  o.e.m.c.i.embedder.EclipseLogger - Using platform encoding (MS949 actually) to copy filtered resources, i.e. build is platform dependent!
2026-08-31 15:13:05,463 [Worker-181: Building workspace] INFO  o.e.m.c.i.embedder.EclipseLogger - Copying 0 resource
2026-08-31 15:15:38,108 [Worker-182: Building workspace] WARN  o.e.m.c.i.embedder.EclipseLogger - Using platform encoding (MS949 actually) to copy filtered resources, i.e. build is platform dependent!
2026-08-31 15:15:38,109 [Worker-182: Building workspace] INFO  o.e.m.c.i.embedder.EclipseLogger - Copying 0 resource
2026-08-31 15:15:38,112 [Worker-182: Building workspace] WARN  o.e.m.c.i.embedder.EclipseLogger - Using platform encoding (MS949 actually) to copy filtered resources, i.e. build is platform dependent!
2026-08-31 15:15:38,113 [Worker-182: Building workspace] INFO  o.e.m.c.i.embedder.EclipseLogger - Copying 0 resource
2026-08-31 15:15:44,250 [Worker-184: Building workspace] WARN  o.e.m.c.i.embedder.EclipseLogger - Using platform encoding (MS949 actually) to copy filtered resources, i.e. build is platform dependent!
2026-08-31 15:15:44,252 [Worker-184: Building workspace] INFO  o.e.m.c.i.embedder.EclipseLogger - Copying 0 resource
2026-08-31 15:15:44,253 [Worker-184: Building workspace] WARN  o.e.m.c.i.embedder.EclipseLogger - Using platform encoding (MS949 actually) to copy filtered resources, i.e. build is platform dependent!
2026-08-31 15:15:44,254 [Worker-184: Building workspace] INFO  o.e.m.c.i.embedder.EclipseLogger - Copying 0 resource
2026-08-31 15:15:49,653 [Worker-166: Building workspace] WARN  o.e.m.c.i.embedder.EclipseLogger - Using platform encoding (MS949 actually) to copy filtered resources, i.e. build is platform dependent!
2026-08-31 15:15:49,655 [Worker-166: Building workspace] INFO  o.e.m.c.i.embedder.EclipseLogger - Copying 0 resource
2026-08-31 15:15:49,656 [Worker-166: Building workspace] WARN  o.e.m.c.i.embedder.EclipseLogger - Using platform encoding (MS949 actually) to copy filtered resources, i.e. build is platform dependent!
2026-08-31 15:15:49,657 [Worker-166: Building workspace] INFO  o.e.m.c.i.embedder.EclipseLogger - Copying 0 resource
2026-08-31 15:15:56,637 [Worker-166: Building workspace] WARN  o.e.m.c.i.embedder.EclipseLogger - Using platform encoding (MS949 actually) to copy filtered resources, i.e. build is platform dependent!
2026-08-31 15:15:56,638 [Worker-166: Building workspace] INFO  o.e.m.c.i.embedder.EclipseLogger - Copying 0 resource
2026-08-31 15:15:56,638 [Worker-166: Building workspace] WARN  o.e.m.c.i.embedder.EclipseLogger - Using platform encoding (MS949 actually) to copy filtered resources, i.e. build is platform dependent!
2026-08-31 15:15:56,639 [Worker-166: Building workspace] INFO  o.e.m.c.i.embedder.EclipseLogger - Copying 0 resource
2026-08-31 15:16:38,070 [Worker-166: Building workspace] WARN  o.e.m.c.i.embedder.EclipseLogger - Using platform encoding (MS949 actually) to copy filtered resources, i.e. build is platform dependent!
2026-08-31 15:16:38,072 [Worker-166: Building workspace] INFO  o.e.m.c.i.embedder.EclipseLogger - Copying 0 resource
2026-08-31 15:16:38,073 [Worker-166: Building workspace] WARN  o.e.m.c.i.embedder.EclipseLogger - Using platform encoding (MS949 actually) to copy filtered resources, i.e. build is platform dependent!
2026-08-31 15:16:38,075 [Worker-166: Building workspace] INFO  o.e.m.c.i.embedder.EclipseLogger - Copying 0 resource
2026-08-31 15:17:45,833 [Worker-186: Building workspace] WARN  o.e.m.c.i.embedder.EclipseLogger - Using platform encoding (MS949 actually) to copy filtered resources, i.e. build is platform dependent!
2026-08-31 15:17:45,836 [Worker-186: Building workspace] INFO  o.e.m.c.i.embedder.EclipseLogger - Copying 0 resource
2026-08-31 15:17:45,837 [Worker-186: Building workspace] WARN  o.e.m.c.i.embedder.EclipseLogger - Using platform encoding (MS949 actually) to copy filtered resources, i.e. build is platform dependent!
2026-08-31 15:17:45,839 [Worker-186: Building workspace] INFO  o.e.m.c.i.embedder.EclipseLogger - Copying 0 resource
2026-08-31 15:18:36,575 [Worker-187: Building workspace] WARN  o.e.m.c.i.embedder.EclipseLogger - Using platform encoding (MS949 actually) to copy filtered resources, i.e. build is platform dependent!
2026-08-31 15:18:36,577 [Worker-187: Building workspace] INFO  o.e.m.c.i.embedder.EclipseLogger - Copying 0 resource
2026-08-31 15:18:36,579 [Worker-187: Building workspace] WARN  o.e.m.c.i.embedder.EclipseLogger - Using platform encoding (MS949 actually) to copy filtered resources, i.e. build is platform dependent!
2026-08-31 15:18:36,581 [Worker-187: Building workspace] INFO  o.e.m.c.i.embedder.EclipseLogger - Copying 0 resource
2026-08-31 15:18:46,548 [Worker-183: Building workspace] WARN  o.e.m.c.i.embedder.EclipseLogger - Using platform encoding (MS949 actually) to copy filtered resources, i.e. build is platform dependent!
2026-08-31 15:18:46,550 [Worker-183: Building workspace] INFO  o.e.m.c.i.embedder.EclipseLogger - Copying 0 resource
2026-08-31 15:18:46,551 [Worker-183: Building workspace] WARN  o.e.m.c.i.embedder.EclipseLogger - Using platform encoding (MS949 actually) to copy filtered resources, i.e. build is platform dependent!
2026-08-31 15:18:46,552 [Worker-183: Building workspace] INFO  o.e.m.c.i.embedder.EclipseLogger - Copying 0 resource
2026-08-31 15:19:19,736 [Worker-185: Building workspace] WARN  o.e.m.c.i.embedder.EclipseLogger - Using platform encoding (MS949 actually) to copy filtered resources, i.e. build is platform dependent!
2026-08-31 15:19:19,738 [Worker-185: Building workspace] INFO  o.e.m.c.i.embedder.EclipseLogger - Copying 0 resource
2026-08-31 15:19:19,739 [Worker-185: Building workspace] WARN  o.e.m.c.i.embedder.EclipseLogger - Using platform encoding (MS949 actually) to copy filtered resources, i.e. build is platform dependent!
2026-08-31 15:19:19,741 [Worker-185: Building workspace] INFO  o.e.m.c.i.embedder.EclipseLogger - Copying 0 resource
2026-08-31 15:19:28,632 [Worker-187: Building workspace] WARN  o.e.m.c.i.embedder.EclipseLogger - Using platform encoding (MS949 actually) to copy filtered resources, i.e. build is platform dependent!
2026-08-31 15:19:28,634 [Worker-187: Building workspace] INFO  o.e.m.c.i.embedder.EclipseLogger - Copying 0 resource
2026-08-31 15:19:28,635 [Worker-187: Building workspace] WARN  o.e.m.c.i.embedder.EclipseLogger - Using platform encoding (MS949 actually) to copy filtered resources, i.e. build is platform dependent!
2026-08-31 15:19:28,636 [Worker-187: Building workspace] INFO  o.e.m.c.i.embedder.EclipseLogger - Copying 0 resource
2026-08-31 15:22:16,787 [Worker-172: Building workspace] WARN  o.e.m.c.i.embedder.EclipseLogger - Using platform encoding (MS949 actually) to copy filtered resources, i.e. build is platform dependent!
2026-08-31 15:22:16,788 [Worker-172: Building workspace] INFO  o.e.m.c.i.embedder.EclipseLogger - Copying 0 resource
2026-08-31 15:22:16,789 [Worker-172: Building workspace] WARN  o.e.m.c.i.embedder.EclipseLogger - Using platform encoding (MS949 actually) to copy filtered resources, i.e. build is platform dependent!
2026-08-31 15:22:16,790 [Worker-172: Building workspace] INFO  o.e.m.c.i.embedder.EclipseLogger - Copying 0 resource
2026-08-31 15:23:17,753 [Worker-188: Building workspace] WARN  o.e.m.c.i.embedder.EclipseLogger - Using platform encoding (MS949 actually) to copy filtered resources, i.e. build is platform dependent!
2026-08-31 15:23:17,755 [Worker-188: Building workspace] INFO  o.e.m.c.i.embedder.EclipseLogger - Copying 0 resource
2026-08-31 15:23:17,756 [Worker-188: Building workspace] WARN  o.e.m.c.i.embedder.EclipseLogger - Using platform encoding (MS949 actually) to copy filtered resources, i.e. build is platform dependent!
2026-08-31 15:23:17,757 [Worker-188: Building workspace] INFO  o.e.m.c.i.embedder.EclipseLogger - Copying 0 resource
2026-08-31 15:23:43,310 [Worker-190: Building workspace] WARN  o.e.m.c.i.embedder.EclipseLogger - Using platform encoding (MS949 actually) to copy filtered resources, i.e. build is platform dependent!
2026-08-31 15:23:43,310 [Worker-190: Building workspace] INFO  o.e.m.c.i.embedder.EclipseLogger - Copying 0 resource
2026-08-31 15:23:43,311 [Worker-190: Building workspace] WARN  o.e.m.c.i.embedder.EclipseLogger - Using platform encoding (MS949 actually) to copy filtered resources, i.e. build is platform dependent!
2026-08-31 15:23:43,311 [Worker-190: Building workspace] INFO  o.e.m.c.i.embedder.EclipseLogger - Copying 0 resource
2026-08-31 15:25:12,917 [Worker-185: Building workspace] WARN  o.e.m.c.i.embedder.EclipseLogger - Using platform encoding (MS949 actually) to copy filtered resources, i.e. build is platform dependent!
2026-08-31 15:25:12,919 [Worker-185: Building workspace] INFO  o.e.m.c.i.embedder.EclipseLogger - Copying 0 resource
2026-08-31 15:25:12,921 [Worker-185: Building workspace] WARN  o.e.m.c.i.embedder.EclipseLogger - Using platform encoding (MS949 actually) to copy filtered resources, i.e. build is platform dependent!
2026-08-31 15:25:12,922 [Worker-185: Building workspace] INFO  o.e.m.c.i.embedder.EclipseLogger - Copying 0 resource
2026-08-31 15:25:23,700 [Worker-185: Building workspace] WARN  o.e.m.c.i.embedder.EclipseLogger - Using platform encoding (MS949 actually) to copy filtered resources, i.e. build is platform dependent!
2026-08-31 15:25:23,702 [Worker-185: Building workspace] INFO  o.e.m.c.i.embedder.EclipseLogger - Copying 0 resource
2026-08-31 15:25:23,703 [Worker-185: Building workspace] WARN  o.e.m.c.i.embedder.EclipseLogger - Using platform encoding (MS949 actually) to copy filtered resources, i.e. build is platform dependent!
2026-08-31 15:25:23,705 [Worker-185: Building workspace] INFO  o.e.m.c.i.embedder.EclipseLogger - Copying 0 resource
2026-08-31 15:26:28,455 [Worker-188: Building workspace] WARN  o.e.m.c.i.embedder.EclipseLogger - Using platform encoding (MS949 actually) to copy filtered resources, i.e. build is platform dependent!
2026-08-31 15:26:28,457 [Worker-188: Building workspace] INFO  o.e.m.c.i.embedder.EclipseLogger - Copying 0 resource
2026-08-31 15:26:28,459 [Worker-188: Building workspace] WARN  o.e.m.c.i.embedder.EclipseLogger - Using platform encoding (MS949 actually) to copy filtered resources, i.e. build is platform dependent!
2026-08-31 15:26:28,460 [Worker-188: Building workspace] INFO  o.e.m.c.i.embedder.EclipseLogger - Copying 0 resource
2026-08-31 15:28:06,181 [Worker-188: Building workspace] WARN  o.e.m.c.i.embedder.EclipseLogger - Using platform encoding (MS949 actually) to copy filtered resources, i.e. build is platform dependent!
2026-08-31 15:28:06,183 [Worker-188: Building workspace] INFO  o.e.m.c.i.embedder.EclipseLogger - Copying 0 resource
2026-08-31 15:28:06,184 [Worker-188: Building workspace] WARN  o.e.m.c.i.embedder.EclipseLogger - Using platform encoding (MS949 actually) to copy filtered resources, i.e. build is platform dependent!
2026-08-31 15:28:06,186 [Worker-188: Building workspace] INFO  o.e.m.c.i.embedder.EclipseLogger - Copying 0 resource
2026-08-31 15:29:18,046 [Worker-185: Building workspace] WARN  o.e.m.c.i.embedder.EclipseLogger - Using platform encoding (MS949 actually) to copy filtered resources, i.e. build is platform dependent!
2026-08-31 15:29:18,047 [Worker-185: Building workspace] INFO  o.e.m.c.i.embedder.EclipseLogger - Copying 0 resource
2026-08-31 15:29:18,048 [Worker-185: Building workspace] WARN  o.e.m.c.i.embedder.EclipseLogger - Using platform encoding (MS949 actually) to copy filtered resources, i.e. build is platform dependent!
2026-08-31 15:29:18,048 [Worker-185: Building workspace] INFO  o.e.m.c.i.embedder.EclipseLogger - Copying 0 resource
2026-08-31 15:30:04,616 [Worker-188: Building workspace] WARN  o.e.m.c.i.embedder.EclipseLogger - Using platform encoding (MS949 actually) to copy filtered resources, i.e. build is platform dependent!
2026-08-31 15:30:04,617 [Worker-188: Building workspace] INFO  o.e.m.c.i.embedder.EclipseLogger - Copying 0 resource
2026-08-31 15:30:04,619 [Worker-188: Building workspace] WARN  o.e.m.c.i.embedder.EclipseLogger - Using platform encoding (MS949 actually) to copy filtered resources, i.e. build is platform dependent!
2026-08-31 15:30:04,620 [Worker-188: Building workspace] INFO  o.e.m.c.i.embedder.EclipseLogger - Copying 0 resource
2026-08-31 15:30:36,146 [Worker-193: Building workspace] WARN  o.e.m.c.i.embedder.EclipseLogger - Using platform encoding (MS949 actually) to copy filtered resources, i.e. build is platform dependent!
2026-08-31 15:30:36,148 [Worker-193: Building workspace] INFO  o.e.m.c.i.embedder.EclipseLogger - Copying 0 resource
2026-08-31 15:30:36,149 [Worker-193: Building workspace] WARN  o.e.m.c.i.embedder.EclipseLogger - Using platform encoding (MS949 actually) to copy filtered resources, i.e. build is platform dependent!
2026-08-31 15:30:36,151 [Worker-193: Building workspace] INFO  o.e.m.c.i.embedder.EclipseLogger - Copying 0 resource
2026-08-31 15:31:42,047 [Worker-191: Building workspace] WARN  o.e.m.c.i.embedder.EclipseLogger - Using platform encoding (MS949 actually) to copy filtered resources, i.e. build is platform dependent!
2026-08-31 15:31:42,049 [Worker-191: Building workspace] INFO  o.e.m.c.i.embedder.EclipseLogger - Copying 0 resource
2026-08-31 15:31:42,050 [Worker-191: Building workspace] WARN  o.e.m.c.i.embedder.EclipseLogger - Using platform encoding (MS949 actually) to copy filtered resources, i.e. build is platform dependent!
2026-08-31 15:31:42,052 [Worker-191: Building workspace] INFO  o.e.m.c.i.embedder.EclipseLogger - Copying 0 resource
2026-08-31 15:32:52,320 [Worker-193: Building workspace] WARN  o.e.m.c.i.embedder.EclipseLogger - Using platform encoding (MS949 actually) to copy filtered resources, i.e. build is platform dependent!
2026-08-31 15:32:52,322 [Worker-193: Building workspace] INFO  o.e.m.c.i.embedder.EclipseLogger - Copying 0 resource
2026-08-31 15:32:52,324 [Worker-193: Building workspace] WARN  o.e.m.c.i.embedder.EclipseLogger - Using platform encoding (MS949 actually) to copy filtered resources, i.e. build is platform dependent!
2026-08-31 15:32:52,325 [Worker-193: Building workspace] INFO  o.e.m.c.i.embedder.EclipseLogger - Copying 0 resource
2026-08-31 15:33:11,254 [Worker-185: Building workspace] WARN  o.e.m.c.i.embedder.EclipseLogger - Using platform encoding (MS949 actually) to copy filtered resources, i.e. build is platform dependent!
2026-08-31 15:33:11,256 [Worker-185: Building workspace] INFO  o.e.m.c.i.embedder.EclipseLogger - Copying 0 resource
2026-08-31 15:33:11,257 [Worker-185: Building workspace] WARN  o.e.m.c.i.embedder.EclipseLogger - Using platform encoding (MS949 actually) to copy filtered resources, i.e. build is platform dependent!
2026-08-31 15:33:11,258 [Worker-185: Building workspace] INFO  o.e.m.c.i.embedder.EclipseLogger - Copying 0 resource
2026-08-31 15:34:33,304 [Worker-189: Building workspace] WARN  o.e.m.c.i.embedder.EclipseLogger - Using platform encoding (MS949 actually) to copy filtered resources, i.e. build is platform dependent!
2026-08-31 15:34:33,306 [Worker-189: Building workspace] INFO  o.e.m.c.i.embedder.EclipseLogger - Copying 0 resource
2026-08-31 15:34:33,308 [Worker-189: Building workspace] WARN  o.e.m.c.i.embedder.EclipseLogger - Using platform encoding (MS949 actually) to copy filtered resources, i.e. build is platform dependent!
2026-08-31 15:34:33,309 [Worker-189: Building workspace] INFO  o.e.m.c.i.embedder.EclipseLogger - Copying 0 resource
2026-08-31 15:35:06,575 [Worker-189: Building workspace] WARN  o.e.m.c.i.embedder.EclipseLogger - Using platform encoding (MS949 actually) to copy filtered resources, i.e. build is platform dependent!
2026-08-31 15:35:06,577 [Worker-189: Building workspace] INFO  o.e.m.c.i.embedder.EclipseLogger - Copying 0 resource
2026-08-31 15:35:06,578 [Worker-189: Building workspace] WARN  o.e.m.c.i.embedder.EclipseLogger - Using platform encoding (MS949 actually) to copy filtered resources, i.e. build is platform dependent!
2026-08-31 15:35:06,580 [Worker-189: Building workspace] INFO  o.e.m.c.i.embedder.EclipseLogger - Copying 0 resource
2026-08-31 15:35:37,180 [Worker-185: Building workspace] WARN  o.e.m.c.i.embedder.EclipseLogger - Using platform encoding (MS949 actually) to copy filtered resources, i.e. build is platform dependent!
2026-08-31 15:35:37,181 [Worker-185: Building workspace] INFO  o.e.m.c.i.embedder.EclipseLogger - Copying 0 resource
2026-08-31 15:35:37,181 [Worker-185: Building workspace] WARN  o.e.m.c.i.embedder.EclipseLogger - Using platform encoding (MS949 actually) to copy filtered resources, i.e. build is platform dependent!
2026-08-31 15:35:37,182 [Worker-185: Building workspace] INFO  o.e.m.c.i.embedder.EclipseLogger - Copying 0 resource
2026-08-31 15:35:53,395 [Worker-189: Building workspace] WARN  o.e.m.c.i.embedder.EclipseLogger - Using platform encoding (MS949 actually) to copy filtered resources, i.e. build is platform dependent!
2026-08-31 15:35:53,397 [Worker-189: Building workspace] INFO  o.e.m.c.i.embedder.EclipseLogger - Copying 0 resource
2026-08-31 15:35:53,398 [Worker-189: Building workspace] WARN  o.e.m.c.i.embedder.EclipseLogger - Using platform encoding (MS949 actually) to copy filtered resources, i.e. build is platform dependent!
2026-08-31 15:35:53,400 [Worker-189: Building workspace] INFO  o.e.m.c.i.embedder.EclipseLogger - Copying 0 resource
2026-08-31 15:36:17,639 [Worker-192: Building workspace] WARN  o.e.m.c.i.embedder.EclipseLogger - Using platform encoding (MS949 actually) to copy filtered resources, i.e. build is platform dependent!
2026-08-31 15:36:17,641 [Worker-192: Building workspace] INFO  o.e.m.c.i.embedder.EclipseLogger - Copying 0 resource
2026-08-31 15:36:17,642 [Worker-192: Building workspace] WARN  o.e.m.c.i.embedder.EclipseLogger - Using platform encoding (MS949 actually) to copy filtered resources, i.e. build is platform dependent!
2026-08-31 15:36:17,642 [Worker-192: Building workspace] INFO  o.e.m.c.i.embedder.EclipseLogger - Copying 0 resource
2026-08-31 15:36:19,029 [Worker-194: Building workspace] WARN  o.e.m.c.i.embedder.EclipseLogger - Using platform encoding (MS949 actually) to copy filtered resources, i.e. build is platform dependent!
2026-08-31 15:36:19,030 [Worker-194: Building workspace] INFO  o.e.m.c.i.embedder.EclipseLogger - Copying 0 resource
2026-08-31 15:36:19,031 [Worker-194: Building workspace] WARN  o.e.m.c.i.embedder.EclipseLogger - Using platform encoding (MS949 actually) to copy filtered resources, i.e. build is platform dependent!
2026-08-31 15:36:19,033 [Worker-194: Building workspace] INFO  o.e.m.c.i.embedder.EclipseLogger - Copying 0 resource
2026-08-31 15:36:43,964 [Worker-193: Building workspace] WARN  o.e.m.c.i.embedder.EclipseLogger - Using platform encoding (MS949 actually) to copy filtered resources, i.e. build is platform dependent!
2026-08-31 15:36:43,965 [Worker-193: Building workspace] INFO  o.e.m.c.i.embedder.EclipseLogger - Copying 0 resource
2026-08-31 15:36:43,966 [Worker-193: Building workspace] WARN  o.e.m.c.i.embedder.EclipseLogger - Using platform encoding (MS949 actually) to copy filtered resources, i.e. build is platform dependent!
2026-08-31 15:36:43,967 [Worker-193: Building workspace] INFO  o.e.m.c.i.embedder.EclipseLogger - Copying 0 resource
2026-08-31 15:36:50,326 [Worker-191: Building workspace] WARN  o.e.m.c.i.embedder.EclipseLogger - Using platform encoding (MS949 actually) to copy filtered resources, i.e. build is platform dependent!
2026-08-31 15:36:50,327 [Worker-191: Building workspace] INFO  o.e.m.c.i.embedder.EclipseLogger - Copying 0 resource
2026-08-31 15:36:50,328 [Worker-191: Building workspace] WARN  o.e.m.c.i.embedder.EclipseLogger - Using platform encoding (MS949 actually) to copy filtered resources, i.e. build is platform dependent!
2026-08-31 15:36:50,329 [Worker-191: Building workspace] INFO  o.e.m.c.i.embedder.EclipseLogger - Copying 0 resource
2026-08-31 15:37:08,560 [Worker-185: Building workspace] WARN  o.e.m.c.i.embedder.EclipseLogger - Using platform encoding (MS949 actually) to copy filtered resources, i.e. build is platform dependent!
2026-08-31 15:37:08,563 [Worker-185: Building workspace] INFO  o.e.m.c.i.embedder.EclipseLogger - Copying 0 resource
2026-08-31 15:37:08,564 [Worker-185: Building workspace] WARN  o.e.m.c.i.embedder.EclipseLogger - Using platform encoding (MS949 actually) to copy filtered resources, i.e. build is platform dependent!
2026-08-31 15:37:08,567 [Worker-185: Building workspace] INFO  o.e.m.c.i.embedder.EclipseLogger - Copying 0 resource
2026-08-31 15:39:17,716 [Worker-191: Building workspace] WARN  o.e.m.c.i.embedder.EclipseLogger - Using platform encoding (MS949 actually) to copy filtered resources, i.e. build is platform dependent!
2026-08-31 15:39:17,719 [Worker-191: Building workspace] INFO  o.e.m.c.i.embedder.EclipseLogger - Copying 0 resource
2026-08-31 15:39:17,720 [Worker-191: Building workspace] WARN  o.e.m.c.i.embedder.EclipseLogger - Using platform encoding (MS949 actually) to copy filtered resources, i.e. build is platform dependent!
2026-08-31 15:39:17,722 [Worker-191: Building workspace] INFO  o.e.m.c.i.embedder.EclipseLogger - Copying 0 resource
2026-08-31 15:42:41,537 [Worker-185: Building workspace] WARN  o.e.m.c.i.embedder.EclipseLogger - Using platform encoding (MS949 actually) to copy filtered resources, i.e. build is platform dependent!
2026-08-31 15:42:41,539 [Worker-185: Building workspace] INFO  o.e.m.c.i.embedder.EclipseLogger - Copying 0 resource
2026-08-31 15:42:41,542 [Worker-185: Building workspace] WARN  o.e.m.c.i.embedder.EclipseLogger - Using platform encoding (MS949 actually) to copy filtered resources, i.e. build is platform dependent!
2026-08-31 15:42:41,542 [Worker-185: Building workspace] INFO  o.e.m.c.i.embedder.EclipseLogger - Copying 0 resource
2026-08-31 15:43:48,763 [Worker-185: Building workspace] WARN  o.e.m.c.i.embedder.EclipseLogger - Using platform encoding (MS949 actually) to copy filtered resources, i.e. build is platform dependent!
2026-08-31 15:43:48,764 [Worker-185: Building workspace] INFO  o.e.m.c.i.embedder.EclipseLogger - Copying 0 resource
2026-08-31 15:43:48,765 [Worker-185: Building workspace] WARN  o.e.m.c.i.embedder.EclipseLogger - Using platform encoding (MS949 actually) to copy filtered resources, i.e. build is platform dependent!
2026-08-31 15:43:48,767 [Worker-185: Building workspace] INFO  o.e.m.c.i.embedder.EclipseLogger - Copying 0 resource
2026-08-31 15:44:50,530 [Worker-191: Building workspace] WARN  o.e.m.c.i.embedder.EclipseLogger - Using platform encoding (MS949 actually) to copy filtered resources, i.e. build is platform dependent!
2026-08-31 15:44:50,531 [Worker-191: Building workspace] INFO  o.e.m.c.i.embedder.EclipseLogger - Copying 0 resource
2026-08-31 15:44:50,531 [Worker-191: Building workspace] WARN  o.e.m.c.i.embedder.EclipseLogger - Using platform encoding (MS949 actually) to copy filtered resources, i.e. build is platform dependent!
2026-08-31 15:44:50,533 [Worker-191: Building workspace] INFO  o.e.m.c.i.embedder.EclipseLogger - Copying 0 resource
2026-08-31 15:45:01,570 [Worker-193: Building workspace] WARN  o.e.m.c.i.embedder.EclipseLogger - Using platform encoding (MS949 actually) to copy filtered resources, i.e. build is platform dependent!
2026-08-31 15:45:01,571 [Worker-193: Building workspace] INFO  o.e.m.c.i.embedder.EclipseLogger - Copying 0 resource
2026-08-31 15:45:01,572 [Worker-193: Building workspace] WARN  o.e.m.c.i.embedder.EclipseLogger - Using platform encoding (MS949 actually) to copy filtered resources, i.e. build is platform dependent!
2026-08-31 15:45:01,572 [Worker-193: Building workspace] INFO  o.e.m.c.i.embedder.EclipseLogger - Copying 0 resource
2026-08-31 15:46:10,111 [Worker-197: Building workspace] WARN  o.e.m.c.i.embedder.EclipseLogger - Using platform encoding (MS949 actually) to copy filtered resources, i.e. build is platform dependent!
2026-08-31 15:46:10,113 [Worker-197: Building workspace] INFO  o.e.m.c.i.embedder.EclipseLogger - Copying 0 resource
2026-08-31 15:46:10,114 [Worker-197: Building workspace] WARN  o.e.m.c.i.embedder.EclipseLogger - Using platform encoding (MS949 actually) to copy filtered resources, i.e. build is platform dependent!
2026-08-31 15:46:10,117 [Worker-197: Building workspace] INFO  o.e.m.c.i.embedder.EclipseLogger - Copying 0 resource
2026-08-31 15:47:44,286 [Worker-191: Building workspace] WARN  o.e.m.c.i.embedder.EclipseLogger - Using platform encoding (MS949 actually) to copy filtered resources, i.e. build is platform dependent!
2026-08-31 15:47:44,290 [Worker-191: Building workspace] INFO  o.e.m.c.i.embedder.EclipseLogger - Copying 3 resources
2026-08-31 15:47:44,292 [Worker-191: Building workspace] WARN  o.e.m.c.i.embedder.EclipseLogger - Using platform encoding (MS949 actually) to copy filtered resources, i.e. build is platform dependent!
2026-08-31 15:47:44,295 [Worker-191: Building workspace] INFO  o.e.m.c.i.embedder.EclipseLogger - Copying 0 resource
2026-08-31 15:47:55,946 [Worker-199: Building workspace] WARN  o.e.m.c.i.embedder.EclipseLogger - Using platform encoding (MS949 actually) to copy filtered resources, i.e. build is platform dependent!
2026-08-31 15:47:55,947 [Worker-199: Building workspace] INFO  o.e.m.c.i.embedder.EclipseLogger - Copying 3 resources
2026-08-31 15:47:55,948 [Worker-199: Building workspace] WARN  o.e.m.c.i.embedder.EclipseLogger - Using platform encoding (MS949 actually) to copy filtered resources, i.e. build is platform dependent!
2026-08-31 15:47:55,949 [Worker-199: Building workspace] INFO  o.e.m.c.i.embedder.EclipseLogger - Copying 0 resource
2026-08-31 15:48:01,720 [Worker-191: Building workspace] WARN  o.e.m.c.i.embedder.EclipseLogger - Using platform encoding (MS949 actually) to copy filtered resources, i.e. build is platform dependent!
2026-08-31 15:48:01,721 [Worker-191: Building workspace] INFO  o.e.m.c.i.embedder.EclipseLogger - Copying 3 resources
2026-08-31 15:48:01,722 [Worker-191: Building workspace] WARN  o.e.m.c.i.embedder.EclipseLogger - Using platform encoding (MS949 actually) to copy filtered resources, i.e. build is platform dependent!
2026-08-31 15:48:01,722 [Worker-191: Building workspace] INFO  o.e.m.c.i.embedder.EclipseLogger - Copying 0 resource
2026-08-31 15:48:08,511 [Worker-201: Building workspace] WARN  o.e.m.c.i.embedder.EclipseLogger - Using platform encoding (MS949 actually) to copy filtered resources, i.e. build is platform dependent!
2026-08-31 15:48:08,513 [Worker-201: Building workspace] INFO  o.e.m.c.i.embedder.EclipseLogger - Copying 3 resources
2026-08-31 15:48:08,514 [Worker-201: Building workspace] WARN  o.e.m.c.i.embedder.EclipseLogger - Using platform encoding (MS949 actually) to copy filtered resources, i.e. build is platform dependent!
2026-08-31 15:48:08,514 [Worker-201: Building workspace] INFO  o.e.m.c.i.embedder.EclipseLogger - Copying 0 resource
2026-08-31 15:50:57,014 [Worker-203: Building workspace] WARN  o.e.m.c.i.embedder.EclipseLogger - Using platform encoding (MS949 actually) to copy filtered resources, i.e. build is platform dependent!
2026-08-31 15:50:57,017 [Worker-203: Building workspace] INFO  o.e.m.c.i.embedder.EclipseLogger - Copying 0 resource
2026-08-31 15:50:57,018 [Worker-203: Building workspace] WARN  o.e.m.c.i.embedder.EclipseLogger - Using platform encoding (MS949 actually) to copy filtered resources, i.e. build is platform dependent!
2026-08-31 15:50:57,021 [Worker-203: Building workspace] INFO  o.e.m.c.i.embedder.EclipseLogger - Copying 0 resource
2026-08-31 15:53:32,805 [Worker-203: Building workspace] WARN  o.e.m.c.i.embedder.EclipseLogger - Using platform encoding (MS949 actually) to copy filtered resources, i.e. build is platform dependent!
2026-08-31 15:53:32,807 [Worker-203: Building workspace] INFO  o.e.m.c.i.embedder.EclipseLogger - Copying 0 resource
2026-08-31 15:53:32,807 [Worker-203: Building workspace] WARN  o.e.m.c.i.embedder.EclipseLogger - Using platform encoding (MS949 actually) to copy filtered resources, i.e. build is platform dependent!
2026-08-31 15:53:32,808 [Worker-203: Building workspace] INFO  o.e.m.c.i.embedder.EclipseLogger - Copying 0 resource
2026-08-31 15:54:13,460 [Worker-204: Building workspace] WARN  o.e.m.c.i.embedder.EclipseLogger - Using platform encoding (MS949 actually) to copy filtered resources, i.e. build is platform dependent!
2026-08-31 15:54:13,462 [Worker-204: Building workspace] INFO  o.e.m.c.i.embedder.EclipseLogger - Copying 0 resource
2026-08-31 15:54:13,463 [Worker-204: Building workspace] WARN  o.e.m.c.i.embedder.EclipseLogger - Using platform encoding (MS949 actually) to copy filtered resources, i.e. build is platform dependent!
2026-08-31 15:54:13,465 [Worker-204: Building workspace] INFO  o.e.m.c.i.embedder.EclipseLogger - Copying 0 resource
2026-08-31 15:56:39,057 [Worker-202: Building workspace] WARN  o.e.m.c.i.embedder.EclipseLogger - Using platform encoding (MS949 actually) to copy filtered resources, i.e. build is platform dependent!
2026-08-31 15:56:39,058 [Worker-202: Building workspace] INFO  o.e.m.c.i.embedder.EclipseLogger - Copying 0 resource
2026-08-31 15:56:39,059 [Worker-202: Building workspace] WARN  o.e.m.c.i.embedder.EclipseLogger - Using platform encoding (MS949 actually) to copy filtered resources, i.e. build is platform dependent!
2026-08-31 15:56:39,059 [Worker-202: Building workspace] INFO  o.e.m.c.i.embedder.EclipseLogger - Copying 0 resource
2026-08-31 15:57:39,653 [Worker-202: Building workspace] WARN  o.e.m.c.i.embedder.EclipseLogger - Using platform encoding (MS949 actually) to copy filtered resources, i.e. build is platform dependent!
2026-08-31 15:57:39,656 [Worker-202: Building workspace] INFO  o.e.m.c.i.embedder.EclipseLogger - Copying 0 resource
2026-08-31 15:57:39,657 [Worker-202: Building workspace] WARN  o.e.m.c.i.embedder.EclipseLogger - Using platform encoding (MS949 actually) to copy filtered resources, i.e. build is platform dependent!
2026-08-31 15:57:39,659 [Worker-202: Building workspace] INFO  o.e.m.c.i.embedder.EclipseLogger - Copying 0 resource
2026-08-31 16:07:45,815 [Worker-206: Building workspace] WARN  o.e.m.c.i.embedder.EclipseLogger - Using platform encoding (MS949 actually) to copy filtered resources, i.e. build is platform dependent!
2026-08-31 16:07:45,817 [Worker-206: Building workspace] INFO  o.e.m.c.i.embedder.EclipseLogger - Copying 3 resources
2026-08-31 16:07:45,817 [Worker-206: Building workspace] WARN  o.e.m.c.i.embedder.EclipseLogger - Using platform encoding (MS949 actually) to copy filtered resources, i.e. build is platform dependent!
2026-08-31 16:07:45,818 [Worker-206: Building workspace] INFO  o.e.m.c.i.embedder.EclipseLogger - Copying 0 resource
2026-08-31 16:09:11,753 [Worker-212: Building workspace] WARN  o.e.m.c.i.embedder.EclipseLogger - Using platform encoding (MS949 actually) to copy filtered resources, i.e. build is platform dependent!
2026-08-31 16:09:11,755 [Worker-212: Building workspace] INFO  o.e.m.c.i.embedder.EclipseLogger - Copying 3 resources
2026-08-31 16:09:11,756 [Worker-212: Building workspace] WARN  o.e.m.c.i.embedder.EclipseLogger - Using platform encoding (MS949 actually) to copy filtered resources, i.e. build is platform dependent!
2026-08-31 16:09:11,757 [Worker-212: Building workspace] INFO  o.e.m.c.i.embedder.EclipseLogger - Copying 0 resource
2026-08-31 16:09:38,810 [Worker-206: Building workspace] WARN  o.e.m.c.i.embedder.EclipseLogger - Using platform encoding (MS949 actually) to copy filtered resources, i.e. build is platform dependent!
2026-08-31 16:09:38,812 [Worker-206: Building workspace] INFO  o.e.m.c.i.embedder.EclipseLogger - Copying 3 resources
2026-08-31 16:09:38,812 [Worker-206: Building workspace] WARN  o.e.m.c.i.embedder.EclipseLogger - Using platform encoding (MS949 actually) to copy filtered resources, i.e. build is platform dependent!
2026-08-31 16:09:38,813 [Worker-206: Building workspace] INFO  o.e.m.c.i.embedder.EclipseLogger - Copying 0 resource
2026-08-31 16:10:36,906 [Worker-209: Building workspace] WARN  o.e.m.c.i.embedder.EclipseLogger - Using platform encoding (MS949 actually) to copy filtered resources, i.e. build is platform dependent!
2026-08-31 16:10:36,908 [Worker-209: Building workspace] INFO  o.e.m.c.i.embedder.EclipseLogger - Copying 3 resources
2026-08-31 16:10:36,909 [Worker-209: Building workspace] WARN  o.e.m.c.i.embedder.EclipseLogger - Using platform encoding (MS949 actually) to copy filtered resources, i.e. build is platform dependent!
2026-08-31 16:10:36,910 [Worker-209: Building workspace] INFO  o.e.m.c.i.embedder.EclipseLogger - Copying 0 resource
2026-08-31 16:10:42,466 [Worker-208: Building workspace] WARN  o.e.m.c.i.embedder.EclipseLogger - Using platform encoding (MS949 actually) to copy filtered resources, i.e. build is platform dependent!
2026-08-31 16:10:42,471 [Worker-208: Building workspace] INFO  o.e.m.c.i.embedder.EclipseLogger - Copying 3 resources
2026-08-31 16:10:42,473 [Worker-208: Building workspace] WARN  o.e.m.c.i.embedder.EclipseLogger - Using platform encoding (MS949 actually) to copy filtered resources, i.e. build is platform dependent!
2026-08-31 16:10:42,475 [Worker-208: Building workspace] INFO  o.e.m.c.i.embedder.EclipseLogger - Copying 0 resource
2026-08-31 16:10:54,335 [Worker-212: Building workspace] WARN  o.e.m.c.i.embedder.EclipseLogger - Using platform encoding (MS949 actually) to copy filtered resources, i.e. build is platform dependent!
2026-08-31 16:10:54,336 [Worker-212: Building workspace] INFO  o.e.m.c.i.embedder.EclipseLogger - Copying 3 resources
2026-08-31 16:10:54,338 [Worker-212: Building workspace] WARN  o.e.m.c.i.embedder.EclipseLogger - Using platform encoding (MS949 actually) to copy filtered resources, i.e. build is platform dependent!
2026-08-31 16:10:54,338 [Worker-212: Building workspace] INFO  o.e.m.c.i.embedder.EclipseLogger - Copying 0 resource
2026-08-31 16:11:29,198 [Worker-211: Building workspace] WARN  o.e.m.c.i.embedder.EclipseLogger - Using platform encoding (MS949 actually) to copy filtered resources, i.e. build is platform dependent!
2026-08-31 16:11:29,200 [Worker-211: Building workspace] INFO  o.e.m.c.i.embedder.EclipseLogger - Copying 3 resources
2026-08-31 16:11:29,201 [Worker-211: Building workspace] WARN  o.e.m.c.i.embedder.EclipseLogger - Using platform encoding (MS949 actually) to copy filtered resources, i.e. build is platform dependent!
2026-08-31 16:11:29,202 [Worker-211: Building workspace] INFO  o.e.m.c.i.embedder.EclipseLogger - Copying 0 resource
2026-08-31 16:11:47,978 [Worker-206: Building workspace] WARN  o.e.m.c.i.embedder.EclipseLogger - Using platform encoding (MS949 actually) to copy filtered resources, i.e. build is platform dependent!
2026-08-31 16:11:47,980 [Worker-206: Building workspace] INFO  o.e.m.c.i.embedder.EclipseLogger - Copying 3 resources
2026-08-31 16:11:47,981 [Worker-206: Building workspace] WARN  o.e.m.c.i.embedder.EclipseLogger - Using platform encoding (MS949 actually) to copy filtered resources, i.e. build is platform dependent!
2026-08-31 16:11:47,981 [Worker-206: Building workspace] INFO  o.e.m.c.i.embedder.EclipseLogger - Copying 0 resource
2026-08-31 16:16:57,570 [Worker-214: Building workspace] WARN  o.e.m.c.i.embedder.EclipseLogger - Using platform encoding (MS949 actually) to copy filtered resources, i.e. build is platform dependent!
2026-08-31 16:16:57,571 [Worker-214: Building workspace] INFO  o.e.m.c.i.embedder.EclipseLogger - Copying 3 resources
2026-08-31 16:16:57,572 [Worker-214: Building workspace] WARN  o.e.m.c.i.embedder.EclipseLogger - Using platform encoding (MS949 actually) to copy filtered resources, i.e. build is platform dependent!
2026-08-31 16:16:57,573 [Worker-214: Building workspace] INFO  o.e.m.c.i.embedder.EclipseLogger - Copying 0 resource
2026-08-31 16:17:53,370 [Worker-210: Building workspace] WARN  o.e.m.c.i.embedder.EclipseLogger - Using platform encoding (MS949 actually) to copy filtered resources, i.e. build is platform dependent!
2026-08-31 16:17:53,371 [Worker-210: Building workspace] INFO  o.e.m.c.i.embedder.EclipseLogger - Copying 3 resources
2026-08-31 16:17:53,372 [Worker-210: Building workspace] WARN  o.e.m.c.i.embedder.EclipseLogger - Using platform encoding (MS949 actually) to copy filtered resources, i.e. build is platform dependent!
2026-08-31 16:17:53,373 [Worker-210: Building workspace] INFO  o.e.m.c.i.embedder.EclipseLogger - Copying 1 resource
2026-08-31 16:18:41,132 [Worker-206: Building workspace] WARN  o.e.m.c.i.embedder.EclipseLogger - Using platform encoding (MS949 actually) to copy filtered resources, i.e. build is platform dependent!
2026-08-31 16:18:41,141 [Worker-206: Building workspace] INFO  o.e.m.c.i.embedder.EclipseLogger - Copying 1 resource
2026-08-31 16:18:41,144 [Worker-206: Building workspace] WARN  o.e.m.c.i.embedder.EclipseLogger - Using platform encoding (MS949 actually) to copy filtered resources, i.e. build is platform dependent!
2026-08-31 16:18:41,145 [Worker-206: Building workspace] INFO  o.e.m.c.i.embedder.EclipseLogger - Copying 0 resource
2026-08-31 16:18:55,185 [Worker-210: Building workspace] WARN  o.e.m.c.i.embedder.EclipseLogger - Using platform encoding (MS949 actually) to copy filtered resources, i.e. build is platform dependent!
2026-08-31 16:18:55,187 [Worker-210: Building workspace] INFO  o.e.m.c.i.embedder.EclipseLogger - Copying 1 resource
2026-08-31 16:18:55,191 [Worker-210: Building workspace] WARN  o.e.m.c.i.embedder.EclipseLogger - Using platform encoding (MS949 actually) to copy filtered resources, i.e. build is platform dependent!
2026-08-31 16:18:55,192 [Worker-210: Building workspace] INFO  o.e.m.c.i.embedder.EclipseLogger - Copying 0 resource
2026-08-31 16:19:21,105 [Worker-210: Building workspace] WARN  o.e.m.c.i.embedder.EclipseLogger - Using platform encoding (MS949 actually) to copy filtered resources, i.e. build is platform dependent!
2026-08-31 16:19:21,108 [Worker-210: Building workspace] INFO  o.e.m.c.i.embedder.EclipseLogger - Copying 3 resources
2026-08-31 16:19:21,109 [Worker-210: Building workspace] WARN  o.e.m.c.i.embedder.EclipseLogger - Using platform encoding (MS949 actually) to copy filtered resources, i.e. build is platform dependent!
2026-08-31 16:19:21,111 [Worker-210: Building workspace] INFO  o.e.m.c.i.embedder.EclipseLogger - Copying 1 resource
2026-08-31 16:19:41,823 [Worker-215: Building workspace] WARN  o.e.m.c.i.embedder.EclipseLogger - Using platform encoding (MS949 actually) to copy filtered resources, i.e. build is platform dependent!
2026-08-31 16:19:41,825 [Worker-215: Building workspace] INFO  o.e.m.c.i.embedder.EclipseLogger - Copying 3 resources
2026-08-31 16:19:41,826 [Worker-215: Building workspace] WARN  o.e.m.c.i.embedder.EclipseLogger - Using platform encoding (MS949 actually) to copy filtered resources, i.e. build is platform dependent!
2026-08-31 16:19:41,827 [Worker-215: Building workspace] INFO  o.e.m.c.i.embedder.EclipseLogger - Copying 0 resource
2026-08-31 16:23:42,527 [Worker-206: Building workspace] WARN  o.e.m.c.i.embedder.EclipseLogger - Using platform encoding (MS949 actually) to copy filtered resources, i.e. build is platform dependent!
2026-08-31 16:23:42,529 [Worker-206: Building workspace] INFO  o.e.m.c.i.embedder.EclipseLogger - Copying 3 resources
2026-08-31 16:23:42,531 [Worker-206: Building workspace] WARN  o.e.m.c.i.embedder.EclipseLogger - Using platform encoding (MS949 actually) to copy filtered resources, i.e. build is platform dependent!
2026-08-31 16:23:42,536 [Worker-206: Building workspace] INFO  o.e.m.c.i.embedder.EclipseLogger - Copying 0 resource
2026-08-31 16:25:20,682 [Worker-218: Building workspace] WARN  o.e.m.c.i.embedder.EclipseLogger - Using platform encoding (MS949 actually) to copy filtered resources, i.e. build is platform dependent!
2026-08-31 16:25:20,683 [Worker-218: Building workspace] INFO  o.e.m.c.i.embedder.EclipseLogger - Copying 0 resource
2026-08-31 16:25:20,684 [Worker-218: Building workspace] WARN  o.e.m.c.i.embedder.EclipseLogger - Using platform encoding (MS949 actually) to copy filtered resources, i.e. build is platform dependent!
2026-08-31 16:25:20,685 [Worker-218: Building workspace] INFO  o.e.m.c.i.embedder.EclipseLogger - Copying 0 resource
2026-08-31 16:26:20,160 [Worker-220: Building workspace] WARN  o.e.m.c.i.embedder.EclipseLogger - Using platform encoding (MS949 actually) to copy filtered resources, i.e. build is platform dependent!
2026-08-31 16:26:20,162 [Worker-220: Building workspace] INFO  o.e.m.c.i.embedder.EclipseLogger - Copying 3 resources
2026-08-31 16:26:20,163 [Worker-220: Building workspace] WARN  o.e.m.c.i.embedder.EclipseLogger - Using platform encoding (MS949 actually) to copy filtered resources, i.e. build is platform dependent!
2026-08-31 16:26:20,163 [Worker-220: Building workspace] INFO  o.e.m.c.i.embedder.EclipseLogger - Copying 0 resource
2026-08-31 16:30:05,759 [Worker-221: Building workspace] WARN  o.e.m.c.i.embedder.EclipseLogger - Using platform encoding (MS949 actually) to copy filtered resources, i.e. build is platform dependent!
2026-08-31 16:30:05,760 [Worker-221: Building workspace] INFO  o.e.m.c.i.embedder.EclipseLogger - Copying 3 resources
2026-08-31 16:30:05,761 [Worker-221: Building workspace] WARN  o.e.m.c.i.embedder.EclipseLogger - Using platform encoding (MS949 actually) to copy filtered resources, i.e. build is platform dependent!
2026-08-31 16:30:05,762 [Worker-221: Building workspace] INFO  o.e.m.c.i.embedder.EclipseLogger - Copying 0 resource
2026-08-31 16:30:07,866 [Worker-220: Building workspace] WARN  o.e.m.c.i.embedder.EclipseLogger - Using platform encoding (MS949 actually) to copy filtered resources, i.e. build is platform dependent!
2026-08-31 16:30:07,868 [Worker-220: Building workspace] INFO  o.e.m.c.i.embedder.EclipseLogger - Copying 3 resources
2026-08-31 16:30:07,869 [Worker-220: Building workspace] WARN  o.e.m.c.i.embedder.EclipseLogger - Using platform encoding (MS949 actually) to copy filtered resources, i.e. build is platform dependent!
2026-08-31 16:30:07,870 [Worker-220: Building workspace] INFO  o.e.m.c.i.embedder.EclipseLogger - Copying 0 resource
2026-08-31 16:31:20,170 [Worker-218: Building workspace] WARN  o.e.m.c.i.embedder.EclipseLogger - Using platform encoding (MS949 actually) to copy filtered resources, i.e. build is platform dependent!
2026-08-31 16:31:20,171 [Worker-218: Building workspace] INFO  o.e.m.c.i.embedder.EclipseLogger - Copying 1 resource
2026-08-31 16:31:20,175 [Worker-218: Building workspace] WARN  o.e.m.c.i.embedder.EclipseLogger - Using platform encoding (MS949 actually) to copy filtered resources, i.e. build is platform dependent!
2026-08-31 16:31:20,177 [Worker-218: Building workspace] INFO  o.e.m.c.i.embedder.EclipseLogger - Copying 0 resource
2026-08-31 16:35:13,232 [Worker-220: Building workspace] WARN  o.e.m.c.i.embedder.EclipseLogger - Using platform encoding (MS949 actually) to copy filtered resources, i.e. build is platform dependent!
2026-08-31 16:35:13,233 [Worker-220: Building workspace] INFO  o.e.m.c.i.embedder.EclipseLogger - Copying 3 resources
2026-08-31 16:35:13,234 [Worker-220: Building workspace] WARN  o.e.m.c.i.embedder.EclipseLogger - Using platform encoding (MS949 actually) to copy filtered resources, i.e. build is platform dependent!
2026-08-31 16:35:13,235 [Worker-220: Building workspace] INFO  o.e.m.c.i.embedder.EclipseLogger - Copying 0 resource
2026-08-31 16:35:16,581 [Worker-221: Building workspace] WARN  o.e.m.c.i.embedder.EclipseLogger - Using platform encoding (MS949 actually) to copy filtered resources, i.e. build is platform dependent!
2026-08-31 16:35:16,582 [Worker-221: Building workspace] INFO  o.e.m.c.i.embedder.EclipseLogger - Copying 3 resources
2026-08-31 16:35:16,583 [Worker-221: Building workspace] WARN  o.e.m.c.i.embedder.EclipseLogger - Using platform encoding (MS949 actually) to copy filtered resources, i.e. build is platform dependent!
2026-08-31 16:35:16,584 [Worker-221: Building workspace] INFO  o.e.m.c.i.embedder.EclipseLogger - Copying 0 resource
2026-08-31 16:35:19,850 [Worker-224: Building workspace] WARN  o.e.m.c.i.embedder.EclipseLogger - Using platform encoding (MS949 actually) to copy filtered resources, i.e. build is platform dependent!
2026-08-31 16:35:19,852 [Worker-224: Building workspace] INFO  o.e.m.c.i.embedder.EclipseLogger - Copying 3 resources
2026-08-31 16:35:19,853 [Worker-224: Building workspace] WARN  o.e.m.c.i.embedder.EclipseLogger - Using platform encoding (MS949 actually) to copy filtered resources, i.e. build is platform dependent!
2026-08-31 16:35:19,854 [Worker-224: Building workspace] INFO  o.e.m.c.i.embedder.EclipseLogger - Copying 0 resource
2026-08-31 16:35:26,093 [Worker-223: Building workspace] WARN  o.e.m.c.i.embedder.EclipseLogger - Using platform encoding (MS949 actually) to copy filtered resources, i.e. build is platform dependent!
2026-08-31 16:35:26,095 [Worker-223: Building workspace] INFO  o.e.m.c.i.embedder.EclipseLogger - Copying 3 resources
2026-08-31 16:35:26,096 [Worker-223: Building workspace] WARN  o.e.m.c.i.embedder.EclipseLogger - Using platform encoding (MS949 actually) to copy filtered resources, i.e. build is platform dependent!
2026-08-31 16:35:26,096 [Worker-223: Building workspace] INFO  o.e.m.c.i.embedder.EclipseLogger - Copying 0 resource
2026-08-31 16:35:31,243 [Worker-219: Building workspace] WARN  o.e.m.c.i.embedder.EclipseLogger - Using platform encoding (MS949 actually) to copy filtered resources, i.e. build is platform dependent!
2026-08-31 16:35:31,245 [Worker-219: Building workspace] INFO  o.e.m.c.i.embedder.EclipseLogger - Copying 3 resources
2026-08-31 16:35:31,246 [Worker-219: Building workspace] WARN  o.e.m.c.i.embedder.EclipseLogger - Using platform encoding (MS949 actually) to copy filtered resources, i.e. build is platform dependent!
2026-08-31 16:35:31,247 [Worker-219: Building workspace] INFO  o.e.m.c.i.embedder.EclipseLogger - Copying 0 resource
2026-08-31 16:35:52,317 [Worker-226: Building workspace] WARN  o.e.m.c.i.embedder.EclipseLogger - Using platform encoding (MS949 actually) to copy filtered resources, i.e. build is platform dependent!
2026-08-31 16:35:52,319 [Worker-226: Building workspace] INFO  o.e.m.c.i.embedder.EclipseLogger - Copying 3 resources
2026-08-31 16:35:52,320 [Worker-226: Building workspace] WARN  o.e.m.c.i.embedder.EclipseLogger - Using platform encoding (MS949 actually) to copy filtered resources, i.e. build is platform dependent!
2026-08-31 16:35:52,321 [Worker-226: Building workspace] INFO  o.e.m.c.i.embedder.EclipseLogger - Copying 0 resource
2026-08-31 16:36:13,453 [Worker-221: Building workspace] WARN  o.e.m.c.i.embedder.EclipseLogger - Using platform encoding (MS949 actually) to copy filtered resources, i.e. build is platform dependent!
2026-08-31 16:36:13,457 [Worker-221: Building workspace] INFO  o.e.m.c.i.embedder.EclipseLogger - Copying 3 resources
2026-08-31 16:36:13,458 [Worker-221: Building workspace] WARN  o.e.m.c.i.embedder.EclipseLogger - Using platform encoding (MS949 actually) to copy filtered resources, i.e. build is platform dependent!
2026-08-31 16:36:13,459 [Worker-221: Building workspace] INFO  o.e.m.c.i.embedder.EclipseLogger - Copying 0 resource
2026-08-31 16:36:25,591 [Worker-219: Building workspace] WARN  o.e.m.c.i.embedder.EclipseLogger - Using platform encoding (MS949 actually) to copy filtered resources, i.e. build is platform dependent!
2026-08-31 16:36:25,592 [Worker-219: Building workspace] INFO  o.e.m.c.i.embedder.EclipseLogger - Copying 3 resources
2026-08-31 16:36:25,593 [Worker-219: Building workspace] WARN  o.e.m.c.i.embedder.EclipseLogger - Using platform encoding (MS949 actually) to copy filtered resources, i.e. build is platform dependent!
2026-08-31 16:36:25,594 [Worker-219: Building workspace] INFO  o.e.m.c.i.embedder.EclipseLogger - Copying 0 resource
2026-08-31 16:36:36,014 [Worker-218: Building workspace] WARN  o.e.m.c.i.embedder.EclipseLogger - Using platform encoding (MS949 actually) to copy filtered resources, i.e. build is platform dependent!
2026-08-31 16:36:36,016 [Worker-218: Building workspace] INFO  o.e.m.c.i.embedder.EclipseLogger - Copying 3 resources
2026-08-31 16:36:36,017 [Worker-218: Building workspace] WARN  o.e.m.c.i.embedder.EclipseLogger - Using platform encoding (MS949 actually) to copy filtered resources, i.e. build is platform dependent!
2026-08-31 16:36:36,018 [Worker-218: Building workspace] INFO  o.e.m.c.i.embedder.EclipseLogger - Copying 0 resource
2026-08-31 16:37:04,297 [Worker-219: Building workspace] WARN  o.e.m.c.i.embedder.EclipseLogger - Using platform encoding (MS949 actually) to copy filtered resources, i.e. build is platform dependent!
2026-08-31 16:37:04,299 [Worker-219: Building workspace] INFO  o.e.m.c.i.embedder.EclipseLogger - Copying 3 resources
2026-08-31 16:37:04,300 [Worker-219: Building workspace] WARN  o.e.m.c.i.embedder.EclipseLogger - Using platform encoding (MS949 actually) to copy filtered resources, i.e. build is platform dependent!
2026-08-31 16:37:04,301 [Worker-219: Building workspace] INFO  o.e.m.c.i.embedder.EclipseLogger - Copying 0 resource
2026-08-31 16:37:06,475 [Worker-220: Building workspace] WARN  o.e.m.c.i.embedder.EclipseLogger - Using platform encoding (MS949 actually) to copy filtered resources, i.e. build is platform dependent!
2026-08-31 16:37:06,478 [Worker-220: Building workspace] INFO  o.e.m.c.i.embedder.EclipseLogger - Copying 3 resources
2026-08-31 16:37:06,479 [Worker-220: Building workspace] WARN  o.e.m.c.i.embedder.EclipseLogger - Using platform encoding (MS949 actually) to copy filtered resources, i.e. build is platform dependent!
2026-08-31 16:37:06,480 [Worker-220: Building workspace] INFO  o.e.m.c.i.embedder.EclipseLogger - Copying 0 resource
2026-08-31 16:37:57,992 [Worker-218: Building workspace] WARN  o.e.m.c.i.embedder.EclipseLogger - Using platform encoding (MS949 actually) to copy filtered resources, i.e. build is platform dependent!
2026-08-31 16:37:57,993 [Worker-218: Building workspace] INFO  o.e.m.c.i.embedder.EclipseLogger - Copying 0 resource
2026-08-31 16:37:57,993 [Worker-218: Building workspace] WARN  o.e.m.c.i.embedder.EclipseLogger - Using platform encoding (MS949 actually) to copy filtered resources, i.e. build is platform dependent!
2026-08-31 16:37:57,994 [Worker-218: Building workspace] INFO  o.e.m.c.i.embedder.EclipseLogger - Copying 0 resource
2026-08-31 16:38:08,033 [Worker-221: Building workspace] WARN  o.e.m.c.i.embedder.EclipseLogger - Using platform encoding (MS949 actually) to copy filtered resources, i.e. build is platform dependent!
2026-08-31 16:38:08,034 [Worker-221: Building workspace] INFO  o.e.m.c.i.embedder.EclipseLogger - Copying 0 resource
2026-08-31 16:38:08,035 [Worker-221: Building workspace] WARN  o.e.m.c.i.embedder.EclipseLogger - Using platform encoding (MS949 actually) to copy filtered resources, i.e. build is platform dependent!
2026-08-31 16:38:08,036 [Worker-221: Building workspace] INFO  o.e.m.c.i.embedder.EclipseLogger - Copying 0 resource
2026-08-31 16:39:50,626 [Worker-225: Building workspace] WARN  o.e.m.c.i.embedder.EclipseLogger - Using platform encoding (MS949 actually) to copy filtered resources, i.e. build is platform dependent!
2026-08-31 16:39:50,627 [Worker-225: Building workspace] INFO  o.e.m.c.i.embedder.EclipseLogger - Copying 0 resource
2026-08-31 16:39:50,628 [Worker-225: Building workspace] WARN  o.e.m.c.i.embedder.EclipseLogger - Using platform encoding (MS949 actually) to copy filtered resources, i.e. build is platform dependent!
2026-08-31 16:39:50,630 [Worker-225: Building workspace] INFO  o.e.m.c.i.embedder.EclipseLogger - Copying 0 resource
2026-08-31 16:39:54,283 [Worker-225: Building workspace] WARN  o.e.m.c.i.embedder.EclipseLogger - Using platform encoding (MS949 actually) to copy filtered resources, i.e. build is platform dependent!
2026-08-31 16:39:54,284 [Worker-225: Building workspace] INFO  o.e.m.c.i.embedder.EclipseLogger - Copying 0 resource
2026-08-31 16:39:54,284 [Worker-225: Building workspace] WARN  o.e.m.c.i.embedder.EclipseLogger - Using platform encoding (MS949 actually) to copy filtered resources, i.e. build is platform dependent!
2026-08-31 16:39:54,285 [Worker-225: Building workspace] INFO  o.e.m.c.i.embedder.EclipseLogger - Copying 0 resource
2026-08-31 16:40:53,182 [Worker-225: Building workspace] WARN  o.e.m.c.i.embedder.EclipseLogger - Using platform encoding (MS949 actually) to copy filtered resources, i.e. build is platform dependent!
2026-08-31 16:40:53,183 [Worker-225: Building workspace] INFO  o.e.m.c.i.embedder.EclipseLogger - Copying 0 resource
2026-08-31 16:40:53,184 [Worker-225: Building workspace] WARN  o.e.m.c.i.embedder.EclipseLogger - Using platform encoding (MS949 actually) to copy filtered resources, i.e. build is platform dependent!
2026-08-31 16:40:53,186 [Worker-225: Building workspace] INFO  o.e.m.c.i.embedder.EclipseLogger - Copying 0 resource
2026-08-31 16:40:58,701 [Worker-221: Building workspace] WARN  o.e.m.c.i.embedder.EclipseLogger - Using platform encoding (MS949 actually) to copy filtered resources, i.e. build is platform dependent!
2026-08-31 16:40:58,703 [Worker-221: Building workspace] INFO  o.e.m.c.i.embedder.EclipseLogger - Copying 0 resource
2026-08-31 16:40:58,704 [Worker-221: Building workspace] WARN  o.e.m.c.i.embedder.EclipseLogger - Using platform encoding (MS949 actually) to copy filtered resources, i.e. build is platform dependent!
2026-08-31 16:40:58,706 [Worker-221: Building workspace] INFO  o.e.m.c.i.embedder.EclipseLogger - Copying 0 resource
2026-08-31 16:42:16,912 [Worker-226: Building workspace] WARN  o.e.m.c.i.embedder.EclipseLogger - Using platform encoding (MS949 actually) to copy filtered resources, i.e. build is platform dependent!
2026-08-31 16:42:16,912 [Worker-226: Building workspace] INFO  o.e.m.c.i.embedder.EclipseLogger - Copying 0 resource
2026-08-31 16:42:16,913 [Worker-226: Building workspace] WARN  o.e.m.c.i.embedder.EclipseLogger - Using platform encoding (MS949 actually) to copy filtered resources, i.e. build is platform dependent!
2026-08-31 16:42:16,914 [Worker-226: Building workspace] INFO  o.e.m.c.i.embedder.EclipseLogger - Copying 0 resource
2026-08-31 16:42:43,458 [Worker-218: Building workspace] WARN  o.e.m.c.i.embedder.EclipseLogger - Using platform encoding (MS949 actually) to copy filtered resources, i.e. build is platform dependent!
2026-08-31 16:42:43,460 [Worker-218: Building workspace] INFO  o.e.m.c.i.embedder.EclipseLogger - Copying 0 resource
2026-08-31 16:42:43,461 [Worker-218: Building workspace] WARN  o.e.m.c.i.embedder.EclipseLogger - Using platform encoding (MS949 actually) to copy filtered resources, i.e. build is platform dependent!
2026-08-31 16:42:43,462 [Worker-218: Building workspace] INFO  o.e.m.c.i.embedder.EclipseLogger - Copying 0 resource
2026-08-31 16:42:45,806 [Worker-220: Building workspace] WARN  o.e.m.c.i.embedder.EclipseLogger - Using platform encoding (MS949 actually) to copy filtered resources, i.e. build is platform dependent!
2026-08-31 16:42:45,806 [Worker-220: Building workspace] INFO  o.e.m.c.i.embedder.EclipseLogger - Copying 0 resource
2026-08-31 16:42:45,807 [Worker-220: Building workspace] WARN  o.e.m.c.i.embedder.EclipseLogger - Using platform encoding (MS949 actually) to copy filtered resources, i.e. build is platform dependent!
2026-08-31 16:42:45,808 [Worker-220: Building workspace] INFO  o.e.m.c.i.embedder.EclipseLogger - Copying 0 resource
2026-08-31 16:44:31,346 [Worker-225: Building workspace] WARN  o.e.m.c.i.embedder.EclipseLogger - Using platform encoding (MS949 actually) to copy filtered resources, i.e. build is platform dependent!
2026-08-31 16:44:31,348 [Worker-225: Building workspace] INFO  o.e.m.c.i.embedder.EclipseLogger - Copying 0 resource
2026-08-31 16:44:31,350 [Worker-225: Building workspace] WARN  o.e.m.c.i.embedder.EclipseLogger - Using platform encoding (MS949 actually) to copy filtered resources, i.e. build is platform dependent!
2026-08-31 16:44:31,352 [Worker-225: Building workspace] INFO  o.e.m.c.i.embedder.EclipseLogger - Copying 0 resource
2026-08-31 16:47:33,562 [Worker-219: Building workspace] WARN  o.e.m.c.i.embedder.EclipseLogger - Using platform encoding (MS949 actually) to copy filtered resources, i.e. build is platform dependent!
2026-08-31 16:47:33,562 [Worker-219: Building workspace] INFO  o.e.m.c.i.embedder.EclipseLogger - Copying 0 resource
2026-08-31 16:47:33,563 [Worker-219: Building workspace] WARN  o.e.m.c.i.embedder.EclipseLogger - Using platform encoding (MS949 actually) to copy filtered resources, i.e. build is platform dependent!
2026-08-31 16:47:33,564 [Worker-219: Building workspace] INFO  o.e.m.c.i.embedder.EclipseLogger - Copying 0 resource
2026-08-31 16:48:10,965 [Worker-225: Building workspace] WARN  o.e.m.c.i.embedder.EclipseLogger - Using platform encoding (MS949 actually) to copy filtered resources, i.e. build is platform dependent!
2026-08-31 16:48:10,968 [Worker-225: Building workspace] INFO  o.e.m.c.i.embedder.EclipseLogger - Copying 0 resource
2026-08-31 16:48:10,970 [Worker-225: Building workspace] WARN  o.e.m.c.i.embedder.EclipseLogger - Using platform encoding (MS949 actually) to copy filtered resources, i.e. build is platform dependent!
2026-08-31 16:48:10,972 [Worker-225: Building workspace] INFO  o.e.m.c.i.embedder.EclipseLogger - Copying 0 resource
2026-08-31 16:49:27,477 [Worker-209: Building workspace] WARN  o.e.m.c.i.embedder.EclipseLogger - Using platform encoding (MS949 actually) to copy filtered resources, i.e. build is platform dependent!
2026-08-31 16:49:27,478 [Worker-209: Building workspace] INFO  o.e.m.c.i.embedder.EclipseLogger - Copying 0 resource
2026-08-31 16:49:27,479 [Worker-209: Building workspace] WARN  o.e.m.c.i.embedder.EclipseLogger - Using platform encoding (MS949 actually) to copy filtered resources, i.e. build is platform dependent!
2026-08-31 16:49:27,480 [Worker-209: Building workspace] INFO  o.e.m.c.i.embedder.EclipseLogger - Copying 0 resource
